:1000000000000000000000000004000000008775F0
:10001000000100000000000000FC030000008779E0
:100020000002000000E30100003D000000008756D0
:1000300000110000000400000020000000008744C0
:10004000000300000024000000AA0100000087A7B0
:100050000106000000CE0100001500000000878EA0
:100060000006000000E30100001500000000877A90
:100070000007000000F80100000400000000877580
:10008000000A000000040200001000000000875970
:100090000004000000140200000C00000000875360
:1000A000000F000000E00300001000000000877750
:1000B0000009000000F00300000500000000877840
:1000C000000E0000FCFB0300040000000000876D30
:1000D0000000001002140200020000000000874F20
:1000E0000001001005140200020000000000874B10
:1000F0000002001007140200010000000000874900
:1001000000030010441402000C00000000008700EF
:100110000006001000150200020000000000874ADF
:1001200000010030000000000000000000008748CF
:1001300000000000000000000000000000000000BF
:1001400000000000000000000000000000000000AF
:10015000000000000000000000000000000000009F
:10016000000000000000000000000000000000008F
:10017000000000000000000000000000000000007F
:10018000000000000000000000000000000000006F
:10019000000000000000000000000000000000005F
:1001A000000000000000000000000000000000004F
:1001B000000000000000000000000000000000003F
:1001C000000000000000000000000000000000002F
:1001D000000000000000000000000000000000001F
:1001E000000000000000000000000000000000000F
:1001F00000000000000000000000000000000000FF
:1002000000000000000000000000000000000000EE
:1002100000000000000000000000000000000000DE
:1002200000000000000000000000000000000000CE
:1002300000000000000000000000000000000000BE
:1002400000000000000000000000000000000000AE
:10025000000000000000000000000000000000009E
:10026000000000000000000000000000000000008E
:10027000000000000000000000000000000000007E
:10028000000000000000000000000000000000006E
:10029000000000000000000000000000000000005E
:1002A000000000000000000000000000000000004E
:1002B00044645F696E697469616C5F6C6F6E6768D6
:1002C000000000000000000000000000000000002E
:1002D000000000000000000000000000000000001E
:1002E000000000000000000000000000000000000E
:1002F00000000000000000000000000000000000FE
:1003000000000000000000000000000000000000ED
:1003100000000000000000000000000000000000DD
:1003200000000000000000000000000000000000CD
:1003300000000000000000000000000000000000BD
:1003400000000000000000000000000000000000AD
:10035000000000000000000000000000000000009D
:10036000000000000000000000000000000000008D
:10037000524F4D2056322E312E312E323000000099
:10038000000000000000000000000000000000006D
:100390006D6170636F64653A7632000000000000A2
:1003A00043686B2D546C3A312E302E322E3336008A
:1003B000487844533A0000000000000000000000AC
:1003C000750231162C5E11093D4076CCE0AB0FFB77
:1003D000485838333132312D410000000000000010
:1003E000202108191046080000000000000000004D
:1003F0004000850000000000000000000000000038
:10040000480001A0480000304800002E4800002CA1
:100410004800002A48000049480000694800008957
:10042000480000AA480000E04800013F480001429F
:100430004800014548000148480001324800014990
:100440006403002064030020640300202C66012064
:100450003066012034660120386601203C660120A8
:1004600040660120D5003A0F943C3AFFEFBC422E83
:1004700080203A2F883C640200026412A4026422A5
:1004800004023A0F883C9E026402000364000008E4
:10049000805FEFFC43FF8809B65F46F2000058F723
:1004A00083644A003C00D5003A0F943C3AFFEFBC0D
:1004B000422E80203A2F883C640200026412A4027B
:1004C000642204023A0F883C9E0264020003640026
:1004D0000008805FEFFC43FF8809B65F840546F2A1
:1004E000000058F783644A003C00D5003A0F943C62
:1004F0003AFFEFBC422E80203A2F883C6402000273
:100500006412A402642204023A0F883C9E02640230
:10051000000364000008805FEFFC43FF8809B65FBA
:10052000840646F2000058F783644A003C00D50078
:100530003A0F943C3AFFEFBC422E80203A2F883C81
:10054000640200026412A402642204023A0F883C8E
:100550009E026402000364000008805FEFFC43FF1A
:100560008809B65F4400000746F2000058F783642C
:100570004A003C003A1FA43C3AFFEFBC426E802088
:100580003A6F983C646200026472A4029DFC64822B
:1005900004023A6FA03C9FB264620003640000084A
:1005A00080DFEFFC43FF8809146F800046F20000F3
:1005B00058F783644BE03C0105FF80003A6FA004CC
:1005C00064620003640000086472A403648204038C
:1005D0003A6F9804426E80213AFFEF843A1FA404D8
:1005E000640000043A0F943C3AFFEFBC422E802096
:1005F0003A2F883C805FEFFC43FF8809142F80006E
:1006000044000000461200165810862C4BE00401EE
:1006100005FF80003A2F8804422E80213AFFEF84A4
:100620003A0F9404640000043A1F943C3AFFEFBC74
:10063000422E80203A2F883C641200026422A402D9
:10064000643204023A1F8C3C9E4A64120003805FAD
:10065000EFFC43FF8809B65F461200005810804C3B
:10066000381082024BE0040105FF80003A0F880435
:100670006402004364000008640200036412A403DF
:10068000642204033A2F8804422E80213AFFEF842B
:100690003A1F94043A0F8004640000043A0F803C2F
:1006A00044000005D5C23A0F803C44000001D5BD8E
:1006B0003A0F803C44000002D5B83A0F803C440019
:1006C0000003D5B33A0F803C44000004D5AE3A0F86
:1006D000943C3AFFEFBC422E80203A2F883C6402C3
:1006E00000026412A402642204023A0F883C9E02B3
:1006F0006402000364000008805FEFFC43FF880988
:10070000B65F840F4612000058108364DD2105FF98
:1007100080003A0F88046402000364000008641239
:10072000A403642204033A2F8804422E80213AFF56
:10073000EF843A0F94046400000492004000000922
:1007400047D2001B59DE84988400420E00213FC826
:1007500000003FF84B68490000274900001D490090
:10076000AF1DD500D50092004602000064022403AC
:100770006400000864000009460500008C01640460
:10078000E0036402000266000006640200036400E5
:100790000008DD9E3A6F98BC49FFFFE83A6F9884E5
:1007A00048000426DD9E920046190020A00D42005C
:1007B0006C0BC022460900000410003D4638008042
:1007C0008C301410003D0011800846290088581014
:1007D000800110118008001100A4C16D001100B04B
:1007E0009648C909463013140451002150318987B5
:1007F0004C328073DD9EA00C4200600BC01F460986
:1008000000000410003D46280040501080201410C5
:10081000003D001100084639008858108001101171
:100820000008001180A8C9E70410003D8C211410B5
:10083000003D8401100180A8DD9EA00C4619000037
:100840004200300BC042EFF80400803D46280050C3
:10085000500000301400803DB402F0814609008849
:10086000003000A04E33000A463198710450002039
:10087000503189874C5183AE46190088000080AC06
:100880009600C8094620131404508020502109877F
:100890004C51025F460900000410003D8C231410E7
:1008A000003D46180050A04E1410003F51FF800834
:1008B0004A0078200410003D8C211410003D840172
:1008C000100100A44A0078200400803D5000004040
:1008D0001400803DDD9E8461103100B00500003DB4
:1008E0003F1E4B683E4E6B6B8A9146380070445FEA
:1008F000FF80462C00508D8290821500003D1440F0
:10090000003C1051805815110008105180581411E6
:1009100000090410003C46000990880110518058DD
:100920001401000A10518058B4023F1E6B689604EF
:100930008251C80D50318058444FFF808022920070
:1009400040000009AF18B4019604C0FB84004619AA
:1009500000001400803E46380070440FFF80462C93
:10096000005010018058B4829724C41546414ADCD7
:10097000510080FC504209C450318058445FFF80D0
:100980000400803E8C011400803EB690AF58B40243
:100990009604C8F746180070442FFF801020805836
:1009A000460C0050A106463900001441803F10203B
:1009B0008058A006C006842046090088101000B0A8
:1009C000464900000452003D3E08156B8A12900211
:1009D0008CA11452003D462800701402003C443F94
:1009E000FF80461C0050840010310058151080080C
:1009F00010310058140080090442003C4600099060
:100A00008804103100581400800A10310058B401D5
:100A10003F0815689604825050210058443FFF80DB
:100A20004E03000840000009AED0B4019604C0FB9C
:100A30008400461900001400803E46380070440FC0
:100A4000FF80462C005010018058B4829724C415B2
:100A500046414ADC511080FC504209C45031805854
:100A6000445FFF800400803E8C011400803EB691FC
:100A7000AF58B4029604C8F746180070442FFF80A0
:100A800010208058460C0050A10646390000144141
:100A9000803F10208058A006C006842046090088A8
:100AA000101000B0464900000452003D3E082A6B79
:100AB0008A1290028CA11452003D46280070140244
:100AC000003C443FFF80461C005084001031005819
:100AD0001500800810310058140080090442003CC1
:100AE000460009908804103100581400800A103123
:100AF0000058B4013F082A689604825050210058DB
:100B0000443FFF804E03000840000009AED0B4010E
:100B10009604C0FB8400461900001400803E46384D
:100B20000070440FFF80462C005010018058B482A2
:100B30009724C41546414ADC511080FC504209C438
:100B400050318058445FFF800400803E8C011400C7
:100B5000803EB691AF58B4029604C8F746180070AC
:100B6000442FFF8010208058460C0050A1064639C3
:100B700000001441803F10208058A006C006842049
:100B800046090088101000B0464900000452003D9C
:100B90003E083F6B8A1290028CA11452003D4628F9
:100BA00000701402003C443FFF80461C005084004B
:100BB00010310058150080081031005814008009C9
:100BC0000442003C4600099088041031005814008B
:100BD000800A10310058B4013F083F6896048250E3
:100BE00050210058443FFF804E0300084000000998
:100BF000AED0B4019604C0FB840046190000140076
:100C0000803E46380070440FFF80462C0050100193
:100C10008058B4829724C41546414ADC511080FCA8
:100C2000504209C450318058445FFF800400803E28
:100C30008C011400803EB691AF58B4029604C8F7F8
:100C400046180070442FFF8010208058460C00503A
:100C5000A106463900001441803F10208058A006AC
:100C6000C006842046090088101000B046490000E4
:100C70000452003D3E08436B8A1290028CA114522C
:100C8000003D462800701402003C443FFF80461C93
:100C900000508400103100581500800810310058B1
:100CA000140080090442003C460009908804103179
:100CB00000581400800A10310058B4015021005827
:100CC0009604443FFF80C80740000009AED0B4013D
:100CD0009604C0FB8400461900001400803E46388C
:100CE0000070440FFF80462C005010018058B40261
:100CF0009604C01546414ADC510080FC504209C4AC
:100D000050318058445FFF800400803E8C01140005
:100D1000803EB690AF58B4029604C8F746180070EB
:100D2000442FFF8010208058460C0050A106463901
:100D300000001441803F10208058A006C008842085
:100D400046090088101000B0DD9E9200DD9E8441AF
:100D5000102080AC463900000441803D3E5E6B6847
:100D60003E28156B8A454618005090428C821441EB
:100D7000803D1421803C1450800814008009042117
:100D8000803C4600099088021400800AB4413F0864
:100D90001568969480B0CA0740000009B401960413
:100DA0004E02FFFC4619000084001400803E4628D5
:100DB0000050B46296DCC31146313ADC504080FCEE
:100DC000503189C40400803E8C011400803EB6641A
:100DD000B40296044E03FFF846180050A08E460950
:100DE00000001420003FA00EC006842046090088A1
:100DF000101000AC462900000431003D3E082A6B6B
:100E00008A0590028C611431003D4618005014018F
:100E1000003C840015008008140080090421003C77
:100E20004600099088021400800AB4413F082A68ED
:100E3000969480B04E23000840000009B401960447
:100E40004E02FFFC4619000084001400803E462834
:100E50000050B46296DCC31146313ADC504080FC4D
:100E6000503189C40400803E8C011400803EB66479
:100E7000B40296044E03FFF846180050A08E4609AF
:100E800000001420003FA00EC00684204609008800
:100E9000101000AC462900000431003D3E083F6BB5
:100EA0008A0590028C611431003D461800501401EF
:100EB000003C840015008008140080090421003CD7
:100EC0004600099088021400800AB4413F083F6838
:100ED000969480B04E23000840000009B4019604A7
:100EE0004E02FFFC4619000084001400803E462894
:100EF0000050B46296DCC31146313ADC504080FCAD
:100F0000503189C40400803E8C011400803EB664D8
:100F1000B40296044E03FFF846180050A08E46090E
:100F200000001420003FA00EC0068420460900885F
:100F3000101000AC462900000431003D3E08436B10
:100F40008A0590028C611431003D4618005014014E
:100F5000003C840015008008140080090421003C36
:100F60004600099088021400800AD5034000000959
:100F7000B4019604C0FC8400461900001400803EB1
:100F800046280050B40296044E02001246313ADC64
:100F9000504080FC503189C40400803E8C01140014
:100FA000803EB664B40296044E03FFF84608005033
:100FB000A086461900001420803FA0064E02FC784F
:100FC000842046090088101000ACEC0848FFFC7231
:100FD0000430803D8C611430803DA0961420803F09
:100FE0008421101000A0EC0848FFFC643A6FBABCE2
:100FF000EFCC46190000460020001400803D02009E
:1010000080769208960FC8131400803E00008080FE
:101010004200040B4E03000C0400803E8C011400BF
:10102000803E00008080960E4E02FFF846190000B8
:10103000440000DA12008016460020101400803DA3
:101040006404000258000004640400036405000204
:101050006405000364000009640000080200807653
:101060009208960F4E03020A477020201570803DAB
:1010700046280070860A4768027086EE1101000853
:10108000117B00081101000C110B000C47002030EF
:101090001500803D445FFF904560AC53470C00084D
:1010A000463CC66510510058503185001568000354
:1010B00046402040475C0000452000DD451000A56B
:1010C00045400030473C00EB456FAC5347090008F2
:1010D000136800061440803D10510058152A8027DF
:1010E00010510058151A80A011410058B6731141D3
:1010F0000058B453504201001420803F1440803DFA
:101100001320804E1310814002208140464300EBA3
:1011100096911420803FB664463020501430803DB4
:10112000442003E81400803E0400803E8E418C0180
:101130001400803ECAFA1420803E46080070441F06
:10114000FF90462C0000101000580411003A967EC3
:10115000C1124619000050300058444FFF909200D1
:101160000400803E8C011400803EAF180401003A58
:10117000963EC8F7461900008400D5050400803E5D
:10118000500000011400803E0400803A963EC8F7EB
:1011900046890000460020601404003D8421460872
:1011A00000001410001084604600208010340200FB
:1011B000462800801404003D000100084618004045
:1011C00058000001100100080000800846D03010CF
:1011D000580000011000800846080050B400F08953
:1011E00046090020A04146900C304210EC08A8416E
:1011F000B4404619008842216008B640B48084405B
:1012000058421000144000000440000A44A3E000CB
:1012100042426C081440000A0440000950B400F433
:1012200042426008144000090440000950C6810091
:101230005842100014400009460030001404003DDC
:1012400058948400103080A0103080A4103080A802
:101250001420802014208021142080221420802437
:101260001420802514D4003D1424003E0404003EC4
:10127000466900888C011404003E14C580000403F4
:10128000002246780050E6045016820050E30088A1
:10129000E906842046090008AC46D5E9460100016C
:1012A000B62B14A38008140380091493800A40000D
:1012B0000009640000004000000949FFFA77A03EE1
:1012C0004E0200E046010ADD50000EAD1404003F5E
:1012D000040300228C0114030022D5C946105000DB
:1012E000B62C46280070840D4618027010010008C4
:1012F0001000800846005010B60CB40C461300B124
:101300008C01B60CA609443000305400008F103117
:10131000005858000010462C00B1AE11AE09B40CB4
:10132000461900988C01B60C460300CB0000040B54
:101330000010871096005A18080792025400000700
:101340005A00013646180070442FFF908400463C36
:101350000000102080581401801D46390000120141
:10136000803A470300CB0008040B452000305400AE
:1013700000E311208058471C00985800000484A8FE
:10138000848146390098472C00CB1009040B1020AB
:101390008058145881C410208058144881C2100805
:1013A000040B105187101041870892004609000075
:1013B0000410003D443FFF908C211410003D46185E
:1013C000007010308058844F461C00001420802983
:1013D000102000A48400D50540000009F00B8C010A
:1013E000F08BF00B5CF00096E9F846090000044031
:1013F000003D462800708C811440003D443FFF9022
:10140000461C000044500100464060001031005866
:101410001450801D1250003A1440003D444000EC2E
:1014200010310058144080121031005804308012DE
:101430001430003F461900208440463060101430BC
:10144000003DB641A889142080091420800A461066
:1014500060201410003D640400025800000464047D
:1014600000036405000258000001640500036400E5
:101470000009640000089200EC343A6FBA84DD9EE3
:101480003E1E4B683E4E6B6B8A813FCE6B683E388A
:10149000156B47003020B78B3E181568B60E8A7C56
:1014A0004002080A3E282A6B8A413E582A683E18A4
:1014B0003F6BF0864001880A8A253E683F683E58A7
:1014C000436BF0824001080A8AA6F0834000880A34
:1014D000F0844002880AF08546013ADC50E009C4F5
:1014E00046014ADC50D009C4462900880401002482
:1014F0005A00011846090000478030301580003D31
:10150000041100225CF080044EF300FC4609000840
:1015100012F0000646290088040100245A0801EC54
:101520003E08436B3E1E6B689A41902246A003C062
:101530004648007044500030443001008941461C48
:1015400000D710520058840014308200461C00EB73
:10155000105200583E68436BB6013E7E4B684613FE
:1015600000D71430820040931C0146801314466952
:101570000000461300EB46BDEACDB60191221001F2
:1015800000AC50C300F4100100B0467040001401DC
:101590000020508409871401002150B58EAD14013C
:1015A0000022B6EC4609008804000022E604E905A2
:1015B000842046090008AC4646090088001000ACAB
:1015C000C91404100022E624E81046204010B64C4E
:1015D00046180050148000204400240014008008A5
:1015E00015C0800914A0800A462900880401002241
:1015F000E604E84B840046304020B66C4618008074
:1016000014010021442080001400804114208040F7
:101610001403003EA00E503300FC4200400B442156
:101620000000C80B0403003E8C011403003EB763A6
:10163000A00EFE164E02FFF846080080441100007E
:10164000A8444610402058108100B62C4619008846
:1016500014808021FA504618007010208068842180
:101660001010002444100000141000414612000025
:101670001490004514100042461C00001410004352
:10168000441212011410004046D90088000680ACB4
:10169000C80604068022E6044EF3044646D90088B4
:1016A00004068022E6044EF2FF7E46004060B60C3F
:1016B000400000096400000040000009460040703E
:1016C0001406000049FFF87246004080140600002E
:1016D000000680B05A08010448FFFE0246014ADDB8
:1016E00050000EAD1403003F44000000140680219A
:1016F000040680228C011406802248FFFF549200C9
:10170000503C010046A198711430003D461800502D
:1017100046C100014634000050A5098714A10020ED
:1017200014C080081430800946300C3058318400D1
:101730001430800A461D000058108800F1814611BF
:101740001ADD4760131450108EAD4770099051ECAC
:1017500002004648007050F60800516B0987F18777
:1017600004110025466900885A1001120411002254
:101770005C108004C93A4619000884601230800663
:1017800004110025466900885A1801F246790000C4
:10179000460030401403803D84001403803ED50F82
:1017A0000403803E500000011403803E4000000905
:1017B000640000004000000949FFF7F8000300A0A2
:1017C0005A0801F046103050460900001410003D40
:1017D00046180050A04E4E1303C7842146090088C6
:1017E0001410002448FFFE8247280080475800401C
:1017F00084604470020044900040850144621201FC
:10180000505C0300461C000046B8027015E0003D25
:1018100010920068108900241439004114790045A1
:1018200014C9004214190043146900401450003DCB
:101830001095806C108A8024143A8041147A804577
:10184000F70114FA804247090020147A8043474088
:101850008000146A80404790100047180050453FB0
:10186000FF80461C0050445FFF801430003E920011
:10187000003100A45A380108003100A85A38010488
:10188000480001FA0430003E8C611430003E4000F4
:1018900000096400000040000009043800054031E0
:1018A000D0024E32018F0430003D8C701430003D68
:1018B000003900085831800110390008003100A4B7
:1018C0004E3201C8003100B096D8CBD3046100215C
:1018D0004C6B7FD084C1106100B00470003D506239
:1018E00000588CE21470003DF7061470003C3E7EF8
:1018F0004B681132005814708008113200581430AF
:1019000080090430003C1132005888771430800A76
:1019100011320058D505920040000009AF70B46143
:1019200096DCC3FB84601430003E11320058B46171
:101930005062005896DC507000FCC30D0430003E2D
:101940008C611430003E14D38000AF70B46196DC1B
:101950004E33FFF611320058A0CE1430003F113242
:101960000058A0CEC3048460103100B00430003DA4
:10197000506200588C611430003DF3021430003C7A
:1019800084601132005815C080081132005814309C
:1019900080090430003C1132005888771430800AE6
:1019A00011320058B461D50540000009AF70B46130
:1019B00096DCC3FB84601430003E11320058B461E1
:1019C0005062005896DC507000FCC30D0430003E9D
:1019D0008C611430003E14D38000AF70B46196DC8B
:1019E0004E33FFF611320058A0CE1430003F1132B2
:1019F0000058A0CEC3048460103100B00430003D14
:101A0000506200588C611430003DF3031430003CE8
:101A10003E38156811320058143080088460113245
:101A20000058143080090430003C11320058887787
:101A30001430800A11320058B461D5054000000905
:101A4000AF70B46196DCC3FB84601430003E113289
:101A50000058B4615062005896DC507000FCC30D11
:101A60000430003E8C611430003E14D38000AF700F
:101A7000B46196DC4E33FFF611320058A0CE14301C
:101A8000003F11320058A0CEC3048460103100B072
:101A90000430003D506200588C611430003DF30466
:101AA0001430003C3E382A68113200581430800847
:101AB000846011320058143080090430003C113227
:101AC000005888771430800A11320058B461D50567
:101AD00040000009AF70B46196DCC3FB8460143031
:101AE000003E11320058B4615062005896DC5070CC
:101AF00000FCC30D0430003E8C611430003E14D352
:101B00008000AF70B46196DC4E33FFF6113200589E
:101B1000A0CE1430003F11320058A0CEC304846020
:101B2000103100B00430003D506200588C61143018
:101B3000003DF3051430003C3E383F681132005838
:101B40001430800884601132005814308009043049
:101B5000003C1132005888771430800A1132005846
:101B6000B461D50540000009AF70B46196DCC3FBD9
:101B700084601430003E11320058B4615062005845
:101B800096DC507000FCC30D0430003E8C611430B4
:101B9000003E14D38000AF70B46196DC4E33FFF684
:101BA00011320058A0CE1430003F11320058A0CEA0
:101BB0004E32FE608460103100B048FFFE5B920040
:101BC000043800044031E402C31C0430003D5031AD
:101BD00080201430003D003A800858318001103ACE
:101BE0008008003100A84E33FE450430003D8C6172
:101BF0001430003D44300001103100A848FFFE3A87
:101C00000438000454319000C32E0430003D50319C
:101C100080301430003DB471F38A003100A0CB0550
:101C2000043100204C350172003100AC96D8CB0550
:101C3000046100204C6B008F0430003D5031800364
:101C40001430003D043880061430003F48FFFE1277
:101C50000430003D8C611430003D8461103100A4DB
:101C600048FFFE080430003D503180401430003DF4
:101C700048FFFE00510C04001500003D441FFF808A
:101C8000463C00504704000010120058150180081F
:101C90008600101200581501800947000990505C19
:101CA000050051080400101200581501800A145054
:101CB000003D10120058B42350520058964C450F66
:101CC000FF80C9084000000911028000B423964C2F
:101CD000C1FA84201410003E441FFF80463C00508F
:101CE00010120058B42350520058964C450FFF80F4
:101CF0004E12000C0410003E8C211410003E110204
:101D00008000B423964CC9F7443FFF80501C060066
:101D10001410003D10320058461C0050A14E1450C3
:101D2000003F10320058A04EC9068421141100252E
:101D300048FFFD18F30784201430003F101100A461
:101D4000101100A8041100228C211411002248FF58
:101D5000FD0984C1106100AC0460003D8CC21460B8
:101D6000003DF6021460003C15C880081438800954
:101D70000430003C88771438800AD50340000009FD
:101D8000B47196DCC3FC84601430003EB4715060C2
:101D900000FCD5090430003E8C611430003E14E391
:101DA0000000B47196DCCBF7043880061430003F95
:101DB00004388006C3048460103100AC0430003D58
:101DC0008C611430003DF3031430003C3E3815683C
:101DD000143880088460143880090430003C887707
:101DE0001438800A4800000440000009B47196DCF1
:101DF000C3FC84601430003EB471506000FCD5090F
:101E00000430003E8C611430003E14E30000B471D5
:101E100096DCCBF7043880061430003F0438800687
:101E2000C3048460103100AC0430003D8C61143078
:101E3000003DF3041430003C3E382A681438800812
:101E40008460143880090430003C88771438800A94
:101E50004800000440000009B47196DCC3FC8460B3
:101E60001430003EB471506000FCD5090430003ECF
:101E70008C611430003E14E30000B47196DCCBF7A3
:101E8000043880061430003F04388006C3048460A0
:101E9000103100AC0430003D8C611430003DF3057E
:101EA0001430003C3E383F68143880088460143891
:101EB00080090430003C88771438800A4800000408
:101EC00040000009B47196DCC3FC84601430003E0D
:101ED000B471506000FCD5090430003E8C611430B0
:101EE000003E14E30000B47196DCCBF704388006A2
:101EF0001430003F043880064E32FCBC8460103140
:101F000000AC48FFFCB792000430003D8C611430F7
:101F1000003D043880061430003F8461103100A079
:101F200048FFFCA846004030B60C400000096400A1
:101F300000004000000946004040B60C49FFF4365E
:101F400046004050B60C000680AC96004E03FBA83D
:101F500046113ADD50108EAD1413003F1406802058
:101F600048FFFBC846212ADD50210EAD1420003F5A
:101F7000461900888400100080A0040080228C0193
:101F80001400802248FFFAB20000000000000000A8
:101F90000000000000000000000000000000000041
:101FA0000000000000000000000000000000000031
:101FB0000000000000000000000000000000000021
:101FC0000000000000000000000000000000000011
:101FD0000000000000000000000000000000000001
:101FE00000000000000000000000000000000000F1
:101FF00000000000000000000000000000000000E1
:1020000000000000000000000000000000000000D0
:1020100000000000000000000000000000000000C0
:1020200000000000000000000000000000000000B0
:1020300000000000000000000000000000000000A0
:102040000000000000000000000000000000000090
:102050000000000000000000000000000000000080
:102060000000000000000000000000000000000070
:102070000000000000000000000000000000000060
:102080000000000000000000000000000000000050
:102090000000000000000000000000000000000040
:1020A0000000000000000000000000000000000030
:1020B0000000000000000000000000000000000020
:1020C0000000000000000000000000000000000010
:1020D0000000000000000000000000000000000000
:1020E00000000000000000000000000000000000F0
:1020F00000000000000000000000000000000000E0
:1021000000000000000000000000000000000000CF
:1021100000000000000000000000000000000000BF
:1021200000000000000000000000000000000000AF
:10213000000000000000000000000000000000009F
:10214000000000000000000000000000000000008F
:10215000000000000000000000000000000000007F
:10216000000000000000000000000000000000006F
:10217000000000000000000000000000000000005F
:10218000000000000000000000000000000000004F
:10219000000000000000000000000000000000003F
:1021A000000000000000000000000000000000002F
:1021B000000000000000000000000000000000001F
:1021C000000000000000000000000000000000000F
:1021D00000000000000000000000000000000000FF
:1021E00000000000000000000000000000000000EF
:1021F00000000000000000000000000000000000DF
:1022000000000000000000000000000000000000CE
:1022100000000000000000000000000000000000BE
:1022200000000000000000000000000000000000AE
:10223000000000000000000000000000000000009E
:10224000000000000000000000000000000000008E
:10225000000000000000000000000000000000007E
:10226000000000000000000000000000000000006E
:10227000000000000000000000000000000000005E
:10228000000000000000000000000000000000004E
:10229000000000000000000000000000000000003E
:1022A000000000000000000000000000000000002E
:1022B000000000000000000000000000000000001E
:1022C000000000000000000000000000000000000E
:1022D00000000000000000000000000000000000FE
:1022E00000000000000000000000000000000000EE
:1022F00000000000000000000000000000000000DE
:1023000000000000000000000000000000000000CD
:1023100000000000000000000000000000000000BD
:1023200000000000000000000000000000000000AD
:10233000000000000000000000000000000000009D
:10234000000000000000000000000000000000008D
:10235000000000000000000000000000000000007D
:10236000000000000000000000000000000000006D
:10237000000000000000000000000000000000005D
:10238000000000000000000000000000000000004D
:10239000000000000000000000000000000000003D
:1023A000000000000000000000000000000000002D
:1023B000000000000000000000000000000000001D
:1023C000000000000000000000000000000000000D
:1023D00000000000000000000000000000000000FD
:1023E00000000000000000000000000000000000ED
:1023F000000000000000000000000000AC38254292
:102400003C0DFF088E03E602E9443C1DFF0285E017
:102410004E1300062E07FB315CF000013EF7FB0671
:102420002E17FDB24210880BC102E90B3C1DFF01C3
:1024300084003C0FFF0B5A10020D3E07FAB5DD9EDB
:102440003C0DFF015A08022C440000003C0FFF0B1A
:10245000460500160420029D8420470500085908FF
:10246000015484A344401400383104015000A804EE
:102470003808000142019473900296013801040962
:102480008C224C127FF384033C0FFF01DD9E9200EF
:102490004605000D020000AC48FFFFC03A6F98BC33
:1024A0004900002884003E07FAC684003C0BFDC0AA
:1024B0003A6F9884DD9E92003A6F98BC4605000DF5
:1024C0005800016844100960442000104900463457
:1024D0004605000E5800042C44100960FA404900DB
:1024E000462B84003C0FFF0B3A6F9884DD9E9200D0
:1024F0003A6FA8BC46150016044082A22E37FE1A79
:102500003C2DFF0B2F07FAC92E77FE193C6DFF08F3
:102510002E07FAE58EC396D9881056420001E6C20E
:102520004071901B4460050044300A0040210006C1
:102530004061BC1A80B04E2200DB3C0DFF0B8420B2
:102540003E17FCC04E02020A3C0DFF0B40F0400655
:102550004EF201EA460500160480029D3C0DFF087C
:102560008E01E6044EF302202E07FDEF4900781C91
:10257000509000002E07FDB9490078102E17FE1765
:102580008809505314029569FE0C4615000858102E
:1025900081544635000A58318958808888A18600C0
:1025A00045306D604520DAC08621D50F2E27FAD040
:1025B000C21622218A0088539691E3C28C62410898
:1025C000BC1B8C824C328014A458A4A09A8A9651C9
:1025D000968B42210003E2404EF2FFEA02218A007C
:1025E0008841969312218A0048FFFFE72EF7FB529D
:1025F000E93C2E07FB55C83946050016051002A216
:10260000440005004318802446550015585286544E
:1026100041188013840047550003595A8500462508
:102620000014582102544735000459398E005128AE
:1026300082809200383A8101A52840104400381168
:10264000050188648A611A32800140190000383916
:1026500081010242827F3811050188648A618C0100
:102660001232827F5A0A80E83C0DFF0B4615001695
:102670000420829D500000013C0FFF0B5B00010411
:10268000480001C295714635000B58318D5888A21B
:1026900086009200A5103C0DFF0B221180009603CE
:1026A00040008016880496011A0100011B01800178
:1026B0004C22FFF24EF201B04605001558000654B8
:1026C0004410050044200010490045362E57FAC931
:1026D00044200FA04635001684202E07FAE512216B
:1026E000852B3C1FFF0B3E17FB1188053C1DFF0B84
:1026F000E2204EF300A52E37FB2F2E07FCC02F47FC
:10270000FB028C0146150016413A0C000420829D04
:102710003E07FCC084203C1FFF0B95313E17FB1188
:10272000412384082F17FAE8556980FF4615000BEE
:1027300058108D58888284C0860086A1D518A4D0F0
:102740000210F60040118401E1C15038FFFFE80A91
:102750002E17FAF34C1180F42E17FAF3E1E1406AD8
:10276000BC1B8C4280204C22006F92002200800013
:10277000A4D04000141688039601AC102E37FAD06E
:1027800080011B000001CBEEA4D00270F6008A6726
:102790004E36FFD70210F600A4D08A23D5D6920079
:1027A0002E07FE02490076FA465500125852833829
:1027B00047050013590808544715001259188D3859
:1027C000D50492004C58801C0A4280010A3800014E
:1027D000E2649A638A644011BC1AE001E8F4460599
:1027E0000002000005FC462500025800002084215C
:1027F000100105FC3C1FFF093E17FB233C0DFF08A1
:10280000E602E81D2E07FE80C01A2E17FAB5E22058
:102810004EF2012A2E0FFDB34E0400123C03FDDCE4
:102820003C2DFF29E202E90B3C03FDDD3C2DFF2896
:10283000E202E9058C213E17FAB592003A6FA884AE
:10284000DD9E92002E07FB523F17FAE8C8242E07A0
:10285000FB55C82146050016041002A244000500DD
:10286000FE4446350015583186549649510085007E
:1028700046250014582102542A01800138410501DF
:102880004000141688049601380105095010800193
:102890004C187FF4460500155800065444100500F6
:1028A000442000104900444844000FA0461500167B
:1028B0001200852BCE122E27FB022E07FB2F2E1780
:1028C000FAF38802E001E8092E17FE1842010473AA
:1028D000540000FF3E07FAF33C0DFF089E43E6223A
:1028E0004EF2FF9046050013000008504E02FF5ABA
:1028F0008E0146150013100088504655001458529A
:10290000825446150013581088544605001258008A
:10291000033892003B0044043B00C424D9FC48FF28
:10292000FF8F92003C1DFF0B2E07FAE58C2180B033
:102930003C1FFF0B881048FFFEDB92002E17FAF3B6
:10294000E0334EF2FF0B2E17FE188236431A047343
:10295000551880FF48FFFF074605001600300D128E
:10296000464500168C614605000B58000D58802620
:102970004420001010320D12490043DE46050015B8
:10298000580006544410050044200010490043D468
:102990002F07FAC93C0DFF0B40004006C0C448FF9A
:1029A000FDDB92003EFE7118380782024A000000EB
:1029B000E8250020D4250020C0250020F025002097
:1029C0002E07FDF5490075F0509000002E07FDBE62
:1029D00048FFFDD42E07FDF0490075E65090000039
:1029E0002E07FDBD48FFFDCA2E07FE8248FFFDC031
:1029F0002E07FDF1490075D881202E07FDC948FF3B
:102A0000FDBD92002E57FAC92E07FAE5880548FF4A
:102A1000FE6F92002E07FB554E03FE504605001632
:102A2000041002A244000500FE4446450015584229
:102A30000654964951008500462500145821025439
:102A4000385105013C0DFF0B2A320001960340016D
:102A5000801688059601380105098C214C187FF2F3
:102A600048FFFE2C84013C0FFF0184003E07FAB5AD
:102A700048FFFEE62E07FADDC00E2E17FB012E07DB
:102A8000FDEEE220E80A3C0DFF02C805501080016F
:102A90003E17FB014A0078203EF7FADDDD9E9200EA
:102AA0002E07FAD0DD9E92002E07FCC0DD9E92001C
:102AB0003A6FA8BC2EA7FAD0840084E084C1852A8E
:102AC00085004EA3006D920049009CE249006CCA4B
:102AD000490072703EA7FB1F49004F442E07FAF3CE
:102AE0002E17FAE8400004064E0300F22E07FAF112
:102AF0003E67FAD03E07FAC93E97FAE52E07FAD0AC
:102B0000C0544605000D5800016844100960FA40A1
:102B1000490043124605000E5800042C4410096079
:102B200044200010490043083C0DFF083C8FFF0B78
:102B30003E67FACB441000025C0000023E17FB2FF8
:102B40004E0300DE2E37FAF32E07FB37442003E84E
:102B5000420188732E17FAE69601462500071201F6
:102B600007A88C213E77FB373E17FAE62E07FAF3CB
:102B70008C0196003E07FAF349006C944E03009CCA
:102B8000460500050200068A461500058C01120064
:102B9000868A84012EA7FAD04EA2FF984E02010227
:102BA0003A6FA884DD9E920046050016040002A23A
:102BB0002E27FE1A2F07FB2F2E17FAF32E47FE198A
:102BC0009691560000014041001BE2304605001678
:102BD0000420029D4EF2008C2E07FACB5A08010405
:102BE000480000B44E0300503C0DFF083C8FFF0B23
:102BF000E605E8493EFE7368380782024A00000095
:102C000014280020142800201428002092280020D6
:102C10009228002084A04635000858318154444051
:102C2000140092005012A8043811840196493811FA
:102C300014098CA2DCF846050016044002A24400E8
:102C40000500FF04471500035918850097218400EB
:102C500046250014582102545102028046550004B2
:102C600058528E003818810198C4964938110D09C0
:102C7000381281014038000096498C0138110D0945
:102C80005A0A80F22E07FB378C013E07FB3748FFBC
:102C9000FF6F84A0463500085831815444400A0033
:102CA0005012A804381184019649381114098CA2D5
:102CB000DCF8D5E946050005020006894615000541
:102CC0008C0112008689840148FFFF663EA7FAD076
:102CD00049006BE84E0200102E07FE1E4612001A35
:102CE0003E07FAC93E77FAE548FFFF0A49FFFC02B2
:102CF00048FFFFCA2E07FE1CD5F292002E07FB28C4
:102D00005A00010448FFFF2049004A603C0DFF08BB
:102D1000842049004697D50349006BA43C0DFF274A
:102D2000C8FC46050016040002A284223E17FB28B8
:102D30004E02005446050009580005584615001675
:102D40001400829D48FFFF1A2E57FAF350087FFFA8
:102D50004C507F9A840046350008583181544520F4
:102D60001400D50B38110001385194018C028A25CA
:102D7000E081E9134C090038505028043911000152
:102D800038119401E231E9EF381194013851000112
:102D90008C028A25E081E8EF3E77FACB48FFFF26D8
:102DA00049006B80C80E460500050200068A4615DC
:102DB00000058C011200868A3A6FA8844A007820A8
:102DC0004605000502000689461500058C01120023
:102DD00086893A6FA884DD9E460500085800015890
:102DE000D5AE92003F07FAE848FFFF4E3A6F9C3C91
:102DF000EFF02E67FAC03A4F9420B1023A220C202D
:102E0000B4BFF301C63A2E27FB31CA374625000767
:102E1000050103C5462A55AA5021055A4D01014214
:102E20009486513100102E67FB34414088003B02EC
:102E300044003F2FFC704040CC003B094420382028
:102E40008802051200013810CC02050A0008C61BD2
:102E50004500FFFF4C2800124C18001094814735A4
:102E6000000159398E648853002100015A20FE1454
:102E70005A28FF044800011E84009200EC103A6FAB
:102E80009C04DD9E4530FFFF4C29BFF84C19BFF66E
:102E90004D09FFF44625000158210F542E67FE9A74
:102EA0003931030241030409E3934EF3010F86C055
:102EB00041500C088855A0918700E382E80653082A
:102EC000063F4181400692004540FFFF4D3A011107
:102ED000E3E14140CC01E90341498401E251414A27
:102EE00000134EF201034028880196913F780110AB
:102EF000387B80004E7300F047050002590805F04A
:102F000038F80000E9BA4F6201114F830005E2541E
:102F10004EF2FFB4E2264EF300F1522309FFE241E4
:102F20004EF300ECE3A64EF300FD5223063FE251C0
:102F30004EF2FFA45CF886404EF300F45028F9C12D
:102F4000E3A24EF20147E3A34EF2010641009406CC
:102F50004061C406402284064E2300F59A69968992
:102F60004E6201308BA39200411880134410FFFF82
:102F7000C208842A42188424401088369649920058
:102F8000546800FFE8045863001097B04500FFFF45
:102F90004E7301004100C00382624138C01A82139F
:102FA000473500085939800038198109473500082C
:102FB0005939801839098109470500085908003036
:102FC000386800084500FFFF3C5FFF1C4C18010AF1
:102FD0009491860A96914252C0244231C0244E22D6
:102FE00001865112FFF6453063E2E3F14EF3017AB8
:102FF000E2614EF301775330BE76E3E35563000F91
:1030000092C44EF300B38E41402100135B6801046B
:10301000480000F8458063E25A6801044800012630
:103020008325886143914073D50C92004E2300CED6
:103030004EF300CC98994E7300C98062505800003E
:10304000402C1406E26140798C065102800A4C5CE7
:10305000FFEF9200462CCCCC50210CCD43080869E0
:103060004221886940288C0940118C093C2FFF1CA3
:103070004622001B3C1FFF1D3B0944004615001261
:10308000581082903B0244204150D4003B09440038
:103090008421381B80083B0AC420840148FFFEF0CD
:1030A0002E27FB0C5A20010448FFFEBC48FFFEE619
:1030B0004625000158210F54393103024D387EDE78
:1030C0002E67FE9A41030409536809FF4169D80637
:1030D00048FFFEF05A70010448FFFED04420FFFF75
:1030E0004D317ECC48FFFF188A5148FFFF008440D5
:1030F000868048FFFEFD92005CF08A005020F601B9
:10310000533089FF4029BC1BE222E8154100940698
:103110004F020006E3A348FFFF1D9200E3A6E81557
:103120005228863F48FFFF0E4F82FEA840FA08064D
:1031300048FFFEF0E2A1E8F341009406E3A34061FA
:10314000C4068A2548FFFF0D5223063FE2514EF385
:10315000FEF392005A70010448FFFE90410094066D
:10316000D5DA80B1511100005B6001705102800A14
:10317000442063F640F1400641013C1B5A60015E69
:10318000886144103E76E2234030BC1B48FFFF6458
:103190004615000858108000381081014C18005C5A
:1031A00047050008590800183868010188469691BB
:1031B00047050008590800303868000048FFFF0440
:1031C0004111C40148FFFED2822580B0D5CE9200C5
:1031D0004061C406C6C041009406E3A348FFFEBC9C
:1031E0004018840892C496495A60015788235CF0BD
:1031F00086404EF3FF3F4410063F48FFFF3B9200DE
:10320000459063E25A60014E80B142514075886139
:103210008205D507CDA7E9A69959CFA4806582225A
:103220005028FFF6405C880640F1840640798C0601
:103230004D187FF248FFFF10E22384A04031840143
:103240004032BC1A48FFFF08E6AB84404028BC1A55
:103250008202D59547050008590800183868010111
:1032600089A641188013D5A583258A6143914073AF
:10327000D5089200CAAAE9A99A99CFA7806280B01E
:10328000402C1406E26140798C065102800A4C5CA5
:10329000FFF348FFFEE1E261E820842048FFFEEAF8
:1032A00080B1425140758A61820580B1D50E8FAAE6
:1032B00040FCC4064EF3FF5A4E73FF58414184014F
:1032C0004E23FF54807480B14071840640298C06DF
:1032D0004D187FEF48FFFEC09A5948FFFECB920081
:1032E0005563000F92C448FFFF41820548FFFEB4BA
:1032F0003E18011038008000DD9E92003E08011C3F
:103300008420845FFA64863F848012100048131082
:10331000004910100060B640A8811010007810100D
:1033200000841030006C10100061A882A883101077
:103330000079101000851030006D10100062A88414
:10334000A8851010007A101000861030006E101042
:103350000063A886A8871010007B1010008710302B
:10336000006F1010006414200008142000091010D1
:10337000007C1010008810300070101000651420C0
:10338000000A1420000B1010007D1010008910306E
:103390000071101000661420000C1420000D101095
:1033A000007E1010008A1030007210100067142088
:1033B000000E1420000F1010007F1010008B103032
:1033C0000073101000681420001014200011101059
:1033D00000801010008C1030007410100069142050
:1033E000001214200013101000811010008D1030F6
:1033F00000751010006A142000141420001510101D
:1034000000821010008E103000761010006B142017
:10341000001614200017101000831010008F1030B9
:10342000007745000A003C4FFF183D0FFF1B3C4F43
:10343000FF173D0FFF1E445006403C4FFF1F3C5FEF
:10344000FF203C4FFF1A3C5FFF19DD9E2E17FE2424
:103450004210980B4E1202D22E17FB314E13012F41
:103460003A6FB8BC46B6666680E046CA11AA490003
:10347000032B8CF03ED8017C3E88011C852050B582
:10348000866750C6011AB4C74400FFFF4C600200B3
:1034900054A480FF3C0000D7802A04E38001490047
:1034A000043DC0333C0DFF18E2C04EF301B73C0DA4
:1034B000FF1BE2064EF301B23C0000F2400700069B
:1034C0004E0201AC46050007040003CF84203E17DE
:1034D000FB404C0602D13C0000FEE2C04EF2029AD4
:1034E0003E0801AC802AB6C814E400014900041A61
:1034F0008400100680008401100680243E0801AE7E
:1035000050150000490004163C0000D6501500007C
:10351000490004044E0201B4000680005A00FF0670
:103520005000000110068000000680245A00032687
:10353000B4484605000700300280E2469A328A46C7
:1035400040013C1AE260E90B04040001E20E40274E
:1035500000018A0E40013C1BE260E80F3E0801AC0E
:10356000802A84401026800C490003E43E0801AE06
:1035700050150000490003DE3C0000FA40F0180638
:103580004EF201CE5C030A014E0201DC3C0000F861
:10359000400700064E0202663C1000FC3C0000FBA7
:1035A00052308A00004680245A4801044800022A0A
:1035B0005A480304480002294EF3021A3C4000F620
:1035C0003C2000F7E28E8C8140E23C1A52410640DA
:1035D000404710065221063F40E1101AE2068C01D6
:1035E00040603C1AE2C3521089FF4060BC1AB6C862
:1035F00014E400010006800CE614E84746150007B5
:1036000000208287001680008C01960040F088061A
:103610001006800C4EF2016C5A28FF044800016825
:10362000020400000234000252100A00964952219E
:103630008640E2019691E807E203E805E202E8032A
:103640008480B688E220E809E223E807E222E80560
:10365000444009FF14440000E260E809E261E80721
:10366000E262E8054440000014440001E240E8043E
:10367000E2414EF301EDB4C804040001A839841FEF
:10368000B6C71006800092003C0000D6802A490090
:103690000345C0074400FFFFB607A8398400A83AD5
:1036A0008D215073804050D680018D085A900A04B5
:1036B00048FFFEEB3A6FB884DD9E84003C0800D6DC
:1036C000861F3D0800D7843F3E00017C3C1E00471A
:1036D0003C1E00483E000194FA443E0001A03E20FA
:1036E00001883E00017D3C1E00493C1E004A3E0010
:1036F00001953E0001A13E2001893E00017E3C1E55
:10370000004B3C1E004C3E0001963E0001A23E20B4
:10371000018A3E00017F3C1E004D3C1E004E3E00D3
:1037200001973E0001A33E20018B3E0001803C1E1C
:10373000004F3C1E00503E0001983E0001A43E2078
:10374000018C3E0001813C1E00513C1E00523E0097
:1037500001993E0001A53E20018D3E0001823C1EE4
:1037600000533C1E00543E00019A3E0001A63E203C
:10377000018E3E0001833C1E00553C1E00563E005B
:10378000019B3E0001A73E20018F3E0001843C1EAC
:1037900000573C1E00583E00019C3E0001A83E2000
:1037A00001903E0001853C1E00593C1E005A3E001F
:1037B000019D3E0001A93E2001913E0001863C1E74
:1037C000005B3C1E005C3E00019E3E0001AA3E20C4
:1037D00001923E0001873C1E005D3C1E005E3E00E3
:1037E000019F3E0001AB84603E20019344500A00DB
:1037F0003C3FFF183C5FFF1B3C3FFF173C5FFF1E39
:10380000444006403C3FFF1F3C4FFF203C3FFF1A17
:103810003C4FFF19DD9E92003C0DFF17E2C0E90D01
:103820003C0DFF1EE206E9093C0000F35200064091
:1038300040F038064EF3FE483C0DFF1F40070006DF
:10384000C80A3C0DFF20E20EE9063C0000F4E2C08D
:103850004EF3FE3A3C0DFF1A400700064E03FE50A1
:103860003C0DFF19E20E4EF3FE4B3C0000F55200FA
:103870000A00E2064EF2FE4448FFFE260006800CD7
:10388000E6144EF3FEBD48FFFF0D9200546480FF26
:103890003C0000D650130000490002404E02008058
:1038A000460500070016800000000281E220E805BE
:1038B0005CF080044EF200C6000680184E020090B4
:1038C00084408026443000143E0801AE102680005B
:1038D0001036800C10268024490002243E0801ACDA
:1038E000501300004900022648FFFEDCB46804249F
:1038F00000018AC340170801FF84FE0C43032C68B3
:1039000042402C6890DF40488C0A40128C0A901F7D
:103910009BA69A0888C3880248FFFEB23C1000F6B6
:10392000401704064E13FE3A3C1000F75210864032
:103930004010B8064E13FE32400300064E02FE242D
:103940003C0DFF1F40070006C8103C0DFF20400043
:103950003806C80B3C0000FB401300064E12000660
:103960003C1000FC48FFFE1E3C0DFF1A40070006FD
:10397000C8113C0DFF1940003806C80C3C1000FC73
:1039800052308A0040019806C0053C0000FB48FF09
:10399000FE0B84021006802448FFFE2E00068018CD
:1039A000C01E8E0110068018440000643B044400D1
:1039B000A83A3C1DFF0E46250012582102904004F3
:1039C0008C0888023B03C420501080013B00442037
:1039D0003C1FFF0E000680184E03FF744400FFFFDB
:1039E000B6081404000148FFFF6D92003C4000F847
:1039F0003C2000F948FFFDE884013E07FB3EDD9EC8
:103A000084831046802484801046800048FFFDD6C1
:103A10003C0000FF40F018064EF3FD642E0001FA52
:103A20005A0001465A00020448FFFD5C5CF703217E
:103A30004EF3FD5884013E07FB4048FFFD619200B4
:103A40004605000700000286D5AE9200E2434EF222
:103A5000FE144400063F1404000148FFFE0E9200CD
:103A60003C0000F952000640400038064E03FD9627
:103A700048FFFF683C0000FE5200064040F0380658
:103A80004EF3FD303C0000FF5200064040070006A8
:103A90004E03FD282E0001FA5A0001105A000204BC
:103AA00048FFFD205CF3050148FFFFC45C070320CD
:103AB0004E03FFC248FFFD165CF30500E9BC48FF5A
:103AC000FD11920046050007040003FD96005A0010
:103AD0001123842184003E17FB3F3C0800F23C0880
:103AE00000F33C0800F43C0800F53C0800F63C08F4
:103AF00000F73C0800F83C0800F93C0800FA3C08D4
:103B000000FB3C0800FC3E0001FA3C0800FE3C08BB
:103B100000FFDD9E3A6F9C3C46050007045003CF32
:103B2000460A11AA5000011A4C500092460500079F
:103B300000100268460500070020026C46050007D9
:103B4000005002693C1800F284603C5800F33C3895
:103B500000F4E2223E0801E43C3800F54EF3006434
:103B60003C2800F6463500070031826D4642001BB6
:103B70003C2800F7E2234EF300673C3800F880232E
:103B8000462500070021027046350007003182718A
:103B900040212008FE9F4632001B3C1800F984801B
:103BA0003C2800FA3C4800FB3C4800FC4615000756
:103BB000002082744041180984609E613E4001FAF1
:103BC0003C3800FE5CF080023C3800FF4EF3008879
:103BD00046150007045083CF461A77AA5010877AFB
:103BE0004C1280282E17FB3F5A1001243E1801C8A2
:103BF0003B0058003B00D8203C1000F33C0000F292
:103C00003C2000F4FE0F3C1000F5FE17FE0F842050
:103C10003E17FB3EC80484013E07FB3E3A6F9C04FE
:103C20004A0078203C1800F65020800048FFFF9C96
:103C30003E1801C83B00D8003B00582084003E07D6
:103C4000FB3FD5DB3C1800F848FFFF9C460500070A
:103C500000300268460500070010026C46050007A8
:103C6000006002693C3800F2460500070040026A25
:103C70003C6800F3460500070020026B3C4800F456
:103C8000E2613E0801E43C2800F5E9433C1800F6F7
:103C9000463500070071826E463500070061826F6D
:103CA00040F21C064031180640230C1A4632001B15
:103CB0003C1800F74632001B3C1800F84632001B47
:103CC0003C1800F944100A004043BC1A3C1800FAA2
:103CD0003C4800FB3C2800FC48FFFF6A46350007D3
:103CE00046150007004182750010827646350007B0
:103CF0000031827796AF402120084010A008FEA72F
:103D000040108C043C2800FE3C1800FF48FFFF6276
:103D10003C3800F68023D5BD4000040E9604DD9E9D
:103D2000A48084614011840CFE8FAC80DD9E9200E3
:103D3000442EFFFFA4C04011040C9230FE5EAC4044
:103D4000DD9E92003E18011C880100000078DD9E77
:103D50003C0000D6DD9E92003A6FBABCEFD42E57DD
:103D6000FAFA3C0DFF028EA1E6025C5280014EF38E
:103D7000028C3C8DFF023C0DFF028F014284002427
:103D800040040409F0823C0DFF02C0493C1DFF02C3
:103D90008400E622100F801CE9423C1DFF02100F38
:103DA000801DE623E93C3C1DFF02100F801EE62427
:103DB000E9363C1DFF02100F801FE625E9303C1D4F
:103DC000FF02100F8020E626E92A3C1DFF02100F9B
:103DD0008021E627E9243C1DFF02100F8022E628FF
:103DE000E91E3C1DFF02100F8023E629E9183C1D47
:103DF000FF02100F8024E62AE9123C1DFF02840016
:103E0000E62B100F8025E90B3C1DFF02100F8026CA
:103E1000E62CE905100F80273C0DFF023C0DFF0248
:103E200085A04E0200894695001158948FA446C57E
:103E3000001258C6003447050012590800EF878069
:103E4000856085A050AF801C46850012588400BC58
:103E500085DF920038052C0051CE0001C8443C0D8E
:103E6000FF02400E0006C03F3C43FDD501487FFEE7
:103E700001387FFD412204088050807CD50E9200DD
:103E800038E52C0884A138E50C0892003C0DFF02AF
:103E90008C61E2608C42E827A61044100079400A49
:103EA000000142000003960043500024E60CE803A2
:103EB000541A80FF00017FFF4550007940098001BE
:103EC00042000003960043600024E60CE803555BC3
:103ED00000FF88359648E28140190407E8D240D6B1
:103EE0008400D5D52E17FDDF38042E02E2014EF3F3
:103EF000019D92002E07FB314E0301A60404FFFF33
:103F000004367FFFB5C90444FFFEB44C04167FFE9F
:103F1000885288248803B6491414FFFE1404FFFF56
:103F20003C0DFF028D61400E00068D2C50C6000C2A
:103F30008D82C891F1023C0DFF0240868403E606A3
:103F400084204050A01AE8262E07FB52C8232E07D3
:103F5000FB31C82046050007041003CD460A55AAC8
:103F60005000055A4C1001943C0DFEF85A0802040A
:103F7000480001D02E27FB182E37FAB02E17FAFA78
:103F80004E53018C5A180104480001CAD90E84000E
:103F9000D50484003E07FAFA4612001B3E07FCC116
:103FA0004612001B3E07FCC23C0DFF024E030006FA
:103FB0003E07FAD23E07FAF93C0DFF024E0201809D
:103FC0002E17FE9B2E07FE24549080F0948C965062
:103FD00054C0000142A0040B52048640F0815200FC
:103FE0008A00F0852E07FAD2F0832E07FAF9F184C1
:103FF000F08246D5001158D68F9C47C5000159CE96
:104000000E08850044B00A0044E00640B40D046682
:1040100080024420003C846084E042002C69490016
:104020009513FD1349009510C904E6164EF300EAF6
:104030000416800150507FEB145E7FFFFA588460B5
:104040004200B869B6BF490094FFFD13490094FCD3
:10405000B4BF4E1300CFE6154EF200CC84205CF2C4
:104060008A00B63C4EF3000E440009FF140E7FFF99
:10407000040E00005CF00640E9044400063FB61C54
:104080004EC20008040E7FFF520009FF140E7FFF8E
:10409000B41C4EA200055200063FB61CE320E815F2
:1040A000F101E201E812040E7FFFF104E220E80DC5
:1040B000F1058441E201F10240113C1BF182F10360
:1040C00040113C1B141F80033C0DFF028D01E300D7
:1040D00050D6800C51CE0008E99A46050001022016
:1040E000070246350007122187AD003F800C4605C8
:1040F00000013E37FAD2003F8008021007043E3725
:10410000FAF9E70C462500074635000158318E04C0
:10411000121107AEE86A40240C0850140001440054
:10412000FFFF8843E62C3801A30AA811E85E950B2F
:104130008883502400023801870AA8215A200C568F
:1041400095134400FFFF88839D51461500015810C8
:104150008E0438018B0AA8215A500C4894EB8861D0
:104160009D123800970AA8195A400C4094E38861C0
:104170009D533800930AA8195A500C3894EB886163
:104180009D143800970AA8195A400C3094E38861AE
:104190009D553800930AA8195A500C2894EB886151
:1041A0009D163800970AA8195A400C2094E388619C
:1041B0009D573800930AA8195A500C1894EB88613F
:1041C000504100083800970AA8195A400C0F94E390
:1041D00088618C493800930AA8195A200C0794D397
:1041E000886138008B0AA819EC2C3A6FBA84DD9EDE
:1041F0008E145CF28A00B61C4EF3FF3E48FFFF3679
:10420000040680018480FA58846042003869144EA4
:104210007FFF49009419FD1349009416C1308E1494
:10422000B61C48FFFF299200540580FFF581B79F17
:104230004900021AB59FF5014E03FE5E2E07FB31C1
:104240004E02FE70B5C90444FFFE0404FFFFB44CE7
:1042500004167FFE04367FFF93C192819201924142
:1042600092219261B7C91444FFFE1404FFFFB64CBB
:1042700014167FFE14367FFF48FFFE46E615E8D091
:10428000840048FFFEFE840048FFFD7E84013E0757
:10429000FAFA48FFFE8B92004E13FE7A2E07FCC2FC
:1042A0008C019600E2023E07FCC24EF3FE7F8401C1
:1042B0003E07FAFA840048FFFE719200461500019D
:1042C00002208702463500074400FFFF122187AD18
:1042D00046150001462500010210870414010381E0
:1042E00046250007121107AE46150001140083820F
:1042F00046150001140083834615000114008384D1
:1043000084424635000158318E0448FFFF1B92005D
:104310002E27FB0F2E37FB3A48FFFE322E07FCC13B
:104320008C019600E2033E07FCC14EF3FE313E577E
:10433000FAFA84203E57FCC13E57FCC24C50FE3670
:1043400048FFFE273A6FBABCEFDC46150007035062
:104350008110461500070370811146150007039070
:10436000811246150007028081134615000702A03E
:1043700081144615000702C081154615000702E0AA
:1043800081164615000702108117F18146150007B6
:1043900002108118F1834615000702708119461535
:1043A00000070210811AF184461500070210810FE0
:1043B000F187461500070340812846150007036072
:1043C0008129461500070380812A4615000702F05F
:1043D000812B461500070290812C4615000702B07C
:1043E000812D4615000702D0812E461500070210C8
:1043F000812FB63F4615000702108130F182461525
:104400000007026081314615000702108132F185F4
:104410004615000702108127F1864705001259084A
:1044200002308C0447250012592902804510FFFFF5
:1044300047C5000759CE023647350007593982066D
:1044400004107FFFB630B440142800014C1880805F
:104450004C28807E2E27FE244231100BC340402A78
:1044600084064E22007D402B84064E22008C402C78
:1044700084064E220094402404064E2200964025D5
:1044800004064E22009E402604064E2200AD402720
:1044900004064E2200B6F201402104064E2200B866
:1044A000F203402104064E2200C0402384064E221F
:1044B00000CB83C780A7F404844A846B3829890120
:1044C00038398D018A3E8A62FE5C8A8540109037B9
:1044D000882214107FFF2E27FE2492004221140B05
:1044E000C236B420402A0406C240402B0406C2440F
:1044F000402C0406C24D40278406C25C402484063A
:10450000C26640258406C26940268406C273B45F31
:10451000402104064E220083F202402104064E226E
:10452000008B402304064E220097804683C6F50583
:10453000846A848B383E0D01384E11018A228A83A9
:10454000FE648ABE401094378823B6208D888C1074
:104550004D097F78EC243A6FBA84DD9EF50780958B
:1045600083C584408461D5AB05EF800680B4805E4E
:1045700084608481D5E0805483D480B68461848251
:10458000D5DA83D580B5809784418462D5988056EA
:1045900083D680B884628483D5CE83D780B7809950
:1045A00084428463D58C83D980B9808884438464B1
:1045B000D586805883D880AF84638484D5BC83C873
:1045C00080A8808A8444846548FFFF7A804F83CF27
:1045D00080A984648485D5AF804983C980AB846514
:1045E0008486D5A983CA80AA808C8445846648FFC6
:1045F000FF67804B83CB80AD84668487D59C83CC5A
:1046000080AC808E8446846748FFFF5A83CE80AE9C
:10461000F4018447846848FFFF53804D83CDB4BFC5
:1046200084678488D588F501F40383C58448846948
:1046300048FFFF4605EF8000F502805E84688489AC
:1046400048FFFF7AF503808783C584494430000A18
:1046500048FFFF3605EF800280A6805E8469848A69
:1046600048FFFF6A46250012582100EC9441882239
:10467000A6498E225CF0803AE80938010100FA353B
:104680008E02960040008006DD9E8401DD9E920031
:104690003A6FBABCEFBC46050011021007D24605BE
:1046A0000011922146250007020007D8121107A623
:1046B00092013CDDFF08462A55AA461500074655DB
:1046C0001EB8120087A74695000158948E8846654B
:1046D000000158630E0446B5000158B58F54467565
:1046E0000012587380EC46C5000158C60E92502146
:1046F000055A44A0FFFF5152851F454000643FCF3B
:10470000B4403EEFB4504645001158420F9C846CB3
:10471000085480015AD80204480000C22E07FB55F5
:10472000C04446050007040003C53C13FDBB4C0113
:10473000002FB506A6398E025CF0003AE834A638A0
:104740008E025CF00026E82F4C850018B40B4C0557
:1047500000AB800442028C734100FC09A002883047
:1047600092019021E201E8093C0DFF028E01B7465B
:1047700014A300013C0FFF028CC88D688CE24C969C
:104780007FC9EC443A6FBA84DD9E92002E07FB0C81
:10479000B5065A0801D144100078A6398E025CF0A3
:1047A000003AE9CE9021D5D146050016040002A2B8
:1047B0005A0801044800008046050007040003C5AC
:1047C0004C010094B5064C8500B33B0E4C00B0087C
:1047D0003B004C20B04C3B074C003B00CC204E82B1
:1047E000009903300007E3134EF200A503200000F8
:1047F000E3124EF300A303000001E3104EF300C9DF
:1048000003100002E3114EF300CA821103100003EB
:10481000E3114EF300BA821103100004E3114EF3CA
:1048200000C2821103100005E3114EF300C0821193
:10483000A406E3004EF300BF82338200864784065D
:10484000380081013810C901420050244210D024A0
:104850008BB08A204110C63642084475F387F4862F
:10486000155F8005F284F583154F8002151F8001C6
:10487000490091E2490091C2051F8001055F800552
:104880004208A073054F800242005469F5034000BE
:104890009409F204F406F307D53E92003C13FDBBE5
:1048A00048FFFF49800442028C73A002920148FF36
:1048B000FF5B92003C0DFEF85A08030448FFFF7EA0
:1048C0004605000D020000AF5CF000C84EF2FF7616
:1048D0004605000D020000ACE6064EF2FF6FB5067D
:1048E0004410007848FFFF5B2E07FB0C5A000104C0
:1048F00048FFFF6A3C0DFEF80483000044100140AD
:104900005A08030448FFFF184410012C48FFFF1405
:10491000020F80183C13FDBBFE444300D468903F57
:104920004008940A9A4148FFFF079200440000643F
:10493000D5F2A40FD5F0920003000001E3104EF26F
:10494000FF6103000002E3104EF2FF620300000368
:10495000E3104EF2FF6303000004E3104EF2FF6425
:1049600003000005E3104EF2FF6503000006E310AC
:10497000E904823348FFFF6403100008821386486D
:10498000840748FFFF5F8643840248FFFF5B823055
:1049900084008212864148FFFF558642840148FF09
:1049A000FF518644840348FFFF4D8645840448FF39
:1049B000FF4982208646840548FFFF442E07FB23DB
:1049C000C00884004612001B3C0FFF024A007820FA
:1049D00046150016045082EE461A55AA5010855A04
:1049E000D1F22E07FB314E0201053C0DFF024E02B3
:1049F00001014605001146250012041003E90421B7
:104A0000000D3C03FDBB8841E2404EF3030B3C2DFF
:104A1000FF02E6424EF300F2462500114635001231
:104A2000042103EC043180108843E2404EF303027A
:104A30003C2DFF02E6434EF300E1462500114635CA
:104A40000012042103EF043180138843E2404EF347
:104A5000033B3C2DFF02E6444EF300D046250011F7
:104A600046350012042103F2043180168843E240E7
:104A70004EF3032C3C2DFF02E6454EF300BF4625C6
:104A8000001146350012042103F5043180198843D2
:104A9000E2404EF3031D3C2DFF02E6464EF300AE0E
:104AA0004625001146350012042103F80431801C0C
:104AB0008843E2404EF3030E3C2DFF02E6474EF3DF
:104AC000009D4625001146350012042103FB0431E8
:104AD000801F8843E2404EF302B33C2DFF02E648BC
:104AE0004EF3008C4625001146350012042103FECA
:104AF000043180228843E2404EF302A43C2DFF02A1
:104B0000E6494EF3007B462500124635001204218B
:104B10000001043180258843E2404EF302953C2D8C
:104B2000FF02E64A4EF3006A46250012463500129F
:104B300004210004043180288843E2404EF30286B9
:104B40003C2DFF02E64BE95946250012463500127E
:104B5000042100070431802B8843E2404EF3026CAD
:104B60003C2DFF02E64CE94946250012463500126D
:104B70000421000A0431802E8843E2404EF3025E95
:104B80003C0DFF022E47FB555A48013C3C0DFF02ED
:104B9000C02A3C23FDBB44000032FE1446251EB84B
:104BA0005021051F422008693C0DFF08410194096E
:104BB0003C5DFF0E2E27FB0C3C3DFEF85A000234F4
:104BC0005A2001425A58010448000088844092004B
:104BD00046050007040003C53C0DFF028C41E2407E
:104BE000E9F892003C0DFF02922148007191920079
:104BF00046050011041003E92E47FB555A4001C831
:104C00002E07FB525A0001C446050007045003C595
:104C1000460A55AA5000055AD0BA3C0DFF2BE602B1
:104C2000E8B6D5E15A2801044800014484409200C6
:104C300046050007040003C53C0DFF028C41E2401D
:104C4000E9F8D5D15A38030448000174473A55AA07
:104C5000840086A04E43008C46450012584200EC6A
:104C60004715001159188FA447750001597B8E7C98
:104C70005139855A4540012C516200005A580104AF
:104C8000480000F4552000FF4029040888444635B8
:104C90000007A691045183C58E424052CC03807414
:104CA0005CF1003A403A941B4EF20101382B490066
:104CB00050217FFE5CF100264EF200F9C306B4518C
:104CC0009241E2434EF300443C2DFF028C01E2028C
:104CD0008DACE9D948FFFF8846450012584200ECE8
:104CE0004655001158528FA4840086A04745000104
:104CF000594A0E7C82649200551000FF3D2DFF0240
:104D000040288408884484605B200128A6914725B8
:104D100000078E425CF1003A052903C5E8163829E0
:104D2000C5008E425CF100264EF20010C306B44569
:104D30009241E2434EF3000C3C2DFF028C01E20253
:104D40008CACE9DB48FFFF509261D5F14622001B95
:104D50003C0FFF0248FFFF48383A000082555631A9
:104D6000800141280C1A8072D5D29200464500126B
:104D7000584200EC4715001159188FA447750001DF
:104D8000597B8E7C5139855A4540007882C45A50EF
:104D9000013B9200552000FF402904088844463515
:104DA0000007A691045183C58E424052CC03807403
:104DB0005CF1003A403A941BE847382B49008E4298
:104DC0005CF100264EF20041C306B4519241E24329
:104DD0004EF3FFBE3C2DFF028C01E2028DACE9DBFD
:104DE00048FFFF0292619200C306B4519241E24330
:104DF0004EF3FFAE3C2DFF028C01E2028DAC4EF271
:104E0000FEF392003D8DFF0246350007045183C535
:104E1000552000FF40290408884484604052CC0398
:104E20005B88010448000162A691403A141A8E4240
:104E30005CF1003AE8D8382B49008E425CF100263C
:104E4000E9D49261D5D29261D5C09261C306B451C2
:104E50009241E2434EF3FF7C3C2DFF028C01E202C3
:104E60008DAC4EF2FEC192003D8DFF02463500072B
:104E7000045183C5552000FF4029040888448460FC
:104E80004052CC035B88010448000126A691403AB9
:104E9000141A8E425CF1003AE8D9382B49008E4250
:104EA0005CF10026E9D49261D5D2926148FFFF08F7
:104EB0005A380304480000CC84008640471A55AA9B
:104EC000CC7846450012584200EC46550011585225
:104ED0008FA45118855A4530012C8284550000FF5B
:104EE000402804088844A6D146250007042103C5AC
:104EF0008E624021440382B24159881A5CF1803AA3
:104F00008055E815383A41008E625CF18026E80F42
:104F1000C206B4659261E2624EF3FF1A3C2DFF02B5
:104F20008C01E2028CACE9DB48FFFE5E9241D5F1D8
:104F300046450012584200EC440000005A58010453
:104F4000480000DE471A55AA4655001158528FA452
:104F50005118855A4530014086408284550000FF33
:104F6000402804088844A6D146250007042103C52B
:104F70008E624021440382B24159881A5CF1803A22
:104F80008055E815383A41008E625CF18026E80FC2
:104F9000C206B4659261E2624EF3FEDA3C2DFF0276
:104FA0008C01E2028CACE9DB48FFFE1E9241D5F198
:104FB00046450012584200EC4655001158528FA445
:104FC0005118855A4530007882849200550000FFC0
:104FD000402804088844A6D146250007042103C5BB
:104FE0008E624021440382B24159881A5CF1803AB2
:104FF0008055E815383A41008E625CF18026E80F52
:10500000C206B4659261E2624EF3FEA23C2DFF023D
:105010008C01E2028CACE9DB48FFFDE69241D5F160
:10502000840092004622001B3C0FFF0248FFFDE671
:105030008401D5F9840AD5F7840BD5F58406D5F318
:105040008407D5F18408D5EF8409D5ED46450012D3
:10505000584200EC471A55AA4655001158528FA4E1
:1050600084005118855A4530014086408284920060
:10507000550000FF402804088844A6D146250007B3
:10508000042103C58E624021440382B24159881A2B
:105090005CF1803A8055E815383A41008E625CF147
:1050A0008026E80FC206B4659261E2624EF3FE50BC
:1050B0003C2DFF028C01E2028CACE9DB48FFFD9441
:1050C0009241D5F18402D5AF8403D5AD8404D5AB2C
:1050D0008405D5A9383B800083155631800141886D
:1050E0000C1A807848FFFED4383B80008315563177
:1050F000800141880C1A807848FFFE98473A55AAEB
:105100004715001159188FA486E047650001596BB7
:105110000E7C5139855A4540014082A43D8DFF02E5
:1051200046250007045103C5552000FF40390408F7
:10513000886484404052CC035B800120A6D9402A79
:10514000141A8E625CF1803AE816383AC9008E6211
:105150005CF180264EF20010C206B4719261E262E8
:105160004EF3FDF63C2DFF028C01E2028DACE9D737
:1051700048FFFD3A9241D5F1382B000083175621A4
:1051800000014188081A8058D5DA92003A6FB8BCFD
:105190004675000158738E044665000158630FE898
:1051A00047350012593982902F47FAB7462500013A
:1051B00058210FCC4635000158318FC080A680079A
:1051C00084204520FFFF86A086DF47950012599C6A
:1051D000832C46F5000158F78FD83EA80110458F63
:1051E000FF8081334685000158840E944570FFFE90
:1051F000D50E8C81AF10B7C0152000018C218C0812
:105200008C418C61505280405A100A56B5804D092D
:1052100000852E47FB17C40DC10C46450012044201
:1052200000BC5C4200C9CC052F47FE0B3F87FB1733
:10523000A710411250064F13FFDEA7188E8197204A
:105240005C4200FEC42A384C84005C42000BCC2532
:10525000B4854C4900232E47FAC0C41F40C08808BB
:10526000411610004118900838B7C40240D7C40056
:1052700005168001898B8C8104B00001888C9524EF
:1052800089AB938140B79000411884093907900A8F
:1052900015158001395504088C21115180001161C8
:1052A00000003F57FB0B8C088C418C6150528040B2
:1052B0005A180AAE84003C0FFF0E463500015831E3
:1052C0008E654605000158000E048420865F445018
:1052D000FFFF47750012597B82F086C04540FFFEF4
:1052E00086BED5133C2DFF0E8C413C2FFF0E4C4A41
:1052F0000037948B3B00440088538C213B014420B1
:105300008C628C085A100C3AB480112180004C42F7
:10531000FFEB396B860AD5EE010180002E47FB3486
:1053200040481006C40A8D811101800015700000EC
:105330001570000148FFFF64390987021151000010
:1053400011618000950B4D093F5B410490003B08C3
:10535000440088883B02442048FFFF52948B8853C6
:105360003B0144008C213B004420115180008C08FB
:10537000503180025A180CCA2E07FDB584209204C1
:105380003E17FB41C83446A5001258A502F04695C9
:10539000000158948E544480FFFFB44750017FAC05
:1053A0005CF009594C240019A03950007FB05C0012
:1053B00005A1C027E826B40A4900365650B00000BF
:1053C00044000D244900365040002C06C81A3C0DFC
:1053D000FF02E602E8168CE88D444C74FFE02E07CD
:1053E000FB42C8154612001A3E07FAC02E07FB31D1
:1053F0004E030004490006183A6FB8844800009034
:10540000440000323E07FB42440000323C1DFF02D4
:105410008E01C103440000324612001A3E07FB42CF
:105420002E07FAC0C8783B034C004605000158001F
:105430000FF846150002581080283B004C203B0016
:10544000CC004605000258000038461500025810EE
:1054500080683B004C203B00CC0046050002580011
:10546000007846150002581080A83B004C203B00F5
:10547000CC0046050002580000B84615000258103E
:1054800080E83B004C203B00CC0046050002580061
:1054900000F846150002581081283B004C203B00C4
:1054A000CC0046050002580001384615000258108D
:1054B00081683B004C203B00CC00460500025800B0
:1054C000017846150002581081A83B004C203B0093
:1054D000CC0046050002580001B8461500025810DD
:1054E00081E83B004C203B00CC0046050002580000
:1054F00001F846150002581082283B004C20460552
:105500000002580002383B00CC003B004C208401D4
:105510003E07FB41840148FFFF67920046050005F6
:1055200000200D164605000500100D175A2801042D
:10553000480001323C03FDAEE61FE9053C0DFF02C9
:105540004E0200D682218202461500125810832096
:1055500084004655000158528E0447550001595A9F
:105560008E7C4440FFFF864086818660D50AA688EF
:105570009CD15A20FF03AEC88C018C215A000A1816
:10558000382283024C227FF5A6888E41E653E80933
:10559000382A800056210001410A081A4119881A48
:1055A0008C01112080008C215A080AEC3A6FB8BC9B
:1055B0004605000511000D164605000511100D17D2
:1055C0004665000158630E044695000158948FB457
:1055D0004685000158840F5446A5000158A50E7C4D
:1055E00046C5000158C60E544470FFFF856085C152
:1055F000D5139200000500005A0001210454000058
:10560000D705000480005A00014E8CC88D218D08FA
:105610008D414C660011B4264C13FFEE8CC8B6E8E1
:1056200010E5000010E480008D088D218D414C664E
:105630007FF492003A6FB884DD9EB4484C23C00AD0
:105640003B0344003B0444204C13BFE1B4A6D5D92E
:10565000A03104440001E241403200064110100133
:105660008A804100880141120C1A9A5140183C1B53
:105670004208C42442008473490034F650D000012B
:1056800044000D24490034F040D680134000340615
:10569000C0074605000510B5000010B00D16B4286F
:1056A000D5D4B486A071B408043400014C43BFAF14
:1056B0004C03BFADE26141108C018A61405010067D
:1056C000410200014111BC1A8A044100141A420827
:1056D000C42442084073490034C78C0196015C0021
:1056E0000079C89410B4800048FFFF914400FFFF88
:1056F00046350001140183A546350001140183A637
:1057000046350001140183A746350001140183A822
:1057100046350001140183A946350001140183AA0E
:1057200046350001140183AB46350001140183ACFA
:1057300046350001140183AD46350001140183AEE6
:1057400046350001140183AF46350001140183B0D2
:1057500046350001140183B146350001140183B2BE
:1057600046350001140183B346350001140183B4AA
:1057700046350001140183B546350001140183B696
:1057800046350001140183B746350001140183B882
:1057900048FFFEDAE635E9094625000584001001D8
:1057A0000D16844048FFFEC85110800146050005D3
:1057B00011100D17541880FF48FFFEBE3A6FBA3C17
:1057C0002E07FAC0514000018400554A00FF3C0BEF
:1057D000FDC3401A10082E87FB07853046050001DF
:1057E00058000FD888203E5FFF30464500015842E0
:1057F0000E0447550001595A8E884605000158008D
:105800000FF84635000158318FE84675000258738D
:105810008278429A242485404665001158630F9C83
:1058200085EC872A4580FFFF86E785C03F6FFF3CF8
:1058300085A146C5000858C6006C46B5000858B595
:10584000805492004F4200164020A4003B01CC003F
:105850003B014C205B40010E3B004C003B01CC2047
:105860005B400208502000103B014C003B004C20E4
:10587000092A8001804642293C733B024400A092E1
:105880003B00C4204021200D5D11000A402CC41BA8
:105890004D0C00A52F17FADB053080024108880661
:1058A0004028C01B422BCC73390B4A002F17FAD16A
:1058B000924341084406A88A4F030014402908086F
:1058C0008856010100014F03000D010100024F0342
:1058D0000009A6932F07FB10402140064E22008AA4
:1058E000382649013915C9014108880682514121EC
:1058F000401B431888019200A6A82F07FB1E949115
:10590000413800135421001E41C9C80610228000EE
:105910004FC200184139C4064F33003341394401A6
:105920005F3980024F33002D41C9440041380408DB
:105930004109F0074F0200063D0DFEF85B00022111
:10594000CA229200500000401320800613108007E6
:105950008CA1501080408C88503180404C03FF74E3
:105960004EA2000C842084013C1BFDC03E07FB13AB
:105970003E07FB313E07FB113A6FBA04DD9E8C41B6
:105980009690AEA855310002550100014F32000635
:105990008D81550800FF9200553100044F320006FA
:1059A0008D81550800FF9200553100084F320006E6
:1059B0008D81550800FF9200553100104F320005CF
:1059C0008D81550800FF96AEC2048D81550800FFF9
:1059D0005D08000340A6C01AD5B6A08A10E2800078
:1059E000422B882486209243A88A8640D5AC920018
:1059F000032080060310800748FFFF803A6FBABC7F
:105A0000EFBC2E17FAFA83808400120E0060100E8D
:105A100000C2C9052E07FB524E02029A2E27FDD264
:105A20002E07FDD12E17FB555821000FB65F4160A0
:105A300010094E13026E92008428516B00012E074C
:105A4000FAB142EB0401E20E4EF2025250000001A4
:105A500054E000FF3C0DFF028420E602F18B4EF380
:105A600002BF9200400704099600F087460CCCCC98
:105A700050000CCDF08A46051EB85000051FF08876
:105A8000460A55AA46A5000158A50FD85000055A48
:105A900046C5001258C6023046D5000258D682D8F4
:105AA0008500F089800A816C815C818E829C8128CE
:105AB000838D81C0D53A920046050002580005D872
:105AC00038202408B71CBF81148E0002BF83148EB7
:105AD0000004BF85148E0006BF87148E0008BF899E
:105AE000148E000ABF8B148E000CBF8D148E000E16
:105AF000BF8FB70A147500010407000610050008DF
:105B00000207000E120500050207000F8D21120585
:105B100000068D6850E7004050A5001051CE0040AF
:105B20005A980A04480001903B05C4005007001031
:105B30002EF7FAC0B04C3B00C420809080713B002F
:105B40004400B00E3B004420811004770005E817A4
:105B50004400FFFF4D00013004570008D0144605F3
:105B600000125800032C380024005C00000AC80B07
:105B700004070009890588E0930192E14400FFFFD2
:105B80004C80011A001A00C2020A00608441465586
:105B90000002585285D84101240C3852A4008C21AF
:105BA00040080004101A00C2120A0060C586405264
:105BB000200640022001401410014010141A80A158
:105BC00041019C069A3B9A5F4000C01A42229424ED
:105BD00047850002598C05F042200073397C24006F
:105BE000820092414F7301242F17FDCB2E67FDCC0D
:105BF0004605000158000E88399024002E17FAF649
:105C000046050012580000BC3800660240108006AD
:105C1000C1042F17FDFC80D12E07FB52C00C2F179B
:105C2000FDFB46050007040003C5F10980D14C00C7
:105C3000811792004F7300F0401444068400C90994
:105C4000520889FF400020064178801A500B8000DE
:105C5000401398064E1300F45213063F40109C0662
:105C600086204068841B862C4615001158108F9C96
:105C7000421CC473051080024F12000C40028006C3
:105C80004E0200C5400818064E0200C180E38104A0
:105C9000B41F92424021005784088C4140100806EE
:105CA0004020041B4E9201B9B41FC009E8060457F6
:105CB00000084400FFFFD0034F1300DE4705000239
:105CC000590805E43868240040548C089875940BF2
:105CD000880D3886870AA9C1E8080517000844001E
:105CE000FFFF4D1000B79200540480FF154F80064F
:105CF000150F8005F184F583F382F48149FFEAFAF8
:105D0000F401F302F503F104050F8005054F800649
:105D10005A000122850086204EC20168844086E731
:105D2000D5029875940B51237FFF880D3816870292
:105D3000A001412B981A80D28C4197B0890189A08B
:105D40004C267FF180ECF007890089A040841D1764
:105D500040789CF7380824008C0196005A00086EA1
:105D60003808240846050007040003FD540000FF1E
:105D70005A08110448FFFEBFF48CF38D148F800E77
:105D8000F78FB08EB10C80094615000158108FD8DE
:105D90003A210C003A421400154F800149FFE828CF
:105DA000054F80014E02FEA73C8DFF1C3C7DFF1D70
:105DB00048FFFEA14480FFFF4C747EE646250002AA
:105DC000582105F0443FFFB40457000884003831DF
:105DD000240846250002582105D838012408462504
:105DE0000002582105E43801240881074C53FE8342
:105DF000045700044C53FE7FB4AE4C53FE7C3E1857
:105E000001103800A40848FFFE768400380C2408EE
:105E100048FFFF40840C4615001158108F9C421C0F
:105E2000807380110510800248FFFF2A2F17FDCFD5
:105E30002E67FDD048FFFEDE8400D59384C048FF66
:105E4000FF1492003EC7FAB1EC443A6FBA84DD9E6B
:105E5000E64780064EF2FF8248FFFF482E07FB0C04
:105E60005A00010448FFFEE82F17FDCF80D148FFFC
:105E7000FEE39200540480FF154F8004F383F48204
:105E8000F28149FFEA37F201F402F303054F80047F
:105E90005A080104480000AEF00B9750E2054EF29C
:105EA0000075F10A40040C0853010008420004691F
:105EB0008010FE24420408734080AC09548400FF23
:105EC000880840800C09F108943B420004695302A1
:105ED00080084000A409960042029C7380E042784A
:105EE0000C732EF7FAC092E348FFFEEA4017000653
:105EF0004E12FDB28E0148FFFDAD92002E17FDD26D
:105F00002E07FDD15810800FB63F41601009B43FF5
:105F1000840A42D0802446050007045003C5460A7F
:105F200055AA542680FF5000055AB65F4C507D8616
:105F30002E07FB0C5A00010448FFFD80840542D166
:105F40000024540680FFB61F48FFFD782E07FB4C47
:105F50004E03FD662E07FB55C8D2460500070450C8
:105F600003C5460A55AA5000055AD0472E17FDD240
:105F70002E07FDD154D0800F40168C08B63F5560D7
:105F8000000F48FFFD5B92002E07FB52C814F00A79
:105F900041040C0843080069F50B4008AC09960061
:105FA0004202A073521280088100428090739303D2
:105FB00048FFFF8BF10A40040C08420004695501B8
:105FC00000FF4000AC0996004208207352180008F8
:105FD000810042809073930348FFFF772E07FDDA1C
:105FE000961FF08B48FFFD4084E048FFFEAE920014
:105FF0002EF7FAC048FFFE642E07FB0C5A0801B8C2
:106000002E17FDD22E07FDD15810800FB63F4160EC
:10601000100948FFFD13961146150007120081E58F
:1060200048FFFE443A6FBABCEFDC460500050000AD
:106030000D162E17FE395A080105480001EB920093
:106040002E07FE38961F85AA42003424F0832E07BF
:10605000FAC04E02012340B0801340058409F0824B
:106060004685000158840F5446E5000158E70E04A8
:1060700047C5000159CE0FF846A5001258A5029059
:10608000469500125894832C44D0FFFF050E7FF8EC
:10609000040E7FF9B448045400014D0680234C26B9
:1060A0008021E2A0414014018AA04111400641280C
:1060B00008014142BC1A8A504029441B420A50241C
:1060C0004201087349002FD08C019601C00AE36099
:1060D000E80800048000E60AE804840A100480004E
:1060E000B44E05070001B4BC052E00014C268124E6
:1060F0004C568126E3D04008480141094001411235
:1061000088069B9540083C1A9AAA4023441BFE042B
:106110004201087349002FA88C0140C00013B4BC91
:10612000052E0001046E7FFC047E7FFD4C6680FE20
:106130004C56810E41091C01E3C74143C80140424E
:1061400098069AAE41483C1A412314014121101A85
:10615000420A50244209487349002F868C01970156
:10616000042E7FFC050E7FFD054E7FF8055E7FF94E
:106170004D4680D64C2680D4E395400AC001407835
:10618000540141215006415A080140615001400329
:10619000BC1A406AC81BFE0442031873F48149000C
:1061A0002F638C0196C1050E7FFD042E7FFCB4BCCD
:1061B000052E0001F401B40E055700014C068006BF
:1061C0004C5680044C26C0D04460007F40F230061C
:1061D0004EF200A2400610014021900696019B63FA
:1061E000CA029B5C9769C40BC30A00248000E64A7C
:1061F000E810E364E8568C4110248000402230040B
:1062000040218804C25500248000E64A4EF3005421
:10621000E364E809F00240060006C005F002E2600F
:106220004EF300E24EC2002DC42BC32A2E07FB41C1
:10623000C8272E07FAFAC8242E07FB524E03002166
:1062400044000D2449002F1040003006C019E4D44A
:10625000E817B40A14D7000014D700014C068008D0
:106260003C0DFF0E50007FFF3C0FFF0E3B0744002C
:1062700084003B0544203B0E4420100480008D0820
:106280004605000158000FA450E7000851CE004019
:106290008D488D214C807EFCEC243A6FBA84DD9EC3
:1062A000E363E9AA4022300440218804CA04842020
:1062B000101480004EC20010C40E2E77FB554022F1
:1062C0003057F103450000C8E24141059C1A4EF2E7
:1062D000008392005CF00078E910E6ABE80EE66B14
:1062E0004EF2000C14D7000014D700013B07440005
:1062F0003B0E442048FFFFC5040E7FF84C06FF9478
:10630000B40E4C06FF91C4BC500E7FF03B0044001D
:1063100048FFFFF04002300148FFFF608460B4BCDA
:10632000052E000148FFFF4982074420FFFF8480BB
:1063300048FFFF1C44C0000048FFFEF6046E7FFCCF
:106340008580047E7FFD4C66BFF19200054E7FF88C
:10635000055E7FF984804D4680628207804648FF53
:10636000FF0D9200416AC80141501401420B5824AC
:10637000420AD4739B95F386F485156F80044078A8
:106380004801155F800149002E6FF08742039C246D
:106390004203187349002E68055F8001056F800471
:1063A000F405402B5404F3064E22FF1040239804BA
:1063B0004E22FF0C436B1C24436A9873F607FF843C
:1063C000440FFF9C420B0024406018D697B248FF50
:1063D000FEFF9200E36C4EF3FF7FE2904EF2FF84EB
:1063E00048FFFF7A40020C17F103E2204EF2FF1C37
:1063F00040023017E2204EF2FF173C0DFF02E6028A
:106400004EF2FF122E07FB524E03FF0E48FFFF6CA9
:106410002E07FE38920448FFFE18804682078460EB
:1064200048FFFECB2E07FDB44200180B4E030004BC
:106430004A007820462500083C1DFF024401000167
:1064400014010015462500081401001B462500080C
:1064500014010016462500081401001C46250008FA
:1064600014010017462500081401001D46250008E8
:1064700014010018462500081401001E46250008D6
:1064800014010019462500081401001F46250008C4
:106490001401001A4625000814010020C1CA3A6FF1
:1064A0009CBCEFF43E6FFF3E84E0A6B1A770963827
:1064B000E2458CE1820200437FFE00137FFFE80388
:1064C000804580B0E2248201E8048024809092001C
:1064D000102F8000101F8004105F8001104F800576
:1064E000B43FF2014900000C3C0DFF028CC4400394
:1064F0008006C8DCEC0C3A6F9C84DD9E3A6FAC3CA5
:10650000EFF847550008595A808497C997918160E0
:10651000964892E8969092C8807546550008585261
:1065200080D844410001AB194C32FFFF47450008B9
:10653000594A00D880744655000858528154444145
:106540000001AB194C32FFFF418384004173080006
:10655000E227418C0409417B8409E94B4430003E29
:106560005093096042938C734635000E5831842C49
:10657000409484088923810786404001180646F527
:10658000000858F7808447950008599C80D89200ED
:10659000C8294134040882098086556400FF9200AE
:1065A0002A38000141190C074E370019385ACC011E
:1065B00040528C074E5200043837CC09385A11012A
:1065C00040528C074E520004383C91094F1200078C
:1065D000557200FF4121801383168C8140311006D3
:1065E000C3E08D014030A0065094807CC3D292005D
:1065F000E2F8823844400064E82E405C04088EA231
:1066000082184560006446850008588400864590DD
:106610000064D50BE91B82C38F8150320064E2F025
:1066200097198EA2E8189200383A940138041401A0
:106630004231E4244031807696D95C0180655CF17A
:106640008050C8E945600064D5E8889650427F9C38
:1066500088649719403C0406C32C510C0001385A39
:10666000E101410804084530006445600064D50B31
:106670004EF300B850420064E3A1826597218D82F9
:1066800080A7E817387AC0018DA14233D824405141
:1066900094B697695C3280655CF28050CBEA5042D8
:1066A0000064E3A14530006497218D8280A7E9EB67
:1066B000443001A0FEE446468DB850420BAD424145
:1066C0009068907F4122B00A40390C01412180132B
:1066D000E2D746350008583180543921AD09821778
:1066E00044300064E82E404B84088E8280B74550C9
:1066F000006447850008598C00DA45600064D50BBA
:10670000E91B82A18EA150118064E2C596C98E82D8
:10671000E8189200381A1001387C10014210D82471
:1067200040109C3696495C0080655CF08050C8E95A
:1067300045500064D5E888755031FF9C882396C980
:10674000401B8806C12C505B8001384A5D01956969
:106750004530006445500064D50C9200E94A503140
:106760008064E382826496D98CA28086E8189200C5
:10677000386A14018D814213542440409096972129
:106780005C1200655CF20050C9EA50318064E3821B
:106790004530006496D98CA28086E9EB441001BB99
:1067A000FE5C46468DB850420BAD4240906840308A
:1067B000FC0A4012B00A8A239649E2324120BC1AF0
:1067C000462500085821006C38112D09461500088F
:1067D0005810803C3920AD09EC083A6FAC04DD9EBE
:1067E000403990005031FF9C8865971948FFFF623F
:1067F00040198C005010FF9C882496C9D5D0920077
:106800003A6FBABCEFF44605001684400480029D3E
:10681000503100004605001658000E084655001677
:1068200058528EA83A200C24D8FE47C5001659CEDF
:106830000D6846A5001658A50E08801C44107FFF61
:10684000AA414C057FFF8600862046E5001658E7E2
:106850000D142E27FDB2FD98FDA8FDB8800E3B005B
:106860005C243B005C2480204221100B3B00CC24A4
:106870004E230608842084002E77FB5246350007FD
:10688000120187A484403C1BFDDA4605000D12204E
:1068900000AF4605000E1220021446050016122015
:1068A00005E64695001658948BD046C5001658C686
:1068B0000E0846B5001058B58B444778888882A9E1
:1068C0003D4DFEFA822B4635001658318D68804CBE
:1068D00084A04645000A584209588600517B8889A1
:1068E000B79F150F800186404E73033D831182745C
:1068F000D51E92004765000D026B00AFE0C1E80DA8
:106900004765000D120B00AF4605000D10500164E5
:106910004605000D11200165B403E220E802B6230C
:10692000B4028DC18820B6225B203C1E0A1980016A
:1069300038020501381405018A01960196431A1C94
:1069400000014E16FFD9C10B4605000E22000214AD
:10695000E020E8054605000E121002148DC1B78331
:106960005B283CE68CA1515A80088C448C64514AC7
:1069700000785118807C5A5828B546050007040055
:1069800003CC84204625001612110548400040091A
:106990004625001612110549490056623D77FDDA79
:1069A000C02C3C43FDB14605001622500548460563
:1069B00000168897230005494635001058318BBCD6
:1069C0004715001159188F1C5001FF882A1000012B
:1069D000E024E80542528400430804014C307FF86B
:1069E0005031807C4C38FFF24605001613000549F3
:1069F00046050016125005482E27FF1C46150016A6
:106A000058108D688857D5034CA08534A209E24000
:106A1000E8FC2E47FAF1952150420001463888885B
:106A20004655001658528EA84625001658210D6866
:106A3000503188890C06000142000C69400094091D
:106A4000AA114CC2FFF98E81460500161240075468
:106A50002E07FE234200040B4E020014465500167A
:106A600058528D144635001658318D640A02800143
:106A70000C2E0001E202E8031222FFFF4C32FFF865
:106A80004605000D001001644605000D382705017C
:106A9000020000AF40115C00E0204EF2039E8A1716
:106AA00040A0080140A500134605000D12A000AF4C
:106AB0002E67FB523D37FDC684604685001658841C
:106AC0000D144675001058738B44860084A08620F0
:106AD0008720418B8013536B80004550FFFF92004D
:106AE0000A0400014140600041205C00414A00135B
:106AF0004F3502968187848040FC8408221600006E
:106B00008041C6159624880F38D48202420680033D
:106B10005E0000654E03000C400684074ED701D688
:106B20004E0201F58A2D964B8041920040090807DC
:106B30004E0201D44000D00196034E0700058C613F
:106B4000898096D940104C004E1501DC4E0501D2CB
:106B50008C811A0600015A483CD3519C8001507325
:106B6000807C5B9828BF92003D3DFF084605000DE4
:106B7000150000584605000D123000AD5B380204C8
:106B8000480004542E07FE25E211E80F46050002D6
:106B9000000005FC4615000258000001100085FCAD
:106BA000440000013C0FFF092E07FE569405E00546
:106BB000E80E46050002000005FC461500025800DC
:106BC0000002100085FC84013C0FFF094605000708
:106BD000040003F2E20AE81546050002001005FC75
:106BE000581080042E07FABC46350002844110116B
:106BF00085FC8C013C2FFF093C0FFF0F3E27FB2338
:106C00005CF980024EF303DC46050007040003CC68
:106C100092103C6DFEF8490055238421C8049E73F0
:106C20005C1080012E07FAE1C0068E013E07FAE1F2
:106C3000842092002EF7FB554EF302CB414084088E
:106C4000514A0001554A00FF2E67FE81478A55AA26
:106C50002E97FB5251937FFF4735001059398BBC5B
:106C60004775000F597B876A4765000E596B042CE6
:106C70004755000D595A81684685001158840F1CEC
:106C800084FF518C055A92004E9201514E620218B7
:106C90005C0380265AF801044800022D4E03044A82
:106CA000818B80578400920023210000384A811193
:106CB0002A56000138DB011194C14F2701334E479A
:106CC00001314E55011482258211430204734300A1
:106CD000B47346D5000704D683C54CDC011D4108BA
:106CE00052169200410800118C011B010001385A14
:106CF0008C09384B0C095A083CD992005139807CD8
:106D000050B5807C517B807C516B0078515A8078E3
:106D10008CE14D347FBB2E07FDB24200100B4E02BA
:106D2000034992002E0FFE244E050266460500160A
:106D3000043002A244000500FEC42E07FDBA979954
:106D40004900542C3C1DFF085A1802044800023622
:106D500084204625001614110296462500161411AB
:106D6000029780668680862086A04655000358528A
:106D70008500472500145929025492005131828020
:106D8000D50689A48C614C39801B920038290D01ED
:106D90002A1280018A229649968B5040FFD85EF1D4
:106DA000002997215E217FD8E8ED50108028964B6E
:106DB000C2EA8C61414A04014C39FFEA5B5001048C
:106DC000480002004625001693A32E17FB2E414AC9
:106DD0000C091511029646250016154102974E130F
:106DE00001CB2E17FB524E1301C78427FE0C4626FB
:106DF000666650210667422008682E17FB55402121
:106E0000880A901F8A404E1301B74605000D020004
:106E100000AF5CF001C24EF2019F4615000D02303A
:106E200080AD4615000D0410805840108C37E222CA
:106E30004EF201925CF887D04EF2000844100FA089
:106E4000462500161211052B4615001600208A54FF
:106E50004E2203984615001604108298402084099B
:106E6000402888064E23000C4625001602410532B4
:106E700040220409402008064E2203C6462500167B
:106E8000440000001211052B4615001614008298CC
:106E90004615001610008A544EF201905CFA07D194
:106EA0004EF3018C46050002000005FC4615000269
:106EB00058000040100085FC84013C0FFF09EC0CD9
:106EC0003A6FBA84DD9E92004000B4074ED3FE2A8A
:106ED000400904074E03FE304021580784004E222B
:106EE000FE39400C040048FFFE29822448FFFEEED4
:106EF0008AA0401A94069769405A841B48FFFE2ACC
:106F00008DA14118801348FFFE238440842048FF50
:106F1000FE0F92004319647341089A1648FFFEE47D
:106F200086204E54FED248FFFED18095807682376F
:106F3000804B92002B01000122520000232180008F
:106F40008010420284734200C8731B02000140009B
:106F500050161A0880011A5180014C29FFED48FF94
:106F6000FECF83318314D5254735000D026980AFEC
:106F7000E0C0E80D4735000D121980AF4615000D31
:106F8000105081644615000D11208165B423E20183
:106F9000E802B60354D90001B5E2381FB60289E011
:106FA0008DC18801B7E2380FB60A5B203C1F920002
:106FB0000A1C000138020501381405019A4196495E
:106FC000960B1A0C80014E06FFD1C00B4615000E21
:106FD00022108214E001E8054615000E120082140A
:106FE0008DC1B7835B283CE6059F8000058F80013B
:106FF000432CDC68420C5C68412CCC00400C040043
:10700000419CFC0A4019100A9004418C7C0A8A3980
:107010008A18B635140A800148FFFCA680878420B0
:1070200040CC840822020000C611968C884C38D4CB
:107030008A02422680035EF10065E9084ED7003CD3
:1070400040F68007E8348A0D96038040E1C2E81FCD
:107050008A1496034E0700068C61898040318013A4
:1070600040204C004E2500204E0500168C211A02AF
:1070700000015A183CD9519C80015073807C5B9070
:10708000280548FFFD2F920048FFFD70E056E80AF2
:107090008818D5E08AA0402A94069769405A881B30
:1070A000D5E684008DA141188013D5DF844084008B
:1070B000D5CE92004ED2FFCBE00DD5C5809580761F
:1070C0008237804B2B0100012252000023218000D7
:1070D0008010420284734200C8731B02000140000A
:1070E00050161A0880011A5180014D317FED48FF7A
:1070F000FE0780B54E0302658097222B8000800B2F
:1071000082562A300001231A80004E270021920067
:107110004F17001E82114E35000382034301647332
:107120001A32800140281856470500071A2200012C
:10713000050803C51B1900014D303DE22222000065
:107140002A300001231280004E26FFE44E34FFE770
:107150008600D5E55CF001C2E9304605000D461514
:10716000000D020000AD0410805840108037E2226C
:107170004EF300244605001600000A54C0104605D0
:107180000016040002988423FE0C46250016920285
:1071900096015CF00FA01201052BE92784204625FB
:1071A0000016840010110A54461500161400829827
:1071B0004615001612008532EC0C3A6FBA84DD9E3B
:1071C0004655000458528E0086A148FFFDD986839B
:1071D000842148FFFD3B84004615000D120080AF5E
:1071E000854048FFFC67920044000FA01201052B68
:1071F000D5D6920046050007040003FD540000FFA9
:107200005A0811044800018284013E07FAD23E0761
:10721000FAF9FA60FA40FBA0450000104605000F9D
:10722000580007E24725001059290B42866092005A
:1072300022507FC522107FC4952BE081E8538A2518
:107240004210C4244010900A12107FC322507FFEC7
:1072500022107FFF952BE081E83D8A254210C02453
:107260009024AC405000007C4C097FE44605000FA0
:107270005800076A4705000F590807E28620D51510
:107280008A25FE5C4010900A12107FC122500933FB
:1072900022100971952BE081E8168A25FE5490246E
:1072A000121009AF4C08002C2A1000012250003D9A
:1072B000952BE081E9E69529E081E86F8A25FE5C5F
:1072C0009025D5E39529E081E8168A25FE5490257E
:1072D000D5E89529E081E8698A254210C0249025E7
:1072E000D5C19529E081E85D8A254210C424902506
:1072F000D5AC9200131009AF4C087FD84605000F9B
:10730000233003774605000F231003B44605001011
:107310002320056546050010230005264605000FBD
:10732000225003B24605000F223003F1460500103B
:10733000224005A046050010222005632E17FE9E60
:1073400089B32E07FE9F88A389924030900991A1AE
:1073500088829181965F42388C2440201009908168
:1073600090A1961F42180424FE249064FEAC46456A
:10737000000F90241232037646350010904412110B
:1073800085644615000F9004122083B34615001043
:10739000120085A148FFFCCC13107FC148FFFF7885
:1073A00013307FC348FFFF541330000048FFFF5CD9
:1073B0002E07FDEF490050F848FFFCB62E07FB2EC4
:1073C0004E03FC243C0DFF265CF027114EF3000613
:1073D0002E0FFDB34E0501223C0DFF094E02FC1697
:1073E0005A60010448FFFC1246050016040002A280
:1073F0005A00010448FFFC0A46050002000005FC93
:107400005A00010448FFFC024002C4175CF00FA1BF
:107410004EF3FBFC5008FFFFE60F4EF2FBF7840033
:107420003C0FFF0948FFFBF246050011580004F429
:10743000472500115929056C860AD50B2240003DCD
:107440008864E0249061E81112307FFF4C093B9C76
:107450002A1000014220C0244E17FFFA22307FC1BB
:107460009043E023E9EC920012207FFFD5F09200D8
:1074700046050016024007544E42FAEC48FFFAD087
:10748000490048105A0801222E07FADD4E03003A3F
:1074900046050016040002A25A0001202E07FDEF47
:1074A000490050823C1DFEF85A1803062E07FDF3D2
:1074B0004900507A2E77FB525A780104480000CEDA
:1074C000964348FFF9DD92002E07FDF04900506C0D
:1074D000964348FFF9D392002E07FE82490050647C
:1074E0003C1DFEF85A1803062E07FE5D4900505C4D
:1074F0002E77FB525A7801E62E07FE79D5E89200E6
:107500002E07FDF2D5E492002E17FAD22E07FAF9D3
:10751000C9342E27FE9C40311009969F4E03FE7DF4
:107520002E07FE9D411010095500000F48FFFE7800
:1075300080B582368097806B232200002A2180014B
:10754000230280004F2700164F07001480104E259D
:1075500000038002420964731A2280014000181659
:107560001A0200011B0880014D31FFE848FFFBC8EB
:107570004E24FFF18400D5EFFA60FA40D5D0920096
:10758000461500160210852B4010C4064E12FC86CC
:1075900046350016151182984635001684211201D1
:1075A00085324605001610100A543E17FB313E176F
:1075B000FB113C2BFDC0EC0C3A6FBA84DD9E823689
:1075C0008097806B232200002A2180012302800003
:1075D0004F2700164F07001480104E25000380022D
:1075E000420964731A228001400018161A02000131
:1075F0001B0880014D31FFE848FFFB8284004E24C8
:10760000FFF0D5EFE231E805461500161510829817
:107610008804900148FFFDCE2E07FB554E03FEDE89
:1076200046050016041002A284013E07FB553E07E2
:10763000FB52C90D46150007041083F14420A33AFC
:107640004010C0094C1100043E07FB483C0DFF09E7
:107650004E03FECC48FFFADA2E07FE8348FFFF38C0
:107660004420FFFFB641A889A88AA88BA88CA88DC2
:10767000A88EA88F14208008142080091420800A66
:107680001420800B1420800C1420800D1420800EF8
:107690001420800F142080101420801114208012D8
:1076A000142080133C53FEA38640844086C045507E
:1076B000FFFF86E1B4804032880E96DC05100001A1
:1076C0004C4A8027414B880C51390001C31846357C
:1076D00000070031839953018A00E38440320C068D
:1076E000E917CB16463500070031839A53018640CF
:1076F000E39140388C06E90C4E33000B4F630004D5
:10770000A909B7A14052D012552980FF86C18C41EA
:107710008C105A280AD13C5BFEA38012DD9E920099
:107720003A6FA83CEFF482203A0F842041500013B6
:10773000E6428241416080133C33FE62E9208405C9
:107740003E07FD4980A384854E3201BE540200FDF0
:107750005A080104480001C25A48020448000202C3
:107760002E17FB314E120138440000053E07FD493B
:107770004E2301EE84003E07FD49D53580A32E47F8
:10778000FD494E32016BC4235A4005EC5A400404B3
:107790004800016C4E2201C03C03FE944000540698
:1077A0004E02024E3C03FE93400A80064E020248FF
:1077B0003C03FE96400058064E0202423C03FE95F2
:1077C000400B00064E02023C4E43FFC25A28010401
:1077D000480001AA2E17FB314E13FFC84E2301505B
:1077E000441000002E07FAA85A00FF06847F3E3797
:1077F000FAA892005A180104480001B04E2300E88C
:107800002E37FE88441000609264FECC4645000787
:10781000470666660062038651080667471500073B
:10782000464500074321C0680168838700420388FA
:107830004715000701588389471500070078838B97
:1078400091E241122008907F89B540398C01453082
:1078500000FF3D3BFEA33C2BFE63849F3C2BFE645C
:107860003C4BFE653C4BFE663C2BFE683C2BFE69A8
:107870003C2BFE6A3C2BFE6B3C4BFE6C3C4BFE6D86
:107880003C4BFE6E3C4BFE6F84803E47FCE83C2B3D
:10789000FE62465500070052838A412320083C2B94
:1078A000FE8A89D63C2BFE8B3D2BFE8C4052A008D5
:1078B00088A73D1BFE8D3C5BFE8E444000483E4742
:1078C000FD1E84853E47FD1FFA9486813E47FD20BC
:1078D0003F47FD21444000403E47FD223F47FD23F6
:1078E0003E37FD242E57FE8746350007004183941E
:1078F00040329009FECC975F4321C068FE6C41691D
:10790000880A4300C06846550007907F0072839242
:107910004181D8014655000700628393903F40584B
:10792000880A518C064041709401403B0C013D8B0C
:10793000FE93516B8A003C3BFE949A693D6BFE9529
:107940003C1BFE9652938640470500073C9BFE97E2
:10795000015803953C7BFE9853730A00404220086F
:107960003D7BFE9947250007415A90003C6BFE9AEB
:10797000008903963D5BFE9B4725000700F90397AE
:107980003C8BFE9C47250007019903983CFBFE9D1C
:107990003D9BFE9E3C2BFE9F3C2BFEA1860086203D
:1079A0003C2BFEA0FD9886803C2BFEA23E5FFCECAB
:1079B0003E4FFD003B02D0243B0250243C2BFE7086
:1079C0003C2BFE713C2BFE723C2BFE73EC0C3A6F91
:1079D000A804DD9E2E07FD495A0804044800013C16
:1079E0005A08050448FFFEC65A20010448FFFEF865
:1079F00044100000500AFFFF96C14400FFFDE2035F
:107A0000E9283C03FE63C8053C03FE644E020148BE
:107A10004635000746050007006183950000039482
:107A2000463500070031839B40002008990640013D
:107A3000A008463500070031839C88048803E0A035
:107A4000E8048CA13C5BFE623D5BFE653D6BFE661F
:107A5000440000FF48FFFED05A4005364E42003732
:107A60005A48040448FFFE983C03FEA58C013C0BD9
:107A7000FEA54E42FEADC24F48FFFE9044100000EE
:107A8000E9E8920046150007460500070050839577
:107A900000000394461500070010839B4000200857
:107AA00099054000A008461500070010839C880433
:107AB0008801E060E8048C613C3BFE62440000FF0A
:107AC00048FFFE9E84003E07FD4984A05A20010421
:107AD00048FFFE82480000285A2801044800008020
:107AE0004E23FE403C63FEA82E07FD213C13FEA55D
:107AF0008806400080074E0300CB84025A480104E8
:107B0000480000685A480304480001BE3C1BFEA818
:107B100048FFFE284E4300B42E17FB314E13FE26BD
:107B200048FFFE604400FFFF4D5001A43E27FD4981
:107B30003D5BFEA684003D6BFEA73C0BFEA53C0B07
:107B4000FEA8841F3E07FAA848FFFE0C5A20010435
:107B500048FFFF9848FFFF503C33FE6248FFFF9408
:107B60003C13FEA53C43FEA8400090064E0300686F
:107B70002E07FD22880440008007C0615A200104BE
:107B800048FFFE2A4400FFFF4D5001743C03FEA64F
:107B900041188013406A80064E620186400044010D
:107BA0002E67FD2440030007C8403C03FEA741297F
:107BB0000013407B00064E72017B8A1240030007CF
:107BC000C8342E07FD23880440008007C82E840394
:107BD0004642001B3E07FD4948FFFF9A3C03FEA6B4
:107BE00041188013401A80064E1300584008800147
:107BF0002E17FD2440008007C8183C03FEA741292A
:107C00000013404B00064E42013B8A124010800791
:107C1000C90C3C03FEA82E17FD203C43FEA588019D
:107C2000400010074E02FD9E2E17FB314400000558
:107C30003E07FD494E13FD9A48FFFEDE2E17FB312D
:107C4000440000053E07FD494E13FD904E22FD9471
:107C500048FFFF7E444FFF803E47FAA83E17FD498C
:107C60003E07FB443E47FB454400003C3E07FB43C8
:107C70005A20010448FFFDB448FFFEBC540200FD39
:107C80005A00010448FFFD6A48FFFF2E2E17FB3102
:107C90004E13FD6C48FFFD708A11D5AB2E37FE8761
:107CA0002E57FE88414190094440006096DFFEE473
:107CB00092A44706666651080667434A1024FF2CC3
:107CC0004381C06846550007428A406843224068A5
:107CD00000728386470500074655000700628388C7
:107CE00000A80387418C880A47050007907F00F8A9
:107CF00003894174880A4191E001414A7C0A4705A1
:107D000000070088038B4113A00841032008407935
:107D1000880A406A5C0141327C0A404BD001514CD8
:107D20008A00457000FF3D7BFEA33C0BFE683C0BC8
:107D3000FE693C0BFE6A865F3C0BFE6B3D2BFE6CC6
:107D40003D2BFE6D3D2BFE6E3D2BFE6F86403F278B
:107D5000FCE83C0BFE62465500073C0BFE8A0052D5
:107D6000838A89AA3C0BFE8B898F3D1BFE8C405277
:107D7000A00888A83D0BFE8D3C5BFE8E4450004859
:107D80003E57FD1E84A53E57FD1FFAB485213E5780
:107D9000FD203E97FD21445000403E57FD224133D7
:107DA000CC013E97FD233F37FD24506306403C6BDA
:107DB000FE933C4BFE94465500073D4BFE950072EA
:107DC0008392403C0C0146550007006283933C3B84
:107DD000FE964645000752A38640004203943CAB02
:107DE000FE9746550007005283953C7BFE985383CF
:107DF0000A00404220083D8BFE99417290004725C1
:107E000000073C6BFE9A009903963D7BFE9B47253D
:107E10000007008903973C9BFE9C472500070199BA
:107E200003983C8BFE9D3D9BFE9E3C0BFE9F3C0BB6
:107E3000FEA13C0BFEA03C0BFEA23C0BFE7086009C
:107E400086203C0BFE713C0BFE72FD9886803E5FE7
:107E5000FCEC3E4FFD003B02D0243B0250243C0B87
:107E6000FE733D5BFE633D6BFE6448FFFDEF9200D9
:107E70002E17FB314E13FC7A48FFFDBE400900016E
:107E800048FFFEC62E07FD1F40000406C0092E074E
:107E9000FD1E40008006C004840448FFFE9B84054C
:107EA00048FFFE984008800148FFFE7C4009000121
:107EB00048FFFE863A6F98BC49002F8A2E17FB4474
:107EC0002E67FC84C1122E27FB43C21250217FFF74
:107ED0003E27FB43C8069E3196005CF000FEE91386
:107EE0003A6F9884DD9E92003E17FB43D5F48E21B5
:107EF0003E17FB444410003C3E17FB432E67FB45F6
:107F0000D5EA920040132008400340088801880603
:107F10004013600895B2880152637FF0490044988D
:107F200040636008440044CC88064900449184CCF6
:107F30008EC1841F97B04900448BCEFB841F3E073F
:107F4000FC8484013E07FD483A6F9884DD9E9200D0
:107F50002E07FD48DD9E920084003E07FD48DD9E11
:107F60003A6F98BC2E27FC942E07FC954410003ED7
:107F70008060423104734665000E5863042C8023F0
:107F80005031896095195010938C88869449383304
:107F90000D1188263C4FFF243C1FFF224E35008ADE
:107FA00043100C2443010C244615001200108103D9
:107FB000E220E8569A41E4224EF30056461500129C
:107FC0000450802E461500120440802C46150012E5
:107FD00088650410802D4655001288911432802E39
:107FE000463500124010C0001441802C4635001266
:107FF0001411802D2E17FF69E220E8033E07FF6968
:108000002E17FF68E201E8033E07FF682E17FF6A9C
:10801000E222E8033E27FF6A2E17FF6BE241E803E6
:108020003E27FF6B4410003E420104734615000ECC
:108030005810842C5000138C382301115A20FE4410
:108040003C4DFF122E37FC94384081092E27FC95B9
:108050003E37FC8C3E27FC8D3A6F9884DD9E8A204B
:10806000E422E8AD4615001200108102E222E82663
:108070009A51E4224EF2FFA4461500120410800A21
:1080800046550012886146150012044080084615C6
:1080900000120410800988911432800A46350012BB
:1080A0008830144180084635001214118009D5A388
:1080B00086008620846048FFFF798A22E4224EF2FF
:1080C000FF7FD5DB462500120421003A3C3DFF121C
:1080D0005021000138308109460500121420003A71
:1080E00049004A384E0301CE2E07FC948420C01D5F
:1080F0003C3DFF223C1DFF122251FFC2D1143C4DDA
:10810000FF243C23FDD12212000022427FC288229C
:1081100040F090074EF20216221180005A18FB041C
:1081200048000210501000002E27FB108E41E02264
:10813000E83A3C3DFF223C1DFF122251803ED133E4
:108140003C4DFF243C23FDD1221200002242003E80
:108150008822E024E805221180005A18FB258C01B2
:108160003E07FC9449FFFEFE2E07FC8C2E17FC8D6B
:108170008E0196004420003E8061423008738043A7
:108180003E07FC945031096094D95021138C8866C5
:1081900094913E17FC9588463C3FFF243C2FFF22DC
:1081A000480000042E17FC958460C13D3C4DFF2221
:1081B0003C2DFF1222527FFF4C5101C13C5DFF2438
:1081C0003C33FDD1222280002252FFFF8843E0454C
:1081D0004EF20008222200005A20FB04480001AFA2
:1081E0005010FFFF3E17FC9549FFFEBC2E17FC8D7B
:1081F0008C2196482E07FC8C4420003E8061423042
:1082000008735041896095215021938C8886949100
:108210003E07FC9488463C4FFF243E17FC953C2FBC
:10822000FF2280612E27FAD18E41E062E83A3C5D60
:10823000FF223C2DFF12224280014C4100333D0DB4
:10824000FF243C43FDD1222800002308000188447C
:10825000E050E805222280005A28FB2450108001BB
:108260003E17FC9549FFFE7E2E17FC8D8E21964809
:108270002E07FC8C4420003E806142300873504140
:10828000896095215021938C888694913E07FC94B7
:1082900088463C4FFF243E17FC953C2FFF2280610F
:1082A0008440C057C14E3C5DFF223C2DFF1222424C
:1082B000FFC14C4100473C4DFF24230200003C23FA
:1082C000FDD123127FC28850E0514EF30175230285
:1082D0007FFFE0504EF301703C23FDCB8991224299
:1082E0007FC18850E044E805222280005A28FB2AFA
:1082F0008E018E213E07FC943E17FC9549FFFE320D
:108300002E17FC8D2E07FC8C8C2196488C01960034
:108310004420003E806142300873505189605041D2
:10832000938C956988A6952188863C5FFF243E073B
:10833000FC943E17FC95806180403C4FFF22C009B1
:108340002E27FAD18E41E0624EF300A850200000A3
:108350002E47FB108E81E0444EF20094C1543C5DE8
:10836000FF223C2DFF122242803D4C41004D3C4DEE
:10837000FF24230200003C23FDD12312003E88503D
:10838000E0514EF3010F23027FFFE0504EF3010A4C
:108390003C23FDCB89912242003D8850E044E80512
:1083A000222280005A28FB308C018E213E07FC944B
:1083B0003E17FC9549FFFDD62E17FC8D2E07FC8C31
:1083C0008C2196488E0196004420003E8061423008
:1083D000087380432E37FB10504109605021138CE5
:1083E00094918E619521888688C240200C073E07B3
:1083F000FC943C4FFF243E17FC953C6FFF228061AC
:108400004E2200402E27FAD18E41E062E83A3C4DE0
:10841000FF223C2DFF122252003FD2333C3DFF246D
:10842000225180003C23FDD12311803E8845E0513C
:108430004EF300AE2301800140F140074EF300A847
:108440003C53FDCB2231803F4028C0008845E043AB
:108450004EF20006222200005A28FB148C018C21C7
:108460003E07FC943E17FC9549FFFD7C2E17FC8CC3
:108470002E07FC8D8E218E013E17FC943E07FC9545
:108480002E17FC942E07FC953E17FC8C3E07FC8DA6
:108490003A6F98844A0078203C5DFF223C2DFF1201
:1084A0002242FFC34C413F543C4DFF2423020000B5
:1084B0003C23FDD123127FC28850E0514EF3008649
:1084C0002302000140F140074EF300803C23FDCB26
:1084D000899122427FC38850E044E807222280002D
:1084E0005A20FB0448FFFF348E018C213E07FC9488
:1084F0003E17FC9549FFFD362E17FC8D2E07FC8C90
:108500008E2196488C0196004420003E80614230C6
:108510000873505189605041938C956988A69521C4
:1085200088863C5FFF243E07FC943E17FC958061E3
:1085300080403C4FFF2248FFFF0D806148FFFE74E2
:1085400050007FFF3E07FC9449FFFD0C2E07FC8C7A
:108550002E47FC8D8C0196004410003E8044422042
:1085600004738022503109603E07FC9494D9502056
:10857000938C88663E47FC95949188463C3FFF2447
:10858000501000003C2FFF2248FFFDD022220000A7
:108590005A20FB0448FFFF762301800148FFFF5269
:1085A000222280005A20FB0448FFFF2E23027FFF77
:1085B00048FFFEF0222280005A20FB0448FFFEC242
:1085C00023027FFF48FFFE8A222280005A20FB04FC
:1085D00048FFFEBE2302000148FFFF7A3A6FB0BC9D
:1085E0002E07FB5284204625000D121100AC5A08BC
:1085F00001054800010E92002E77FB555073FFFFD6
:108600005C7380012E07FDB24200100B3C63FDB18C
:108610004E0201024605000D44100000022000AC8D
:108620002F87FABB2E97FAC42E87FB312EF7FB114A
:108630003D93FDC0828247550010595A8BC2477541
:10864000000D597B81688660440000FD456000FB99
:10865000452000FE47150012591881048DE150CACB
:10866000EBA8CF6650AA807880B78075848192008D
:108670002A2280015D008096402308071A018001AC
:10868000C20F948950B0800188511321FFFF4F021F
:1086900000083938850840158013AF1182818C811C
:1086A0004CA1FFE84020E006CA06872085E185014D
:1086B00044900001515A807C517B80785B3828D0EF
:1086C0004605000D134000AC3E97FAC43E87FB31CF
:1086D0003EF7FB113D9BFDC0C724462500105821E5
:1086E0000C364645001158420F96443000FB92006C
:1086F00050517F8CD5049200D21092000A12800152
:108700005A18FDFCA4685A18FEF90212FFFE5A1806
:10871000FEF51232FFFFDAF35021007C4C227FEA93
:108720002E0FFE244E0500323A6FB084DD9E821774
:1087300080758440D50C920038A609119D514EA534
:1087400000214E45001F80455A503CAE2A4800018A
:108750005CA08096405310071A018001C5EE950970
:1087600050B0800188919D511321FFFF4EA2FFED73
:108770003938850840158013AF61828148FFFFE5D5
:108780001361FFFF9D51D5E03C33FDB14705001259
:10879000590800164605001058000BBE445000FD55
:1087A000444000FC22207597221075D4E062822498
:1087B0004112BC1A8051E06182244112BC1A12207D
:1087C0007FC3131000005000007C4C087FED46056D
:1087D000000F580006EC4655000F58528768444079
:1087E00000FD442000FCD50D12200A2B221009EDBB
:1087F0008202E06141023C1A130014194C02BF9638
:108800002A100001E061E9F112400A2BD5F084E161
:1088100048FFFEFA2E07FDEF490046C64615000D3B
:10882000022080AC88069781802248FFFEFB9200E0
:108830003A6FBABCEFFC8600862046850012588449
:1088400000BCFD98FDA8FDB880683B01DC248400D5
:108850002E17FAD12E27FB103B01CC2446350011F0
:10886000140183E746350011140183E846350011F1
:10887000140183E9463500121401800B46350012BD
:108880001401800C463500121401800D3E17FF3C88
:108890003E07FF3D3E07FF3E3E27FF3F46350011A6
:1088A000140183EA46350011140183EB46350011AB
:1088B000140183EC463500121401800E4635001277
:1088C0001401800F46350012140180103E17FF403E
:1088D0003E07FF413E07FF423E27FF43463500115A
:1088E000140183ED46350011140183EE4635001165
:1088F000140183EF46350012140180114635001231
:108900001401801246350012140180133E17FF44F3
:108910003E07FF453E07FF463E27FF47463500110D
:10892000140183F046350011140183F1463500111E
:10893000140183F2463500121401801446350012EA
:108940001401801546350012140180163E17FF48A9
:108950003E07FF493E07FF4A3E27FF4B46350011C1
:10896000140183F346350011140183F446350011D8
:10897000140183F5463500121401801746350012A4
:108980001401801846350012140180193E17FF4C5F
:108990003E07FF4D3E07FF4E3E27FF4F4635001175
:1089A000140183F646350011140183F74635001192
:1089B000140183F8463500121401801A463500125E
:1089C0001401801B463500121401801C3E17FF5015
:1089D0003E07FF513E07FF523E27FF534635001129
:1089E000140183F946350011140183FA463500114C
:1089F000140183FB463500121401801D4635001218
:108A00001401801E463500121401801F3E17FF54CA
:108A10003E07FF553E07FF563E27FF5746350011DC
:108A2000140183FC46350011140183FD4635001105
:108A3000140183FE463500121401802046350012D1
:108A40001401802146350012140180223E17FF5880
:108A50003E07FF593E07FF5A3E27FF5B4635001190
:108A6000140183FF463500121401800046350012C0
:108A7000140180014635001214018023463500128E
:108A80001401802446350012140180253E17FF5C36
:108A90003E07FF5D3E07FF5E3E27FF5F4645001233
:108AA000140200024645001214020003464500125B
:108AB0001402000446450012140200264645001226
:108AC0001402002746450012140200283E17FF60DA
:108AD0003E07FF613E07FF623E27FF6346450012E7
:108AE0001402000546450012140200064645001215
:108AF00014020007464500121402002946450012E0
:108B00001402002A464500121402002B3E17FF648F
:108B10003E07FF653E07FF663E27FF672E37FB31A6
:108B20003C0FFF023C0FFF12C3322E07FAC4C025D0
:108B30002E37FABB4605000D020000AC9263E260DE
:108B4000E92A2E57FDD33C33FDC0848AFF2C8C616B
:108B500096D9E0833C3BFDC04EF2020884603C3B6A
:108B6000FDC03E37FB313E37FAC43E37FB13464566
:108B7000001610320A54D50F2E07FB13C8DA46052B
:108B8000001600000A54C8033E07FB314605000DDD
:108B9000020000AC85408520856046C5001258C69D
:108BA00001044665000E5863042C4470003E85A104
:108BB00085C092004635001214B1803A4635001245
:108BC00014B180084635001214B1800946350012F0
:108BD00014B1800A4635001214B1802C46350012BB
:108BE00014B1802D4635001214B1802E4632001B80
:108BF0003E17FF683EB7FF693EB7FF6A3E27FF6B2F
:108C0000C026954188AC4605001258000104860034
:108C1000D50492004C02801AA6C1A680802342117E
:108C20001C738C025040938C384311115A48FEF447
:108C30005010896038130511E181E8ED410080137F
:108C4000814381224C02FFEA4F0300C43C0DFF0226
:108C500084203E17FB044E0200873C2DFF022E1796
:108C6000FAF6460500120400002FE6424000800696
:108C70004EF30076462500120421003040F08806AD
:108C80004EF300A33C2DFF02E643E969462500129E
:108C90000421003140F088064EF300933C2DFF0282
:108CA000E644E95D462500120421003240F08806C2
:108CB0004EF300833C2DFF02E645E95146250012A4
:108CC0000421003340F088064EF300733C2DFF0270
:108CD000E646E9454625001204210034E222E96512
:108CE0003C2DFF02E647E93B4625001204210035F2
:108CF000E222E9583C2DFF02E648E9314625001200
:108D000004210036E222E94B3C2DFF02E649E92727
:108D10004625001204210037E222E93E3C2DFF02E5
:108D2000E64AE91D4625001204210038E222E93115
:108D30003C2DFF02E64BE9134625001204210039C1
:108D4000E222E9243C2DFF02E64CE9094625001207
:108D50000421003AE222E9173C1DFF024612001AE4
:108D60003E07FB0446050011461500120410800D55
:108D7000040003E9880192013C0BFDC9EC043A6F41
:108D8000BA84DD9E8C019600D5E88C019600D5DB77
:108D90008C019600D5CE8C019600D5C18C01960031
:108DA000D5B48C019600D5A78C019600D59A8C017C
:108DB000960048FFFF8D8C01960048FFFF7D8C01D7
:108DC000960048FFFF6D8C01960048FFFF5D920002
:108DD00046050012109001024605001210A0010382
:108DE0003E97FC943EA7FC9549FFF8BC460500124F
:108DF0000430003A2E07FAD440000C064E02000A56
:108E00003ED7FB133ED7FB313ED7FB113CEBFDC0F9
:108E10003C1DFF023C0DFF128C013C0FFF124E1255
:108E200000A93C2DFF024605001158000F9C8E4101
:108E3000842C8080424104738044464500120452D1
:108E4000000AA092E2454EF200CB3C4DFF02C479ED
:108E50009EA1806042310473A0DAE265E872FE648C
:108E6000415208088E2C463500125831802C88015A
:108E700041545400882347750012597B8020476570
:108E80000012596B00B03F9FFF683F8FFF3C465573
:108E90000012585280ECD50D4705001204307FFFB8
:108EA0000508000A8E41E2708E0C8E2C8E81E849F6
:108EB0003832890041410408383291084142D000DB
:108EC00094E1010A00018865110180014635001214
:108ED00001C181023B0048005030000C3B01C8201A
:108EE00004FAFFFF3B00C8005030800C41310808F5
:108EF0001CFAFFFF39C289083B01C82089F84635B2
:108F0000001240F208083BF9FC8001C181033B0BD1
:108F1000C800403C3C003B0048203BF1FCA04635EB
:108F200000120431803AB67511CA00013B0B4800AB
:108F30003A3C8C003B00C8203A398C20CAAE9200E3
:108F40003C0DFF02E60BE8073C0DFF02500000015C
:108F50003C0FFF022E17FAD12E27FB104605000DFD
:108F6000020000AC48FFFE284E03FE1648FFFDF845
:108F70004615001247750012597B8020004081027F
:108F80003B0BC8004605001158000F9C4615001207
:108F9000465500123B00482000208103104280EC1F
:108FA00047650012596B00B03F9FFF6846450012AD
:108FB0003B0B48003A1C8400102200ED46050012CD
:108FC0005800002C3F8FFF3C462500121431002F23
:108FD0003B0048203A1C0420D5B492003C2DFF02EF
:108FE00046450012FE5447750012597B802000420E
:108FF00001023B0BC800880146550012585280EC14
:10900000384289083B004820413104084765001276
:10901000596B00B03F8FFF3C3F9FFF68951247455B
:109020000012460500125800002C014A0103880175
:109030003B0B48003A1C840088B3418C100011425D
:10904000800138340A0A3B0048203A1C042048FFBB
:10905000FF7992003C0DFF024E0201A13A6FBA3C2B
:1090600084003E2FFF3C868A40E00808401138000B
:10907000A6CA0090800139C10200A64B413E2400DF
:10908000415184004339D024435AD0243C3DFF024F
:1090900091E1415A840A41698013417A8013842006
:1090A0004E32015E8C213C3DFF029648E2234EF297
:1090B0000157E201E8F841008808411140000048EA
:1090C00080013861060000788002003880039974BE
:1090D0004252D024886790A14231D024411280139B
:1090E0009061E3B6412180134EF20122418994013F
:1090F0005E7C00144E72001240795C064E720122B2
:10910000418A8C015E7C001F4E73001241899401DC
:109110004EF300044182CC015EFC001FE8C4E3D79B
:109120004EF20118403A8C01E474E8BD854C4310BE
:10913000282442A0A824473500125939802C4635EE
:109140000012583180EC4159C4004089A800417098
:1091500004084190840805840002052A80024171B8
:10916000DC004191E40000CB8001007C8001418C57
:10917000480047450012594A00BC46550011585254
:109180008F9C158A800288EC398A020238CA06024E
:109190004162C4004192A80004BC80024186600084
:1091A00004CB000238F2A802896C38C2C402059CC4
:1091B000800140F7B00004CB000104A40001419CF1
:1091C000B0000484000238C9C40238D181003921BA
:1091D0008500890C04CA800189CD91C190E1894C38
:1091E0004094900639218108107B8001398A020A57
:1091F00014BB000238F2C40A159B00013889C40A66
:1092000014AA80014E92000A4111380010488001D2
:109210003861060039C10200E2DCE8033861020867
:109220004001400040413800A782A622E206E80241
:10923000AFA2898240E13800004800030007000324
:10924000E2804EF300972E07FAD4E2184EF300990D
:109250003C0DFF028E013C0FFF023C0DFF02E2209D
:10926000E83A850C51508001424AA0244200A024D3
:109270003861D5004102900038618508389A56025D
:109280003D6DFF02407A84083B084800419A8808F7
:1092900099A841708808389A060A3B034820418003
:1092A00084088893541A80FF88E3419164003B024C
:1092B0004800A7F941515C004181E0003B7CDC00A3
:1092C0008813E236107C00013B0048203B7ADC200A
:1092D0004EF3FFCAE62C8401E826848CFF0C2E771F
:1092E000FAD14100880884608982412290004119A6
:1092F00090002E67FB10383A060A3832900A14396B
:109300000001143900023839900A143880011438E9
:109310008002387106081038000110380002106809
:10932000000392003A6FBA04DD9E92004182CC01A4
:109330005E7C00144E72FEF240795C064E73FEE2D3
:109340004181D4015E7C001F4E72FEE248FFFEF0B8
:109350008A75E4744EF3FEEC48FFFEA68C013C1DBA
:10936000FF029600E2014EF3FE818400D5DC9200FC
:109370002E07FAD410470003E2184EF2FF6B842048
:1093800084013C1BFDC03E07FB133E07FB313E073B
:10939000FB1184003A6FBA04DD9E8400DD9E9200CA
:1093A0003A6FB43C3C0DFF0286A08E01400A800655
:1093B00047450011594A0F9C866C47950012599CED
:1093C00080EC46F5001258F780BC47850012598C96
:1093D000002047750012597B80B0468500125884E2
:1093E000002C3E7FFF683E6FFF3C4E0200979200CC
:1093F000516A80013C0DFF028034556B00FF421A18
:10940000CC73400B0006A08A4E02008080B5801607
:10941000803442104C7351000001A0CA40410C0638
:109420003C1DFF024050101B540800FF4010040672
:109430004021901BC9EE4D528069380C95004615AD
:10944000001295291000810288994212CC24A6218D
:109450004625001210010103402A04003B01480088
:109460003B0C482038A7960288284705001214A80C
:10947000003A389CD5003B00C800420ACC2494EA4C
:1094800040BA8408389C95083B0BC82088668979C7
:109490003AD1B400409A000000C5800140AA880873
:1094A0003B04C80088083AD3B420894610C20001A2
:1094B0003847D6023847960A3B0148203B0048000F
:1094C000462500123A451000002101023B00C82049
:1094D0003A4190203B0C4800382CD5084615001224
:1094E000002081033B04C8203A138400102580012A
:1094F000462500123B0BC8000421003A3827D60A43
:109500003B0048203A1504203C0DFF0282B68E0134
:10951000400B00064E03FF6E3A6FB404DD9E9200CE
:109520003C0DFF024E0205643A6FBABCEF9C3E88C8
:1095300002008600862086403F8804E880083B00C1
:1095400048243F98052480183B0048243E68047C4A
:1095500080193B0048243EF804B88006FDA8FDB8F9
:109560003B0048243E5804F4FD98802F3B00DC2447
:1095700080053E98020C3E7805303B005C24804913
:109580003B00CC2480273B004C243B015C243B0067
:10959000DC243B014C243B00CC243E1804883B00D7
:1095A000DC244607FFFF50000FFF3B00CC243C0E9D
:1095B000008F3C0E00903C0E00913C0E00923C0E41
:1095C00000933C0E00943C0E00953C0E00963C0E21
:1095D00000973C0E00983C0E00993C0E009A3C0E01
:1095E000009B3C0E009C3C0E009D3C0E009E3C0EE1
:1095F000009F3C0E00A03C0E00A13C0E00A23C0EC1
:1096000000A33C0E00A43C0E00A53C0E00A63C0EA0
:1096100000A73C0E00A83C0E00A93C0E00AA3C0E80
:1096200000AB3C0E00AC3C0E00AD3C0E00AE3C0E60
:1096300000AF3C0E00B03C0E00B13C0E00B23C0E40
:1096400000B33C0E00B43C0E00B53C0E00B63C0E20
:1096500000B73C0E00B83C0E00B93C0E00BA3C0E00
:1096600000BB3C0E00BC3C0E00BD3C0E00BE3C0EE0
:1096700000BF3C0E00C03C0E00C13C0E00C23C0EC0
:1096800000C33C0E00C43C0E00C53C0E00C63C0EA0
:1096900000C73C0E00C83C0E00C93C0E00CA3C0E80
:1096A00000CB3C0E00CC3C0E00CD3C0E00CE3C0E60
:1096B00000CF3C0E00D03C0E00D13C0E00D23C0E40
:1096C00000D33C0E00D43C0E00D53C0E00D63C0E20
:1096D00000D73C0E00D83C0E00D93C0E00DA3C0E00
:1096E00000DB3C0E00DC3C0E00DD3C0E00DE3C0EE0
:1096F00000DF3C0E00E03C0E00E13C0E00E23C0EC0
:1097000000E33C0E00E43C0E00E53C0E00E63C0E9F
:1097100000E73C0E00E83C0E00E93C0E00EA3C0E7F
:1097200000EB3C0E00EC3C0E00ED3C0E00EE3C0E5F
:1097300000EF3C0E00F03C0E00F13C0E00F23C0E3F
:1097400000F33C0E00F43C0E00F53C0E00F63C0E1F
:1097500000F73C0E00F83C0E00F93C0E00FA3C0EFF
:1097600000FB3C0E00FC3C0E00FD3C0E00FE3C0EDF
:1097700000FF3C0E01003C0E01013C0E01023C0EBC
:1097800001033C0E01043C0E01053C0E01063C0E9B
:1097900001073C0E01083C0E01093C0E010A3C0E7B
:1097A000010B3C0E010C3C0E010D3C0E010E3C0E5B
:1097B000010F3C0E01103C0E01113C0E01123C0E3B
:1097C00001133C0E01143C0E01153C0E01163C0E1B
:1097D00001173C0E01183C0E01193D4DFF0E3C0EC9
:1097E000011A3C0E011B3C1DFF023C0E011C3C0EED
:1097F000011D401A04063C0E011E400A00104E13C3
:10980000040992003E1FB46046A7FFFFB5E186E061
:1098100086C044D0FFFF3FE8023C50A50FFF47C57C
:10982000000159CE0F2446E5000158E70EF4B5D3E8
:109830004D2680544E07004C410B0808899E471561
:10984000000159188E04415B88088480D534920049
:109850000438800104198001B4519A594635000535
:1098600000B18D288A524230842442310873B67088
:109870004EB3001C3CBDFF0240B5D0064EB20016F0
:1098800038CE540238B75402422130244210AC245E
:1098900040B0880740C104018A22944D4EB20004B2
:1098A000401614088861B6708C81510800308DA86C
:1098B0004C40000E3C1DFF0240120406C9CA8C81B8
:1098C000B7508DA8510800304C407FF63E180488F0
:1098D0003970DA0A516B0001517B80018DE85B78A9
:1098E0000CA8401B00074E1203E15A08010548006E
:1098F000086B92005A0802044800089A5A080304A8
:109900004800086C5A080404480008A6401B0808D0
:109910003ED8023C4627FFFF4010B40050210FFF05
:109920005A080504480003665A08060448000378EC
:109930005A080704480003865A080804480003969A
:10994000516B0001B6411420800C142080181420A3
:109950008024142080301420803C1420804814205F
:109960008054142080605A00090C1420806C5A0026
:109970000A08142080785A000B04142080848C2458
:109980004D607FE0845F664000073E1804E8806217
:109990008200C40941109000550000073A208C2431
:1099A0004D10FFFE4F0200084108040018208001FE
:1099B0004D00FFFE845F3E180524806251000000C8
:1099C0004E43036A4F02000841080400182080013A
:1099D0004D00FFFE95028440671200073E1804F414
:1099E000806282044F12000A411884005502000769
:1099F0003A208C244D10FFFE4F020008410804005D
:109A0000182080014D00FFFE4617FFFF50108FFF0A
:109A10005E2000023C1E0083CA2C3C1E00845A00BB
:109A200002293C1E00855A0003253C1E00865A0070
:109A300004213C1E00875A00051D3C1E00885A0068
:109A400006193C1E00895A0007153C1E008A5A0060
:109A500008113C1E008B5A00090D3C1E008C5A0058
:109A60000A093C1E008D5A000B053C1E008E920018
:109A70003E38023C888D8600A2995A0801054800AC
:109A800004BD92000411800B421088015A00023C70
:109A9000051180174210C4015A00033605118023B6
:109AA0004210C4015A0004300511802F4210C40135
:109AB0005A00052A0511803B4210C4015A000624B1
:109AC000051180474210C4015A00071E051180533A
:109AD0004210C4015A0008180511805F4210C401E9
:109AE0005A0009120511806B4210C4015A000A0C79
:109AF000051180774210C4015A080C0605118083B5
:109B00004210C4014E12047E0511800B8A418BA1C4
:109B10001421FFFF1511800B5A080204480004723B
:109B2000042180178A41142180175A080305480030
:109B300004699200042180238A41142180235A0859
:109B400004054800045F92000421802F8A411421FB
:109B5000802F5A0805054800045592000421803BD7
:109B60008A411421803B5A0806054800044B9200A4
:109B7000042180478A41142180475A08070548007C
:109B800004419200042180538A41142180535A08D1
:109B900008054800043792000421805F8A4114219F
:109BA000805F5A0809054800042D92000421806B4B
:109BB0008A411421806B5A080A0548000423920048
:109BC000042180778A41142180775A000C054800CF
:109BD00004199200042180839A51141180834C321D
:109BE0007F4D92003F0802003E2802688480846016
:109BF000867FD54B4C19040A5A00023B05117FF7AA
:109C00004C1884545A00033505117FF84C188446CB
:109C10005A00042F05117FF94C1884385A00052981
:109C200005117FFA4C18842A5A00062305117FFB80
:109C30004C18841C5A00071D05117FFC4C18840E1B
:109C40005A00081705117FFD4C1884005A000911AD
:109C500005117FFE4C1883F25A000A0B05117FFF95
:109C60004C1883E45A080C05B5A24C1883D79C61A4
:109C7000383310088C61970A4011800711380000B2
:109C8000502100308D81C15D05117FF55A08010416
:109C9000480004DC05217FF6421944015A00023CC9
:109CA00005517FF74210D4015A00033605517FF861
:109CB0004210D4015A00043005517FF94210D401FA
:109CC0005A00052A05517FFA4210D4015A00062491
:109CD00005517FFB4210D4015A00071E05517FFC3D
:109CE0004210D4015A00081805517FFD4210D401DA
:109CF0005A00091205517FFE4210D4015A000A0C85
:109D000005517FFF4210D4015A080C06055100008E
:109D10004210D40138178E0A4D10FF6E2F1804E838
:109D20004F14FF6A86208420383C04088C6140115F
:109D3000800711180000502100308D814E13FFA6BE
:109D40004E4201B846B7FFFF55C200FF3C1C0083DE
:109D500050B58FFF3F2804B844E00030859F86E06F
:109D6000402B90074E2301044E0705C6804B402030
:109D7000841B5A0001583C3C008443010C014028DC
:109D80000C1B5A0002503C3C008543010C0140284A
:109D90000C1B5A0003483C3C008643010C01402840
:109DA0000C1B5A0004403C3C008743010C01402836
:109DB0000C1B5A0005383C3C008843010C0140282C
:109DC0000C1B5A0006303C3C008943010C01402822
:109DD0000C1B5A0007283C3C008A43010C01402818
:109DE0000C1B5A0008203C3C008B43010C0140280E
:109DF0000C1B5A0009183C3C008C43010C01402804
:109E00000C1B5A000A103C3C008D43010C014028F9
:109E10000C1B5A080C083C3C008E43010C014028E6
:109E20000C1B86E04E4700782F08047C86E138370B
:109E3000C20288623837C20A5A4801044800006CDE
:109E40002F18047D5E3200033907C6028982390764
:109E5000C60ACB592F08047E383942028862383945
:109E6000420A5A4003512F08047F3839420288625F
:109E70003839420A5A4004482F08048038394202CF
:109E800088623839420A5A40053F2F080481383920
:109E9000420288623839420A5A4006362F08048244
:109EA0003839420288623839420A5A40072D2F0851
:109EB00004833839420288623839420A5A400824F9
:109EC0002F0804843839420288623839420A5A40DD
:109ED000091B2F0804853839420288623839420A42
:109EE0005A400A122F0804863839420288623839EB
:109EF000420A5A400B092F0804873837C202886289
:109F00003837C20A846143720C00417B80104E07CF
:109F1000FF2992003F08020C8420D5159CE11518FA
:109F20007FFF4F13000D391C0410396386024F1553
:109F3000039539131008396C8408971A8C21403026
:109F40008007C30F0C38000141118801CBE838327B
:109F5000860288623832860A8C2140308007CBF333
:109F6000402B90073C1C00834E22FF0038A35C105E
:109F700082CA3937AA024E07003182AD3F08020C6F
:109F8000435538738420D50F391C04104F1503F442
:109F90003913100814387FFF38AC840897128C21CD
:109FA0004C10001A0C28000141108808C2F9383AF8
:109FB000860239E286028A73887E40218807C2F0D1
:109FC0009CA1C3E38C2114387FFF38A3C40A4C1032
:109FD0007FEB92003C1C0083517B8001417B801011
:109FE00048FFFEC051FF80643A6FBA84DD9E920044
:109FF000516B0001B6411420800C142080181420ED
:10A000008024142080308C245B6805F448FFFCBC5D
:10A010003C0DFF02960248FFFBF79200516B0001D6
:10A02000B6411420800C14208018142080241420A1
:10A0300080301420803C8C245B6806F248FFFCA42E
:10A04000516B0001B6411420800C1420801814209C
:10A050008024142080301420803C142080488C24DC
:10A060005B6807F048FFFC90516B0001B64114207B
:10A07000800C142080181420802414208030142098
:10A08000803C14208048142080548C245B6808EEA7
:10A0900048FFFC7A40420400550000073A208C2417
:10A0A0004C40FFFE48FFFC903ED8023C4E06FC6C44
:10A0B0004605000158000E043B004400460500011F
:10A0C00058000E0C3B0FC420B0423B004400460534
:10A0D000000158000E143B00C4203B004400B04473
:10A0E0004605000158000E1C3B00C4203B00440004
:10A0F000B0464605000158000E243B00C42046250A
:10A10000000158210E2C3B004400B0484400FFFFE2
:10A110003B00C4203B01440046250001140103819B
:10A120004625000114010382462500011401038322
:10A13000462500011401038446250001140103850E
:10A1400046250001140103864625000114010387FA
:10A15000462500011401038846250001B04A463512
:10A16000000158318E341401038946250001140181
:10A17000038A3B00C4203B01C400463500011401A2
:10A18000838B463500011401838C46350001B08C69
:10A190004615000158108E3C1401838D4635000190
:10A1A0003B0144201401838E3B00C400B08E461551
:10A1B000000158108E44463500013B014420140133
:10A1C000838F3B00C400B0904615000158108E4CA0
:10A1D000463500013B014420140183903B00C4003C
:10A1E000B0924615000158108E54463500013B01CF
:10A1F0004420140183913B00C400B0944635000113
:10A20000140183923B01442046350001462500019C
:10A210004615000158108E5C1401839314010395B8
:10A22000463500014625000114010396140183946C
:10A230003B00C4003C2DFF02B0563B00C420461535
:10A240000001140083974615000181BF1400839814
:10A250004E22FECA3E78020084C046850012588411
:10A2600002F04695000158948E7C854346B5000166
:10A2700058B58EF48014D5513E0804883800060283
:10A280004440006438140202C904FA9A42420C2481
:10A29000465500125852829094C38865A0D904E6AE
:10A2A000800104C680003852830240E70C01383434
:10A2B000800040C6140143C7382443C630735A385F
:10A2C0000105480000FB92004E3300F8960049FF5C
:10A2D000CD3BC82B3C23FDC83C13FDB7FE544210B8
:10A2E000A824E23C4EF2010C2013FFFF3E28048814
:10A2F000381106024625000158210F243805860A28
:10A300003801060A3C0DFF028CC1E2C050D680081D
:10A310004EF2FE6A3C0DFF0E28138001E2202E272C
:10A32000FB122E37FB2BE9A946050012045000A4AE
:10A330004400FFFF4C50010C46050012045000A6DB
:10A340004400FFFF4C50013146050012045000A8A4
:10A350004400FFFF4C50013846050012045000AA8B
:10A360004400FFFF4C50012846050012045000AC89
:10A370004400FFFF4C50013046050012045000AE6F
:10A380004400FFFF4C50013046050012045000B05D
:10A390004400FFFF4C50013846050012045000B243
:10A3A0004400FFFF4C50012846050012045000B441
:10A3B0004400FFFF4C50014146050012045000B616
:10A3C0004400FFFF4C50013146050012045000B814
:10A3D0004400FFFF4C50012046050012045000BA13
:10A3E0004400FFFFD890840B49FFCCAE4E03FF8C96
:10A3F000840B480000B59200C2041501FFFF9200D3
:10A400004C327B3C48FFFBF02F1804E94F14FBF65D
:10A410008621842148FFFC8A2E1804F34E14FC295F
:10A42000862B842B48FFFC822F1804F24F14FC1C4F
:10A43000862A842A48FFFC7A2F1804F14F14FC0E58
:10A440008629842948FFFC722F1804F04F14FC0061
:10A450008628842848FFFC6A2F1804EF4F14FBF26B
:10A460008627842748FFFC622F1804EE4F14FBE474
:10A470008626842648FFFC5A2F1804ED4F14FBD67D
:10A480008625842548FFFC522F1804EC4F14FBC886
:10A490008624842448FFFC4A2F1804EB4F14FBBA8F
:10A4A0008623842348FFFC422F1804EA4F14FBAC98
:10A4B0008622842248FFFC3A969F8C478466882433
:10A4C000FE9C401E04379691E2224EF3FF01462582
:10A4D00000052E17FB0300410D168C2346250012A4
:10A4E00058210320847D3821000042120C73E04182
:10A4F0004EF2FEEE3C1DFF0248FFFEEA2003FFFF86
:10A500004615000500208D283E1804883810820268
:10A510004635000158318E04940B88033B06C40075
:10A520003B0044204605000158000E8838600408AE
:10A530004E23FEEA4605000158000F2438C5860A5E
:10A5400038E0060A39C4060A48FFFEDE440000006F
:10A5500049FFCBFA4E03FEF284009200463500011B
:10A5600058318E04944388233B06C4004430FFFDD9
:10A57000464500125842029084403832030A3B009C
:10A58000C4204635000158318F244615000158106B
:10A590008E883825820A3821820A3860800838245B
:10A5A000020A48FFFEB1840149FFCBCE4E03FECE26
:10A5B0008401D5D54400000349FFCBC64E03FED627
:10A5C0008403D5CD4400000249FFCBBE4E03FEC636
:10A5D0008402D5C54400000449FFCBB64E03FECE2D
:10A5E0008404D5BD4400000549FFCBAE4E03FECE2A
:10A5F0008405D5B54400000749FFCBA64E03FED61F
:10A600008407D5AD4400000649FFCB9E4E03FEC62D
:10A610008406D5A54400000A49FFCB964E03FEDE12
:10A62000840A48FFFF9D840949FFCB8E4E03FECE6E
:10A63000840948FFFF95840849FFCB864E03FEBE80
:10A64000840848FFFF8D92002E1804E839178E0AFF
:10A650004E14FB0F48FFFB689CC9404180074E42E7
:10A66000008B38448E02CC0638428E0288823842F3
:10A670008E0A9CCA404180074E42007E38448E02BA
:10A68000CC0638428E02888238428E0A9CCB4041EA
:10A690008007C47138448E02CC0638428E0288820C
:10A6A00038428E0A9CCC40418007C46538448E02F3
:10A6B000CC0638428E02888238428E0A9CCD4041B8
:10A6C0008007C45938448E02CC0638428E028882F4
:10A6D00038428E0A9CCE40418007C44D38448E02D9
:10A6E000CC0638428E02888238428E0A9CCF404186
:10A6F0008007C44138448E02CC0638428E028882DC
:10A7000038428E0A5030800840418007C4343844B3
:10A710008E02CC0738428E024042080038428E0A30
:10A720005030800940418007C42638448E02CC074F
:10A7300038428E024042080038428E0A5030800A69
:10A7400040418007C41838448E02CC0738428E023C
:10A750004042080038428E0A5030800B403180075A
:10A76000C30A3C3C008ECB073C3C014888433C2E4E
:10A770000148920038245810396C040838145808DD
:10A78000D50C9200381C8810381C08083834041086
:10A7900038240408804392004E24FFF651CE7FFFF8
:10A7A00055CE00FF4FC2FC864E0700F83EC0052480
:10A7B0003CBE00835A080104480000F63EC005254F
:10A7C0003CBE00845A00023C3EC005263CBE0085CB
:10A7D0005A0003363EC005273CBE00865A000430AE
:10A7E0003EC005283CBE00875A00052A3EC0052908
:10A7F0003CBE00885A0006243EC0052A3CBE0089A3
:10A800005A00071E3EC0052B3CBE008A5A0008189D
:10A810003EC0052C3CBE008B5A0009123EC0052DDF
:10A820003CBE008C5A000A0C3EC0052E3CBE008D7A
:10A830005A080C063EC0052F3CBE008E2E180200A2
:10A840004E15004A2E3802018440842184804E3502
:10A85000004D92005A00023C2E1802024E1500973D
:10A860005A0003362E1802034E15008A5A0004308F
:10A870002E1802044E15007D5A00052A2E180205D6
:10A880004E1500705A0006242E1802064E1500645C
:10A890005A00071E2E1802074E1500585A000818B5
:10A8A0002E1802084E15004C5A0009122E180209E3
:10A8B0004E1500405A000A0C2E18020A4E1500349C
:10A8C0005A080C062E18020B4E1500283C1C00835B
:10A8D00048FFFA472E38020184403E20047C8481E0
:10A8E000844184224E34FFB8846138330808808163
:10A8F000D5B292004E47FA352F08047C86E13837EE
:10A90000C202804B886B3837C20A5A40010548FFA3
:10A91000FA99920048FFFA269C61844B382310086C
:10A92000970AD5D59C61844A38231008970AD5C95F
:10A930009C61844938231008970AD5BD9C618448DE
:10A9400038231008970AD5B19C6184473823100832
:10A95000970AD5A59C61844638231008970AD59993
:10A960009C61844538231008970A48FFFF8D9C613D
:10A97000844438231008970A48FFFF809C61844371
:10A9800038231008970A48FFFF739C6184423823DC
:10A990001008970A48FFFF663C1C0083848048FF2C
:10A9A000F9E092002E1802004E150006802B8480DC
:10A9B00048FFF9D784403E20047C8481802B48FFE7
:10A9C000F9D092004617FFFF3ED8023C50108FFF8F
:10A9D0003816DA0A48FFF7D8504B00014617FFFF38
:10A9E0003ED8023C50108FFF503B000C502B0018FB
:10A9F0005F0200033816DA0A38168E0A38168A0AF9
:10AA00004F02F7C2503B000D502B00193816920A26
:10AA100038168E0A38168A0A4F63F7B63C1E009124
:10AA20003C1E009D3C1E00A948FFF7AE4617FFFFE5
:10AA30003ED8023C50108FFF502B000C3816DA0A1B
:10AA400038168A0A4F63F7A03C1E00903C1E009CFB
:10AA500048FFF79A511B00014617FFFF3ED8023C02
:10AA600050108FFF504B000C503B0018502B00240F
:10AA70005F0880043816DA0A3816920A38168E0AE9
:10AA800038168A0A4F02F780504B000D503B0019D0
:10AA9000502B0025510B00023816C60A3816920AB0
:10AAA00038168E0A38168A0A5B08040448FFF76CC9
:10AAB000504B000E503B001A502B00263816C20A8D
:10AAC0003816920A38168E0A38168A0A4F63F75CCF
:10AAD0003C1E00923C1E009E3C1E00AA3C1E00B67E
:10AAE00048FFF7523A6F98BC3C1DFF155A10011FE2
:10AAF0005A1002053A6F9884DD9E84203C1FFF1592
:10AB00003E17FAE2C0402E07FDB75A00034F460534
:10AB10000016040002A2C003440000014612001BFC
:10AB20003C0FFF083A6F9884DD9E84403C2FFF1550
:10AB30003E17FAE2C0222E07FDB75A0803DD84044F
:10AB40002E17FACC4900232E2E07FACCC00484001D
:10AB50003E07FACC2E07FAE34E03FFCE49FFBCAE08
:10AB60004605001258000338461500161400829D51
:10AB70003A6F9884DD9E92002E17FACC8403490028
:10AB80002495D5E384022E17FAB34900248F92004E
:10AB90002E07FAE34E03FFB049FFBC9046050008BC
:10ABA0005800015848FFFFE246050016040002A2C3
:10ABB000C81B84002E17FAB3490022F42E07FAE3CB
:10ABC0004E03FF9A49FFBC7A46050016041002A204
:10ABD0004625000958210558460500085800015827
:10ABE0004001041BD5C28401D5E69200460500074A
:10ABF000045003F5460CDCDC50000DCDD03C3A6F20
:10AC000098BC46050007040003CC92104900352883
:10AC10004E03002C3C0DFF085A0802044800008631
:10AC20002E17FDE83E17FAB946050016045002EE4D
:10AC3000460A55AA5000055A4C5000723C0DFF02BE
:10AC40004E02001C46050007045003F5460ABABA36
:10AC500050000BABD01646050016045002EE460A13
:10AC600055AA5000055AD00D440000003C0FFF07C4
:10AC70003A6F98844A0078202E07FB314E03FFE498
:10AC800046050007045003F5460ABABA50000BAB5C
:10AC9000D0122E07FDEB3C2DFF07FE44E241E811E8
:10ACA0002E07FDB242000C0BC0E48C413C2FFF0785
:10ACB00048FFFFE02E07FDEB421080243C1FFF07FA
:10ACC0002E17FAB3460A33AA5000033A4625001657
:10ACD0001401029BC90C4605001600000D115A0014
:10ACE000FF078C014615001610008D11844084006A
:10ACF0003E27FAB33C0FFEFE463500138441102177
:10AD000088503E07FB5284203C0BFDDB3E17FB4C7A
:10AD10004605001610100D1048FFFFAC84013E07D9
:10AD2000FAB9842148FFFF8C4605001600000D107B
:10AD3000C008FA033E07FAB94410001348FFFF7633
:10AD40002E17FDE948FFFF7046050007045003F584
:10AD5000460ABABA50000BABD01046050016045094
:10AD600002EE460A55AA5000055AD0073C0DFF08CE
:10AD70008E03E6024EF300044A0078203A6F98BC36
:10AD80004605000D026000ACC61484003C0FFF07AE
:10AD9000440000013E07FB0B4603AA3350000AA300
:10ADA000461500161400829B3A6F98844A0078205A
:10ADB0002E07FAB35A00011B46050007045003F59D
:10ADC000460CDCDC50000DCDD01146050007040018
:10ADD00003CC921049003444C00E4605000D020019
:10ADE00000AC3C6FFF07C8D5D5D884003C0FFF07E7
:10ADF00048FFFFD42E17FDEA2E07FDEBFE0C3C1D8D
:10AE0000FF083C2DFEFE5610800444323280400183
:10AE1000841AE240E90584013E07FAB3D5C68C41A5
:10AE20003C2FFEFED5C292003A6FA0BC2E17FB2E1F
:10AE30003C2DFF08846384024001841B3C0FFEF814
:10AE40005A2803044800015E5A2804044800012ED1
:10AE500086C086A084E084002E17FDB242F0900BDD
:10AE60004EF2011B81E784204625000D121100AC33
:10AE70004625000D121100AF4725001259290D3843
:10AE8000461500160570829D80B284404745000833
:10AE9000594A0154870045300A00D5098A27C6025D
:10AEA000970B8C421A4280014C29801A50112804B9
:10AEB000381A0401383B880184808A23964996CB4E
:10AEC00040678C074E34FFEC886F4231E001971BDE
:10AED000502100021A4280014C29FFEA4705001365
:10AEE0005908073884408030806246550013585214
:10AEF00087C092003A208C24D9FE9D4C18208001F6
:10AF0000D9FE47450013594A07C484408034806203
:10AF1000465500135852884C3A208C24D9FE9D4C3B
:10AF200018208001D9FE46550013585287604735D6
:10AF30000013593987EC3D7DFEFA47850013598C83
:10AF400007888097FA38D51D38680501411C98009C
:10AF5000391805090232FFEC411100134031E400B9
:10AF60001232FFEC4E27002E383805018C84887190
:10AF700038380509A4A88C218851ACA85A1046314C
:10AF8000A4A05CF10280E903A4A192003839091160
:10AF90005021028041918013382909114E36FFD685
:10AFA000386A050196D941119800391A05090269D4
:10AFB000FFEC4111001388661239FFEC4E26FFD6D4
:10AFC000383A050196918862383A050902398000BD
:10AFD0008C218843122980008C845A1846D38CA275
:10AFE0008DE2517B80784C5C7FAE4615000D0330BE
:10AFF00080AF4615000D026080AC4705001359086C
:10B00000073846550013585287C486808440920002
:10B010002A4800015CF100282A32800182E0417B4D
:10B020003C1BE1E4512300018C41401B90078875D3
:10B030004EF200064E470004413200134E12000447
:10B04000406900134E35002C5A2846E42E07FE2591
:10B050004615000DE2144605000D133080AF126056
:10B0600000ACE80F46050002000005FC4615000292
:10B0700058000001100085FC440000013C0FFF094E
:10B0800046050007127007A446050007133007A6FF
:10B090003A6FA084DD9E84E048FFFEE7514A00013C
:10B0A000414A0013D5D292002E07FDC994014900F0
:10B0B000327580C02E07FDF14900327680E02E0700
:10B0C000FDC94900326B92003C1DFEF85A18030678
:10B0D000500000C89601920046150007045083C531
:10B0E000461A55AA5010855A415300114560FFFF7A
:10B0F0004C50FEB444700064440002BC48FFFEAEF5
:10B100002E07FDBE94014900324980C02E07FDF58F
:10B110004900324A80E02E07FDBE4900323F9200CE
:10B12000415300114560FFFF48FFFE983C0FFF159B
:10B13000DD9E92005A2008114030840956210010EB
:10B140004011881AC108944A882084401C200001BC
:10B150004C00FFFEDD9E9222D5F692003A6FA0BC15
:10B16000FD30FA1A3E07FB104400003E3E07FAD1BC
:10B170004625000158210FE047050002590802E06A
:10B1800084604440FFFFB66214417FFE14417FFF9C
:10B19000ACD2ACD3A8D4A912A9131231000A12312F
:10B1A000000B14310008A916A91712310012123130
:10B1B00000131431000C1441000A1441000B123129
:10B1C000001A1231001B502100404450FFFF4C2850
:10B1D0007FDC86008620864046150002581085E4F4
:10B1E00046050002580005D83B0048243B00C8240F
:10B1F000470B4B4B510804B4823082504605000285
:10B20000580005F03B0048248600862086403E0F0B
:10B21000FF303B00482446050012145000A44605A8
:10B220000012145000A546050012145000A6460551
:10B230000012145000A746050012145000A846053D
:10B240000012145000A946050012145000AA460529
:10B250000012145000AB46050012145000AC460515
:10B260000012145000AD46050012145000AE460501
:10B270000012145000AF46050012145000B04605ED
:10B280000012145000B146050012145000B24605D9
:10B290000012145000B346050012145000B44605C5
:10B2A0000012145000B546050012145000B64605B1
:10B2B0000012145000B746050012145000B846059D
:10B2C0000012145000B94625000158210EF44635ED
:10B2D000000158318F24FD982E47FAD0FDA8FDB803
:10B2E000FD0146250012145100BA3B00DC243B004E
:10B2F0005C2446250012145100BB3B00CC243B00CB
:10B300004C245A4801054800030992004E6202DAB3
:10B310002E07FE1B8C0196003E07FB2F5A080104E6
:10B32000480002F6441003E884003C1BFDAE3E07D3
:10B33000FAC43E07FB133E07FB313E07FB263E07E0
:10B34000FB11462500155821065446550016585243
:10B3500080548480AB1184604C22FFFE2F37FDCED9
:10B36000FA185429800FFE144644EC4EFA3A504223
:10B370000C4FFE544240106847030C3051080C310A
:10B380004300C06890A22F07FDB5901F4149900966
:10B390009A28FAB82E47FE23475500054128880A07
:10B3A000431A1424405810098600110A8D284705B5
:10B3B00000164755001610380A5445000FA0130A0E
:10B3C000852B4705001614380296470500161438D9
:10B3D00002974705001614380298470500161238E0
:10B3E00005323C3FFF023C3FFF124705000D12387B
:10B3F00000AC3C3FFF0E3C3FFF043C3FFF0F3C3F97
:10B40000FF07FB853F07FB3B860D903F3F07FB2077
:10B41000401904013F37FB12FBDA3C1BFDBD2E2710
:10B42000FDCD432A48243C0BFDD03D2BFDC85541A2
:10B43000000F3D1BFDB792443F47FB033E27FB2B0C
:10B4400097243E57FAC04E43025F84023C0FFEF839
:10B450002E07FDB84900309C3C0BFDC72E07FDC6EA
:10B46000490030963C0BFDD32E07FDC749003090B4
:10B470003C0BFDCD2E07FDC84900308A3C0BFDBCBE
:10B480002E07FDC0490030843C0BFDB02E07FE2A7C
:10B490004900307E3C0BFDB32E07FE2B490030786F
:10B4A0003C0BFDBF2E07FE2C490030723C0BFDD932
:10B4B0002E07FE2D4900306C3C0BFDD22E07FE2ED0
:10B4C000490030663C0BFDBA2E07FE2F4900306064
:10B4D0003C0BFDB52E07FE304900305A3C0BFDAF4A
:10B4E0002E07FE31490030542E17FDC13C0BFDBE26
:10B4F0005400807F4900304C2E27FDC22E17FDC11D
:10B500003C0BFDD86610807F5401007F3E17FAFC8B
:10B510004900303E2E37FDC26631807F3C0BFDC2B4
:10B520002E17FDD92F07FDD63E37FAEB2E57FDD744
:10B530003F07FABB5440800F844A92243E57FAD406
:10B54000FEA43E17FB072E47FDE33E27FADB3C4BEC
:10B55000FDD54E7201C52E07FDDE5410000F3E17BB
:10B56000FAD792043E07FAC349FFE4F82E17FDEE1E
:10B57000861F863F4605000158000FC03B0044244B
:10B5800080408400401004062E47FDE6847F2E078D
:10B59000FDBCAED0AED184403E27FB013E17FADDA4
:10B5A0003E47FABC49002FFA2E37FDE7442000142D
:10B5B0002E17FABC421188733C0BFDC63E17FAF1F8
:10B5C0004E72018A2E07FE1C4612001A3E07FAC967
:10B5D0002E27FF102F07FDE82E17FF1184003F07CD
:10B5E000FAB92E57FDD83E07FB045441000F3E57D1
:10B5F000FAF692443E47FB0F5430800F3E27FB3A49
:10B6000092243E37FB183E17FAB03E07FB523E0726
:10B61000FB563E07FB4CCE0546050016146002A201
:10B620002F3FFDB32E57FE722F27FE7A2F17FE7B7A
:10B6300084402F07FE7C3E27FB3D2F47FE7D840084
:10B640003E07FB4B444000643E27FABD43291024CB
:10B6500043189024430810243E07FB53424A102409
:10B66000414290093F47FACD3E07FB463E07FB4962
:10B670003E07FB4D84604019CC053E07FB51923FCD
:10B680003C3FFF2994493C3FFF283E17FB283E37AB
:10B69000FB4F3C3BFDDF3C3FFF273D2BFDDE3D1BD1
:10B6A000FDE03D0BFDDC3C4BFDDD3E27FB473E272F
:10B6B000FAB53C3FFF013E27FAE1975F3E27FB3991
:10B6C0003E57FB09CE1A3E27FAE24605000210203B
:10B6D00005FC46050002102005FD84013E07FACB5B
:10B6E0003E27FB3746050005146003484605000564
:10B6F000146003493C6BFDF64E7300044F35011294
:10B700004605000858000158461500161400829D91
:10B71000842084003E17FB063C0FFF0B3E07FB1AFC
:10B720003E07FAE54625000D582101584655000B05
:10B7300058528D588420AA6984C0DAFE3E67FAE226
:10B740003C6FFF15440000013E07FACC3E67FAB398
:10B750003C6FFEFE49FFBDD44625000D126100AFCF
:10B7600084203C6BFDC03E17FB23462500011011D1
:10B770000E02462500014400FFFF12610700462526
:10B780000001140103504625000114010351462510
:10B79000000110110D4846250001140103544625EF
:10B7A0000001140103554625000110110D584625CE
:10B7B00000011401035846250001140103594625D0
:10B7C000000110110D68462500011401035C462597
:10B7D00000011401035D4625000110110D78462576
:10B7E0000001140103604625000114010361462590
:10B7F000000110110D88462500011401036446253F
:10B800000001140103654625000110110D9846251D
:10B81000000114010368462500011401036946254F
:10B82000000110110DA8462500011401036C4625E6
:10B8300000011401036D4625000110110DB84625C5
:10B84000000114010370462500011401037146250F
:10B85000000110110DC8462500011401037446258E
:10B860000001140103754625000110110DD846256D
:10B8700000011401037846250001140103794625CF
:10B88000000110110DE8462500011401037C462536
:10B8900000011401037D4605000110100DF8460556
:10B8A0000016126007543E17FB0C3E17FAD93E17DC
:10B8B000FB0B46050013101008503A6FA084DD9E64
:10B8C000C74E461500052E07FE1D1260868A48FFEA
:10B8D000FD2392002E07FE1E48FFFE782E17FDDC8A
:10B8E0005430800F2E07FDDD92243E37FAD75420C6
:10B8F000000F3E17FAC392043E27FAB43E07FAD867
:10B9000048FFFE343C3FFEF848FFFDA4440000021F
:10B910003E07FB2F48FFFD082E07FB2F48FFFD00C9
:10B92000C90E46050016040002A246150016E601DF
:10B9300014F082A2440000013E07FB2846050016D1
:10B94000041002A2462500095821055846050008A2
:10B95000580001584001041B48FFFED84615000559
:10B960002E07FE1F1270868948FFFCD6460500018F
:10B9700058000D404410FFFF84408600862086401A
:10B9800046550002585285E446450002584205D803
:10B99000102000C2B620A84110200008A844A845E5
:10B9A000102000181410000814100009102000289E
:10B9B0001410000C1410000D10200038141000108A
:10B9C0001410001110200048141000141410001559
:10B9D00010200058141000181410001910200068CE
:10B9E0001410001C1410001D1020007814100020EA
:10B9F00014100021102000881410002414100025B9
:10BA0000102000981410002814100029102000A8FD
:10BA10003B02C8243B024824470B4B4B510804B45B
:10BA200046350002583185F0823082501410002CC7
:10BA30001410002D102000B83B01C824DD9E920098
:10BA40005A1002248E02E602E9242E17FE1E9200EE
:10BA50002E07FB2F4622001A3E17FB02400004006F
:10BA60004612001A3E07FAE884003E07FAC83E076D
:10BA7000FB063E07FAD084203E17FB1A3E07FAF376
:10BA80003C1FFF0BDD9E92002E07FB2F48FFFFEAB5
:10BA90002E17FE1CD5DE92003A6F98BCEFB03C0D1D
:10BAA000FF0884208E03E6023C1BFDF64EF30200E5
:10BAB0003C0DFF274E02009E490007723C13FDF625
:10BAC000960F66108003FE0F3C0BFDF649FFB7EEA4
:10BAD0003C33FDF696042E17FB31948266018004F8
:10BAE000FE17964C944B2E27FAE266000008FE0FD4
:10BAF00096942E37FABD660000109454FE0F9658A7
:10BB00003C0BFDF6440000014E12006E3C13FDF6A6
:10BB1000940566108020FE0F3C0BFDF646050016CE
:10BB2000041002A23C33FDF6960C2E27FB2E944601
:10BB3000660180409694FE0F66000080945746256B
:10BB40000007FE0F045103C5461A55AA5010855A26
:10BB50003C0BFDF68400D9052E07FB0C54000001B8
:10BB60003C23FDF62E17FB52662101004000200801
:10BB7000FE172E27FB55964C4010AC0866000800B7
:10BB80009694FE0F66001000401130084000040437
:10BB90003C0BFDF649FFC0DE3C33FDF68420462514
:10BBA0000016400080060221075440002408663138
:10BBB000820040108806FE1F4020A808661004007E
:10BBC000401088043C1BFDF63C0DFF274E0300048B
:10BBD00049FFB4184605000158000D40EC503A6F7B
:10BBE0009884DD9E2E07FB174000800648FFFF90DB
:10BBF00049FFD60846050007040003CC4000400971
:10BC000049002D2E4E0300C0490006CE4605000710
:10BC1000045003CD460A55AA5000055A4C5000C0A6
:10BC20002E07FAFA4E0300C03C0DFEF85A08020433
:10BC30004800016E2E07FDE049002CAA3C0BFDD107
:10BC40002E07FDE149002CA43C0BFDCB2E07FABDCD
:10BC50004E0301323C0DFF02E606E8052E07FB52BB
:10BC60004E0200142E07FDE049002C923C0BFDD142
:10BC70002E07FDE149002C8C3C13FDD19449940121
:10BC80003C1BFDD13C0BFDCB2E07FB554E02000AA1
:10BC90004605000D020000AF3C0BFDD13C0BFDCB77
:10BCA0003C0DFF085A08020E4605000D020000AFC9
:10BCB0003C0BFDD13C0BFDCB440000003E07FAFAE3
:10BCC00049FFE48E49FFE5B62E07FB314E03010222
:10BCD0003C0DFF085A080204480000742E07FB526E
:10BCE0004E0300702E07FB314E03006C2E07FDB390
:10BCF0004200180B4E03014E440000003E07FABDFF
:10BD00003C2DFF0E3C0DFF02E240E8074E22014CA5
:10BD10002E07FABD4E0301962E07FDB38420420084
:10BD2000180B3E17FB17C0073C0DFF045A0801040F
:10BD3000480001463C1DFF02E2223C0DFF044EF28A
:10BD400000492E17FAFAC1452E17FABDC9422E171F
:10BD5000FB17C93F2E07FDE25400000F49002C18C5
:10BD60002E17FDE23C0BFDD14000900949002C103C
:10BD70003C0BFDCB49FFE43449FFE55C3C0DFF047F
:10BD80004800002846050007040003CC49002C7831
:10BD900046150007140083CC48FFFF38440000011B
:10BDA0003E07FAFA2E07FDE25400000F49002BF07F
:10BDB0002E17FDE23C0BFDD14000900948FFFF44E7
:10BDC000441000003E17FABD3C0DFF043E17FB1760
:10BDD0003C1DFF02E201E8072E07FB525A0801044E
:10BDE000480000A82E07FB555A00011A2E07FB4AEF
:10BDF0005A00011646050007040003F84E03000C24
:10BE000046050007045003FA460A55AA5000055A91
:10BE10004C5000882E07FB315A08010C49FFE91CE1
:10BE20005A0001FE3C0DFF02E602E90349FFEABAAF
:10BE300046050007045003C4460A55AA5000055A97
:10BE40004C0280082E07FDB34200100B4E02005832
:10BE500049FFC5B649FFBF8249FFEB6449FFC41AD9
:10BE600049FFD2E249FFC99449FFCCAA4900231AED
:10BE70005A080104480000864605000158000D409C
:10BE800049FFCDBE4605000158000D4049FFC25C88
:10BE90003C0DFF085A080204480000528400461571
:10BEA000000510008D2848FFFE09920049FFF7BEEB
:10BEB00048FFFE8C2E07FE7349002B6A3C0BFDD118
:10BEC0002E07FE7349002B643C0BFDCB48FFFEC4DC
:10BED0003C03FDB192014615000D021080AF3C0BF2
:10BEE000FDB13C1BFDD13C1BFDCB84003E07FAFAA3
:10BEF00049FFE37649FFE49E48FFFEEC490022D269
:10BF00005A00010448FFFDDA48FFFFA42E07FDE4B4
:10BF100049002B3E3C0BFDD12E07FDE548FFFE946A
:10BF200046050007040003CD4C02FF7A48FFFF746A
:10BF30002E07FB2E4E02FF7448FFFF56803F46251A
:10BF40000012582100BC4635000158318E88460544
:10BF5000000158000D4049FFDB8580403A0F840006
:10BF600049FFDBE05A08FF0448FFFF9A96413E076D
:10BF7000FC8446050007121001DB48FFFF91920088
:10BF80004605000158000FD849FFBA6248FFFF7606
:10BF9000490022885A00010448FFFEB04900075CAE
:10BFA00048FFFEB02E07FDB34200180B3E27FB17DB
:10BFB0004E0300403C0DFF0248FFFEE23C0DFF0235
:10BFC000E6024EF3FEB946050012005000EC4605AD
:10BFD0000012004000EEE2859A6C2E67FE0A8A8508
:10BFE00040123C1AE0264EF2FEA746050012004021
:10BFF00000ED46050012003000EFE2649A238A64E7
:10C000004001BC1AE0064EF2FE97460500110400FE
:10C0100003E94010040946050011040003ECE201A5
:10C020004EF2FE8A440000013E07FB1748FFFE84E3
:10C030003C0DFF045A0001C43C1DFF0248FFFECA2C
:10C040003C13FDD13C03FDCB944994013C1BFDD135
:10C050003C0BFDCB49FFE2C449FFE3EC3C2DFF0E56
:10C0600048FFFE5CE602E91680608440D5049C89A6
:10C07000E243E80F9A5A922140108800404004970A
:10C08000E281E8F69B0A9281E24180619862E9F7D9
:10C090009E199601DD9E92003C0DFF275A00011269
:10C0A0005A0002044A00782046050016041002A235
:10C0B00084003C0FFF27C1173E07FB484A00782049
:10C0C0003A6F98BC2E67FB4B5A6001122E07FB4D4E
:10C0D0008C013E07FB4D84023C0FFF273A6F98848A
:10C0E0004A0078203E17FB554A00782049000E1878
:10C0F00046050016040002A284203E17FB4BC00B2D
:10C1000046050016040002A25A00010F84023E07F1
:10C11000FAE1D5DD4625001684018421146102A2CE
:10C12000490017E4D5F48440463500168400842184
:10C13000142182A2D5F69200462500035821000062
:10C1400046150004581089004011001A4645001693
:10C1500058420A804625001658210A844022001AB7
:10C160004705001659080A784645001658420A7CC9
:10C1700084604102001BB67050408500B662806149
:10C180000A518001B4028805B6024C41FFFBB4029B
:10C19000472CCCCC51290CCD432048694009A40937
:10C1A000B602B462FA04FE1C9203B602A4C8B4023A
:10C1B000E203E807B410A4C8B4A28A058803B61045
:10C1C0008C224C40FFF5DD9E84213E17FB4B840002
:10C1D0003E17FB4F3C0BFDDF84213C1FFF273C0B30
:10C1E000FDDBDD9E3A6FA0BC2E77FB2E46150016B8
:10C1F00080C04420177044001F40041082A24001F8
:10C200001C1A80E04E1300C43C83FDDE4605001678
:10C210000420029E460500160410029F44307FFF52
:10C220008822E2614011BC1B4E6300A43E67FB49BB
:10C230003C1FFF2946050007040003CC40004009CD
:10C2400049002A0E4E0300872E27FB48C2084400EF
:10C250007FFF3C0FFF2984013E07FB525A600240DA
:10C260002E07FB51E60AE83F8C0196003E07FB5182
:10C270005A08013A3C0DFF044E02009A460500168A
:10C28000040002A25A080104480001CE4400000044
:10C290003E07FB472E07FB4F3C1DFF024E0300B835
:10C2A00084003C0BFDDF92002E07FAD0C0182E0749
:10C2B000FB51E602E91446050007040003F14410AF
:10C2C000A77A97414C5081B946050007040003F155
:10C2D0004410A99A405000134C5081723A6FA084C8
:10C2E000DD9E920046050016040002A24E0300A047
:10C2F0003C3DFF293C13FDDC40F08C064EF2013C36
:10C3000084013E07FB528420E2E33C1BFDDBE80591
:10C310004612001A3E07FB4C3C0DFF288900E30340
:10C320004EF200EA2E07FB524E0200E62E07FAD02C
:10C330004E0200E22E0FFDB34E05018846050007B0
:10C34000045003F14410A55A92B04C50C0E9480083
:10C3500000ED84003C0FFF293C0FFF283E07FB48FF
:10C360003E07FB553C0FFF26844048FFFF799200B3
:10C370005A6801044800011E5A60020448FFFF5C2D
:10C380003E67FB493C1FFF2648FFFF564605001647
:10C39000040002A23C23FDE0560000014410FFFF10
:10C3A0004011001A810148FFFF3392004605001634
:10C3B000040002A25A00010448FFFF6A2E17FAE2A5
:10C3C0004E13FF662E27FB554E2201663C23FEA925
:10C3D0005CF100654EF301AE3E17FB473C1BFEA926
:10C3E0003E07FB4B3E07FB4F3C1BFDDF3C0FFF278F
:10C3F0003C1BFDDB46250016460500085800015889
:10C400001401029D3C1FFF0B3C1DFF024E13FF4A0F
:10C410003C23FDDF2E07FE7FE2024EF200DA3E17DC
:10C42000FB4F3C1BFDDF48FFFF4192004605001615
:10C43000040002A25A00010448FFFF1E3C2DFF2801
:10C440003C13FDDDE2224EF2014B3E07FB528420FD
:10C45000E2E23C1BFDDBE8054612001A3E07FB4CFE
:10C460003C0DFF298900E3024EF200B82E07FB5273
:10C470004E0200B42E07FAD04E0200B02E0FFDB3CC
:10C480004410A33A4E05015C46050007045003F131
:10C490004052C0094C50FEF02E07FB2EC8052E0757
:10C4A000FB554E03FEE984213E17FB4B3E17FB4F25
:10C4B0003C2DFF0184003C0BFDDF84213C1FFF2746
:10C4C0003C0BFDDB460500085800015846150016D8
:10C4D0001400829D84003C0FFF0B5A280105480080
:10C4E00000AE92005A20030448FFFEC684004800B4
:10C4F00000A792003C1DFF01660080025A0801045B
:10C5000048FFFF1A46050007045003F14430A55ABE
:10C5100092B0D30D2E0FFDB34E0500B43C0DFF2697
:10C520005CF009C54EF3FEA83C1DFF0184413E2787
:10C53000FB4B84003E27FB4F3C0BFDDF84413C2F2F
:10C54000FF273C0BFDDB4605000958000558462532
:10C5500000161401029D84003C0FFF0B5A180104C1
:10C560004800006D5A10030448FFFE86840048000E
:10C57000006792003C1DFF265CF089C54EF2FEC2AA
:10C580003C13FDDB2E47FE7E3C5DFF024C408104E8
:10C590004E5300BE2E07FB524E0301052E07FB55DE
:10C5A0004E02FEBC84003C0BFDDB48FFFEB7920050
:10C5B0003E67FB493C1FFF2848FFFE3E4400000148
:10C5C0004612001A3E07FB523A6FA084DD9E8C4152
:10C5D0003C2BFDDF48FFFE6A3C0DFF0166000002B8
:10C5E0005A08010448FFFF4C46050007045003F1B8
:10C5F0004410A33A4052C0094C50BF502E0FFDB317
:10C600004E04FE3A46050007040003CC40004009F2
:10C61000490028264E02FE302E07FAD04E03FF3E78
:10C6200048FFFE2A2E07FB554E02FE3284003C0BCB
:10C63000FEA948FFFE2D8400D5C484024612001BCB
:10C640003C0FFF0148FFFE1846050007045003F1A8
:10C650004410A33A92B0D10B46050007045003F1F1
:10C660004410A55A4052C0094C50FF6046050007CF
:10C67000045003F14410A55A4052C0094C50BF5613
:10C680005A20010448FFFF4C2E07FAD04E03FF4EFC
:10C6900048FFFF463C33FDDC3C1DFF29E2234EF200
:10C6A000FDFB46150007045083F14430A55A92B0B3
:10C6B0004C51BDF246150007045083F14430A33AB3
:10C6C00092B04C51BDE92E17FB475CF080C84EF28A
:10C6D00000778C213E17FB4748FFFDDE3C03FDDB66
:10C6E0002E57FE7E3C3DFF02D062CB452E17FB52FB
:10C6F0008C01C9072E07FB554E02FEB44400000012
:10C700004612001B3C0BFDDB48FFFEAC2E07FB5521
:10C710004E03FF4A2E07FB2E4E03FF46460500162A
:10C72000040002A25A00010448FFFDF848FFFF3C44
:10C73000502100013C2BFEA948FFFDAE4605000735
:10C74000045003F192B0D10B46050007045003F1E9
:10C750004410A55A4052C0094C50FEA0460500079F
:10C76000045003F14410A33A92B04C50FF4D48FFDF
:10C77000FE9592002E07FB55C8C22E07FB2EC8BFA0
:10C7800046050016040002A25A00010448FFFE6A92
:10C7900048FFFFB63E07FB523C0BFDDB840048FF21
:10C7A000FDB98C213C1BFDDB48FFFDB884208400D3
:10C7B0003E17FB523C0BFDDB48FFFE503E27FB477C
:10C7C0003E07FB4B3E07FB4F3C2BFDDF3C0FFF279B
:10C7D0003C2BFDDB461500164605000858000158A5
:10C7E0001400829D3C2FFF0B48FFFE103A6F98BC4F
:10C7F00046150007041083CC506000004000C009BB
:10C800004900272E46150016045082EE461A55AAF6
:10C810005010855A4C50806546150016045082EE23
:10C82000461A33AA5010833AD1164E03005A3C13CD
:10C83000FDDC3C0DFF29E2204EF2001E2E07FB23FB
:10C84000C8203C0FFF0984003C0FFF0F3A6F98840B
:10C85000DD9E92002E17FABC3C3DFF293C03FDDC17
:10C860008441E2038C213C2FFF093C1FFF0F3E2730
:10C87000FB23E9073C03FDDD3C1DFF28E201E9DF66
:10C880002E17FDB24210840BC1DF3C0DFF09C0DC46
:10C890003C1DFF0F2E07FABC8440E2013C2FFF092C
:10C8A000E9042E07FB23C02746050016045002EEBC
:10C8B000460A33AA5000033A4C0280263C0DFF087A
:10C8C000461A55AA8E025010855A46250016E602D1
:10C8D0001411029BE9BC84013E07FB25D5B88400F6
:10C8E0003C0FFF093C0FFF0F3E07FB233A6F988474
:10C8F000DD9E9200000300C2C8AA8C213C1FFF0FDE
:10C9000048FFFFA6840046150016140082EED5D716
:10C910003A6F98BC3C0DFF085A000404E602E81781
:10C9200049001DC05C1000014400000149004C7A20
:10C9300046050016040002A28421C810490015B65D
:10C9400084003C0FFF093A6F9884DD9E84018421A6
:10C9500049004C6884028421D5F28401D5F092000C
:10C960003C0DFF088E03E602E9184655000A5852AE
:10C9700089584635000B58318D5892000A128001B3
:10C980005C10800140F7840040F78013DBF85C07FF
:10C990008281C80348000000DD9E92002E07FD54EE
:10C9A000DD9E92003A6FA0BC2E07FB2E4E0200D4F3
:10C9B000440000033C0FFEF82E07FDBB490025EEA6
:10C9C0003C73FDBC3C63FDD93C53FDAF2E47FAC31D
:10C9D0002E37FAB42E27FDD42E17FDD54702001AA4
:10C9E0003C0BFDB13C7BFDBB3C6BFDD73C5BFDB81C
:10C9F0003E47FAB73E37FB343E27FABB3E17FAD420
:10CA00002E17FB315A1801044800015C2E07FB5217
:10CA1000C0322E07FB2EC80B2E17FAB72E07FB3499
:10CA20008C218C013E17FAB73E07FB342E07FB55CD
:10CA3000C00C2E17FAB72E07FB348C2150000001D2
:10CA40003E17FAB73E07FB343C23FDBB3C53FDB019
:10CA50003C13FDD73C43FDD23C03FDB83C33FDBE47
:10CA600088458803401090003C2BFDBB3C1BFDD744
:10CA70003C0BFDB846050007045003C5460A55AAFD
:10CA80005000055A4C5000E084003E07FB0C842304
:10CA90003E17FAD93E07FAEE46050007042003C503
:10CAA00046050007045003F8460A55AA3C2FFF0626
:10CAB0005000055A442000174632001A3E27FB1E3C
:10CAC0004C5000B646050007040003F84E03000C66
:10CAD00046050007045003FA460A55AA5000055AB5
:10CAE0004C50013646050007045003CD460A55AAAE
:10CAF0005000055A4C50006C3C0DFF085A080204C7
:10CB0000480000702E07FAE24E03005A2E07FB552C
:10CB1000C00A3C0DFF0EC0073C03FDB140000409F4
:10CB20003C0BFDB12E07FB0BC00484003E07FAB797
:10CB30002E07FAE1C00C460500120000032CE60B9C
:10CB4000E9062E07FB348C013E07FB343A6FA084C4
:10CB50004A0078202E17FB314E12002C3C0DFEF8B7
:10CB60004E0200DA4625000D023100AF3C23FDC71E
:10CB7000E2434EF200AD46250005042103488460DF
:10CB800046550005E643143283494EF300CBC003FB
:10CB90003C3FFEF82E07FDB9490025003C73FDCD52
:10CBA0003C63FDBF3C53FDB52E47FAD748FFFF124B
:10CBB0002E07FB11C8D43C0DFEF8D5D52E07FDC9B4
:10CBC000490024EC3C0BFDB148FFFFA244000017D4
:10CBD0003E07FB1E3C0DFF085A00020448FFFF946D
:10CBE0002E07FDBD490024DA3C0BFDB12E07FDCA1E
:10CBF000490024CE3C0BFDBB3C0BFDD73C2DFEF881
:10CC00003C0BFDB8441000003E17FAB73E17FB344A
:10CC10005A280204480001042E07FDD492013E0761
:10CC2000FABB84003E07FB0C48FFFF6E4605000779
:10CC3000040003FA4E03FF48FA0E80233E07FB1E52
:10CC400048FFFF522E07FADD4E03FF203C0DFEF891
:10CC50005A080304480000C62E27FB554410012C37
:10CC6000440000964010081B4440006444300640D5
:10CC700046050007045003C5460A55AA5000055A48
:10CC80004C5000B83C5DFF064C5000CE3C2DFF02DE
:10CC90003C0DFF0488024E0300612E27FAEE5CF182
:10CCA00000604EF200978C413E27FAEE2E07FB0CF7
:10CCB00084403C2BFDC984453C2BFDC14800006EDF
:10CCC0003E17FAB73E17FB3448FFFEA24625000583
:10CCD00004210349848046550005E64F14428348E9
:10CCE000E9305A00020584023C0FFEF82E07FDBA17
:10CCF000490024543C73FDD33C63FDB33C53FDBA5F
:10CD00002E47FAD72E37FAD82E27FDD62E17FDD765
:10CD100048FFFE66462500051401034948FFFF242D
:10CD20005021000146350005142183484E02FF348E
:10CD30005A0002DE5A00030448FFFE6648FFFE3E2A
:10CD40008C414635000514218349D5F1FA04461279
:10CD5000001A48FFFF7592003C03FDC184403E2746
:10CD6000FAEEC0193C53FDC98E01E2653C0BFDC1D2
:10CD70002E07FAD9E808E6038C01E9093E27FB0CE7
:10CD800048FFFE8C4E02006450007FFF4622001ACE
:10CD90003E07FAD92E07FB0C5A00010448FFFE7E1D
:10CDA0003C4BFDB14622001B3C1BFDBB2E07FB5537
:10CDB0004622001B3C1BFDD74622001B3C1BFDB836
:10CDC000C00284014612001A3E07FB3448FFFE668B
:10CDD00084413E27FB0C3E07FAD9840148FFFF6AD5
:10CDE0004410014044400078443007D048FFFF42DF
:10CDF0003C0DFF064C02801884013E07FB0C8400AA
:10CE00003E07FAD9440000603E07FAEE44000005F0
:10CE10004622001B3C0BFDC148FFFF3A2E07FDD602
:10CE200048FFFEFE46050007045003C5460A55AA02
:10CE30005000055A4C503F2C84003E07FB0C8443A5
:10CE40003E27FAD93E07FAEE8400D5E384013E0777
:10CE5000FB0CD5A73A6F9C3C2E57FF3C2E77FF3D2D
:10CE60002E67FF3F2F07FF3E9A3D8C0140181801A7
:10CE70008C2140207C0988024020FC09882246251C
:10CE800000129001002100ED9021880588264C2099
:10CE9000007A9AC24021801346450012004200ECFD
:10CEA0004C40806D9B0C41120013885196914715A0
:10CEB0000007122887B52E27FABDCA1D3C0DFF02B8
:10CEC000C05A4605000100100FB4C9552E07FE7068
:10CED00098A3E202E85C2E07FB3D8C0196003E071A
:10CEE000FB3D2E17FB3D2E07FACDE201E8448401FD
:10CEF000D53E92003C2DFF04CA083C2DFF02CA0516
:10CF00003E27FB3D3E27FABD463500122E27FE7414
:10CF10000431802FE243E82F4420003E80604233FA
:10CF200008734645000E5842042C5031938C383219
:10CF30000D115A30FD21420808735000138C38023D
:10CF400001115A00FD19FE5488A15052938C3802E9
:10CF500015115A00FD1188E15073938C38021D1190
:10CF60005A00FD0A440000003E07FB3D4612001A2D
:10CF70003E07FABD3A6F9C04DD9E8620848048FF00
:10CF8000FF968440846048FFFF8992003E17FB3D76
:10CF9000D5F2920096048421C8064608007010104D
:10CFA0000080DD9E4608027010100080DD9E920019
:10CFB0002E07FAE3C806460500160400029BC817B0
:10CFC00046190008442035CA443035CA48000006D6
:10CFD000025080084C22C008460500160400029B3F
:10CFE000C8F8DD9E1230800848FFFFF82E07FD5577
:10CFF0005A00010C460500160410029B4609000069
:10D000001410001748FFFFDE460900A0A041581089
:10D01000C000A841A0435810C000A843D5D2920038
:10D020003A6FA8BC8441466800503E27FABAB4461D
:10D03000467C000088E04083A0089694814140939C
:10D04000E0099308C208840A49001B28B446969454
:10D050004E23FFFB461C0000462003C0460800503C
:10D0600046380070890140150800FA42109180642A
:10D07000AC9A14800008147000091410000A3A6F6A
:10D08000A884DD9E3A6FA0BC2E07B46B5A08010439
:10D09000480000F04E0200F45A08020E2E07FAE390
:10D0A000441033004E0300044410310046090000D0
:10D0B00012100014840E49002887C807440000128B
:10D0C000490028824E02012B3C0DFF084900381010
:10D0D00049002EAA2E07FAE34E0300A646190000C7
:10D0E00048000006040080175A00A506000080686A
:10D0F0009616C8F946790000506380688501D50509
:10D10000040380175A00A50A840A1083000049000E
:10D110001AC5A6309616C0F5441000004609000056
:10D12000101000684400003249001AB84669000037
:10D1300084E0441000DD127300121213004E8427A5
:10D14000101300C4440007D049001AA8440000325C
:10D150001273001249001AA246090098FA381010FA
:10D160000800441FFFD8101008044410047E121059
:10D170000406843F121004088422101008183C1D75
:10D18000FF088E225C1080024E1300D04410000174
:10D1900010100F003C0DFF085A080404480000B6A8
:10D1A0004609009844100000101008381010083488
:10D1B0002E07FAE34E0300864619000048000006D9
:10D1C000040080175A00A506000080689616C8F96A
:10D1D00046790000506380688501D50504038017F7
:10D1E0005A00A50A840A1083000049001A57A63085
:10D1F0009616C0F5441000004609000010100068A3
:10D20000460800208421AE443C0DFF088E02E60251
:10D210004EF300962E67FD554E6200AC84003A6FC7
:10D22000A084DD9E2E07FAE35A00010448FFFF7C2C
:10D2300046190000840010008068D505040080179E
:10D240005A00A50600008068961EC0F94619000025
:10D25000840210008068D507040080175A08A504CE
:10D2600048FFFF5C00008068961EC8F748FFFF5625
:10D270003C0DFF088E02E6034EF2FF122E07FAE382
:10D28000441033024E0300044410310246090000EA
:10D290001210001446090000022000144410FEFF82
:10D2A000FE561210001402100014581090001210B4
:10D2B0000014021000145810A00048FFFEFB92005A
:10D2C0002E07FAE35A08019E461900008400100058
:10D2D0008068D505040080175A00A5060000806804
:10D2E000961EC0F946190000840210008068D50718
:10D2F000040080175A08A50448FFFF7E00008068DC
:10D30000961EC8F748FFFF78441FFFC346090098E0
:10D3100010100838842148FFFF4BFA0649002754B3
:10D320004E03FED448FFFED610700F003C0DFF08E0
:10D330005A00040448FFFF3648FFFFE84619000082
:10D34000440000A512008140460CC665500005004F
:10D35000462300EBB602440000DD1200804E460377
:10D3600000D18420AE462E67FD554E63FF599200D2
:10D37000440000324900199246090000106000C4C0
:10D380001260004E84003A6FA084DD9E3D0DFEFACF
:10D390005021003C41110408512812C0505080789F
:10D3A000806180900A2200013820090196931A2199
:10D3B0008001DBF95108007888314D097FF1DD9E4D
:10D3C00046290000440000A512010140460CC66534
:10D3D00050000500463300EBB603440000DD1201A7
:10D3E000004E846046030028AEC0461001168461DA
:10D3F000460900888C21103000A0D5034E12000C85
:10D400000401003A8E219604C8FA461900881000DB
:10D4100080A0DD9EFA14DD9E46290000440000A590
:10D4200012010140460CC66550000500463300EB72
:10D43000B603440000DD1201004E8460460300295B
:10D44000AEC0461001168461460900888C21103058
:10D4500000A0D5034E12000C0401003A8E21960460
:10D46000C8FA46190088100080A0DD9EFA14DD9EDF
:10D4700046290000440000A512010140460CC66583
:10D4800050000500463300EBB603440000DD1201F6
:10D49000004E846046030010AEC046100116846141
:10D4A000460900888C21103000A0D5034E12000CD4
:10D4B0000401003A8E219604C8FA4619008810002B
:10D4C00080A0DD9EFA14DD9E46290000440000A5E0
:10D4D00012010140460CC66550000500463300EBC2
:10D4E000B603440000DD1201004E846046030011C3
:10D4F000AEC0461001168461460900888C211030A8
:10D5000000A0D5034E12000C0401003A8E219604AF
:10D51000C8FA46190088100080A0DD9EFA14DD9E2E
:10D52000462800000401000D9604C00F8420D50396
:10D530005A10643A0401000D8C2196049648C8F9EB
:10D54000FA115A186403DD9E461800008440A88C26
:10D55000A00C58000080A80CA00C66001F0058000A
:10D560000700A80CA0CC440CFFFFFE1E420044089C
:10D57000A80C1420800804208008460F0FFF5000DC
:10D580000FFFFE1646207000FE17140080080400EE
:10D590008008844442007808140080088400102029
:10D5A0008024DD9EFA11DD9E3A6FA8BC461900006A
:10D5B00004008015921096004E0200080000805072
:10D5C000540000FE10008050461900000400801630
:10D5D000921096004E02000800008050540000FD9A
:10D5E0001000805046090000041000175A18A504C6
:10D5F0004800009E041000175A10C1600410001764
:10D600005A10C0184629002004400017B422B46202
:10D6100084204231F409B6623E17FB2D3E17FAD63C
:10D620003E17FAF74E4301573A6FA884DD9E9200E9
:10D630004609000802500008441035CA4C12800404
:10D64000121000082E07FAE3C828440FFF9046780E
:10D65000027010038058466D0000440000C0850B26
:10D6600014030017449FFF9044A000C0D508920007
:10D670001093805814A300174E8200104400000A33
:10D680004900180C10938058040300178F0154842C
:10D6900000FF5A08C0EF9200460A33AA5000033A2E
:10D6A00046150016140082EE84204609000014106E
:10D6B00000173A6FA884DD9E460900080250000852
:10D6C000441035CA4C128004121000082E07FAE3E9
:10D6D000C828440FFF904678027010038058466DAA
:10D6E0000000440000C1850B14030017449FFF9005
:10D6F00044A000C1D50892001093805814A30017CD
:10D700004E8200104400000A490017C81093805848
:10D71000040300178F01548400FF5A08C1EF9200E0
:10D72000460A55AA5000055AD5BC92002E07FAE3C6
:10D73000C80946000E7550000678461800501400BF
:10D74000800A84003E07FABA46690000441000AC23
:10D750004400003212130010490017A0840046183C
:10D76000002012030010AE0C2E07FAE3C83C4678E6
:10D770000270440FFF9010038058466D00000413A0
:10D7800000175A10872810038058440000A5850B05
:10D7900014030017449FFF9044A000A5D5089200F1
:10D7A0001093805814A300174E8200154400000AFD
:10D7B0004900177410938058040300178F01548494
:10D7C00000FF5A08A5EF10938058040300175A0869
:10D7D00087E98401461800701000808046180270A6
:10D7E000100080804400003249001758466900004C
:10D7F00084E0441000DD127300121213004E8427DF
:10D80000101300C4440007D04900174812730012D7
:10D81000440000324900174284C080268401490038
:10D8200017E980268CC18400546300FF490017E289
:10D830005A6804F584413E27FACA84203E17FAEC60
:10D840003E27FB0A3E17FAC23E27FAED3E27FAF8BA
:10D850003E27FACE3E27FAFE3E17FB1B3E17FB1F64
:10D860003E17FAD53E17FB353E17FABE4669000053
:10D870003E17FADE441000AC1213001044000032D0
:10D880004900170C840046290098842012030010D8
:10D890001001083810010834141300306413000319
:10D8A000641200436400000864000008440000871C
:10D8B0001403001746790008446035CA02538008F3
:10D8C000440003E84C62800412638008490016E6B5
:10D8D000D5F68420141000172E07FAE3C83E46053B
:10D8E000001658000A6C404060094010200856227B
:10D8F00000504030A009FA204012081B8041460821
:10D900000270842110100080461D0000882396902C
:10D910005A405054463500160431829B104000583E
:10D92000B6611020005846350016B4A10431829B20
:10D93000DBF29200460500160420029B441FFF9074
:10D940004608027010100058461D0000840A14207A
:10D950008017490016A392004609000802500008EB
:10D96000441035CA4C128004121000082E07FAE346
:10D97000C83646190000D505040080175A00A506D0
:10D98000000080689616C8F94679000050638068E8
:10D990008501D505040380175A00A50A840A10835F
:10D9A00000004900167BA6309616C0F58420460973
:10D9B000000010100068D5195000005844300010C5
:10D9C000464500160442029BAEC0B681AE80464575
:10D9D0000016B4A10442029BDCF4D5AD2E07FAE395
:10D9E0005A0801044800007E460500160450029BB8
:10D9F000460A33AA5000033A4C500071460A55AA11
:10DA00005000055A4C50008E4603AA3350000AA31A
:10DA10004C02805D4605001684201410029B2E07E0
:10DA2000FAE3C825461900004800000604008017E4
:10DA30005A00A506000080689616C8F946790000CD
:10DA4000506380688501D505040380175A00A50A34
:10DA5000840A1083000049001621A6309616C0F5EE
:10DA600084204609000010100068D5052E07FAE34F
:10DA70005A0001102E07FD554E03FDD8461900200F
:10DA8000B40142007408B6013A6FA8844A007820B5
:10DA90004609000010100068480000060410001736
:10DAA0005A10A50600100068965EC1F946090000EC
:10DAB000842210100068D505041000175A10A5D252
:10DAC00000100068965EC9F9D5CC840249FFEB309E
:10DAD0002E07FD5549FFE808D59E840148FFFFF851
:10DAE00046090000842010100068D50504100017B6
:10DAF0005A10A50600100068965EC1F9460900009C
:10DB0000842210100068D507041000175A18A504C5
:10DB100048FFFF4E00100068965EC9F748FFFF48B7
:10DB20004400000049FFF6F648FFFF763A6FBA3C22
:10DB30003E681568461666663C6FFEFA3F682A68BE
:10DB40003E382AE03EF83D2886E087004590FFFFFA
:10DB500044B0003C50108667442FFFB0451002804F
:10DB6000860084A444400050020B00004C0C8058F6
:10DB7000420C2C245C7B801494014E7300814093F2
:10DB8000000081160A7400015203850050A3FFFFB4
:10DB9000434004684325046841457C0A40D57C091C
:10DBA000415A980A41C07C0A41207C0940CA7C093C
:10DBB00040E9980A40D6A800413AF00189C041479F
:10DBC0005001553980FF4009040A894C40D6840A27
:10DBD00042DA08734209887354A5000141589C0633
:10DBE0008B4C552380014125541A4006D41A5529DF
:10DBF00000FF960181454209107340A8541A554A06
:10DC000000FF51250500413A541A89F29403881304
:10DC10001A0480014C347FB8518C0001516B00789C
:10DC2000517B8001503180784D67FFA02E07FA8C20
:10DC30004615001610008A982E07FA8D4615001614
:10DC400010008A992E07FA8E4615001610008A9A3F
:10DC50002E07FA904615001610008A9C2E07FA919E
:10DC60004615001610008A9D2E07FA9246150016DA
:10DC700010008A9E3A6FBA044A0078204083000060
:10DC8000509B00000A7480015203850050A3FFFFDF
:10DC9000434004684325046841457C0A40D57C091B
:10DCA000415A980A41C07C0A41207C0940CA7C093B
:10DCB00040E9980A40D6A800413AF00189C041479E
:10DCC0005001553980FF4009040A894C40D6840A26
:10DCD00042DA08734209887354A5000141589C0632
:10DCE0008B4C552380014125541A4006D41A5529DE
:10DCF00000FF9601420910738245554A00FF4128F2
:10DD0000541A413A541A82B289F5940388131A04BA
:10DD100000014C91FFB948FFFF8192003A6FA0BC0F
:10DD20002E07FAE3C82846190000D505040080171D
:10DD30005A00A506000080689616C8F946790000CA
:10DD4000506380688501D505040380175A00A50A31
:10DD5000840A10830000490014A1A6309616C0F56D
:10DD60008420460900001010006884003A6FA084E7
:10DD70004A0078202E07FAE35A0801F946190000F4
:10DD8000840010008068D505040080175A00A5069D
:10DD900000008068961EC0F9461900008402100039
:10DDA0008068D505040080175A00A5DC0000806853
:10DDB000961EC8F9D5D6920046180060000080145F
:10DDC0005800000210008014DD9E9200460800609A
:10DDD00000000010960456000001DD9E3A6FA0BCC2
:10DDE0004080880980C084E04E82000EA4B0A43137
:10DDF0008CE140004008FE174900152A8CC44C7481
:10DE00007FF792003A6FA084DD9E92008407461946
:10DE10000000100080C44628002000210E2084004D
:10DE20003E07FB2D3E07FAD63E07FAF72E27FAE308
:10DE30004E2300060000806C580000021000806C29
:10DE400046080021FA21141000892E07FAE3C007C2
:10DE500044100000460900001010006C3C0DFF0843
:10DE6000E605E8133A6F98BC3EFF25DC38078202CE
:10DE70004A000000C0DA0020C0DA0020AADA002040
:10DE800094DA00201CDB0020FA224608002114103E
:10DE90000089DD9E84004900162DFA2246080021E3
:10DEA000141000893A6F9884DD9E8400490016742E
:10DEB000FA2246080021141000893A6F9884DD9EEA
:10DEC00046050007040003C13C53FD4AD033460514
:10DED0000007040003C13C53FD4CD02C460500074D
:10DEE000040003C13C53FD4DD02546050007040046
:10DEF00003C13C53FD4ED01E46050007040003C17C
:10DF00003C53FD50D01746050007040003C13C53A5
:10DF1000FD51D01084004900168DD5C08400490001
:10DF200017E3FA2246080021141000893A6F9884FA
:10DF3000DD9E84004900343CFA224608002114107A
:10DF400000893A6F9884DD9E46080021FA3114104A
:10DF5000008940000009FA3214100089DD9E920009
:10DF60003A6FA0BCEFF8460900A00410000A661042
:10DF700080401410000A0410000A6610802014105B
:10DF8000000AA005F081F0014200140B4E0200C20D
:10DF90004609000802500008441035CA4C1280049B
:10DFA000121000082E07FDB34200100B4E02000AAB
:10DFB000460A55AA5000055A46150007140083C4A6
:10DFC0002E07FAE34E0300CA461900004800000677
:10DFD000040080175A00A506000080689616C8F94C
:10DFE00046790000506380688501D50504038017D9
:10DFF0005A00A50A840A108300004900134FA63076
:10E000009616C0F544100000460900001010006884
:10E010004616100046080021141000894609000821
:10E0200002500008441035CA4C1280041210000837
:10E03000460800208420AE442E07FAE34E0201A6D3
:10E040004609000802500008441035CAD1031210D6
:10E050000008840044100001490040E4490041A246
:10E0600046050016848110400D104618006000001F
:10E0700080145800000210008014460610008C0125
:10E0800046180021140080892E07FAE3C82E461591
:10E09000000758108F104050E0094010A008562289
:10E0A00080504030A009FA204012881B8041460869
:10E0B0000270461D0000104000808823542100FF9C
:10E0C0005A5850044800016846350007043183C49B
:10E0D00010500058B6611020005846350007B48132
:10E0E000043183C44C41FFF246661000467800219B
:10E0F0009C329C73140380891413808984028421C8
:10E10000490009D49C348CCE14038089146380891F
:10E11000F00142003C0BC847F0014200380BC00937
:10E12000461900A0040080034200380B4E03007122
:10E13000461900000400803A4200600BC008440009
:10E1400000491200800E84001200800EF001EC08DD
:10E150003A6FA084DD9E92002E07FAE35A00010474
:10E1600048FFFF5846190000840010008068D5055C
:10E17000040080175A00A50600008068961EC0F9AA
:10E1800046190000840210008068D507040080173B
:10E190005A08A50448FFFF3800008068961EC8F79B
:10E1A00048FFFF32840E4900200FC8B7FA02490029
:10E1B000200BC8B3FA0649002007C8AF462900A0C3
:10E1C000A051460900904210BC09A851A64046291A
:10E1D000002058108002AE400010004C5810800201
:10E1E0001010004CA0514210D008A851001000405F
:10E1F000581080021010004084211010006400109C
:10E200000044541080FD1010004448FFFF87A0090F
:10E2100066004000A8092E07FAE3C841460500162B
:10E2200058000A6C40506009401020085622805067
:10E230004030A009FA204012881B80414608027035
:10E24000842110100080461D00008823542100FF07
:10E250005A58500448000110463500160431829B7C
:10E2600010500058B6611020005846350016B48191
:10E270000431829B4C41FFF2460500160420029BAC
:10E28000441FFF904608027010100058461D000001
:10E29000840A1420801749001201920046090008E0
:10E2A00002500008441035CA4C12800412100008B5
:10E2B0002E07FAE34E0300A84619000048000006A6
:10E2C000040080175A00A506000080689616C8F959
:10E2D00046790000506380688501D50504038017E6
:10E2E0005A00A50A840A10830000490011D7A630FD
:10E2F0009616C0F544100000460900001010006892
:10E30000460500160450029B460A33AA5000033A01
:10E310004C5000B0460A55AA5000055A4C5000A473
:10E320004603AA3350000AA34C5000944615001629
:10E3300084001400829B2E17FAE3C941461900009D
:10E3400048000006040080175A00A50600008068F7
:10E350009616C8F946790000506380688501D50596
:10E36000040380175A00A50A840A1083000049009C
:10E370001195A6309616C0F58420460900001010AD
:10E38000006848FFFED79200440186A0490011862C
:10E3900048FFFE5850000058445000104635000712
:10E3A000043183C4AF40B661AE8046350007B48106
:10E3B000043183C44C41FFF448FFFE982E17FAE362
:10E3C0005A10010448FFFEB646190000100080688C
:10E3D00048000006040080175A00A5060000806867
:10E3E000961EC0F946190000840210008068D50509
:10E3F000040080175A00A5C200008068961EC8F964
:10E4000048FFFFBC2E07FAE35A00010448FFFF7AD9
:10E4100046190000840010008068D50504008017AC
:10E420005A00A50600008068961EC0F94619000033
:10E43000840210008068D507040080175A08A504DC
:10E4400048FFFF5A00008068961EC8F748FFFF5437
:10E450004400000249FFE66C2E07FD5549FFE344E6
:10E4600048FFFF664400000049FFF25448FFFF6088
:10E470008401D5F150000058445000104635001674
:10E480000431829BAF40B661AE8046350016B48140
:10E490000431829B4C41FFF448FFFEF03A6FA8BC68
:10E4A000461900300070800C00208014A608FFD6AA
:10E4B000961F97DF0020801440738012A608840105
:10E4C000100080080000800846290030C8FC0011B8
:10E4D000000C0001001497FC96489600C74FA61048
:10E4E00058000001AE1084C0840084203E67FAE228
:10E4F0003E67FAFB49003E9649003F544605001628
:10E5000010600D104628006000010014461900201C
:10E510005800000210010014B40142007409B60151
:10E520002E07FAE34E0200322E07FAE35A00015298
:10E5300046050016040002A2C0028401842149009D
:10E5400007B5C719462900300001000C46190030F4
:10E550009604C8FB00008014540000FE10008014D4
:10E5600000008014540000FD10008014A608540020
:10E5700000FEAE083A6FA884DD9E960456000001A6
:10E58000FE0EC8B248FFFFF846190000480000061A
:10E59000040080175A00A506000080689616C8F986
:10E5A00046890000506400688521D50504040017E1
:10E5B0005A00A50A840A109300004900106FA63083
:10E5C0009616C0F584204609000010100068D5B1E9
:10E5D000461900001060806848000006040080179B
:10E5E0005A00A50600008068961EC0F94619000072
:10E5F000840210008068D505040080175A00A5E445
:10E6000000008068961EC8F9D5DE92003A6F9CBC67
:10E61000EFF4801F501F800449000FA62E07FB58FF
:10E62000C806F0014200500B4E0300B0B41F420078
:10E63000700B4E030165B41F4200300BC03D441007
:10E640000054460800214668005014100089D50483
:10E65000840A49001023B4069604C8FB84214608A6
:10E66000007010100080442000554608002114203E
:10E6700000898400461900003E07FABA0000806C49
:10E68000540000FD1000806C3C0DFF085CF000059C
:10E690004EF3006C2E67FD554E6201524608002174
:10E6A000441000561410008984213E17FB2D44109D
:10E6B000005714100089B41F4200740BC00C2E07C1
:10E6C000FD55C813461900000020806C5A2002082E
:10E6D0002E07FAE3EC0C3A6F9C84DD9E4420000187
:10E6E0003E27FAD61000806C2E07FAE35A0801F490
:10E6F0002E07FD555A0801F03C0DFF08E602E8EB35
:10E7000046050007040003C13C53FD4A4C5001C4B8
:10E7100046050007040003C13C53FD4C4C5001BCAE
:10E7200046050007040003C13C53FD4D4C5001B4A5
:10E7300046050007040003C13C53FD4E4C5001AC9C
:10E7400046050007040003C13C53FD504C5001A492
:10E7500046050007040003C13C53FD514C50019C89
:10E76000840349001267D5B73EFF2EDC38078202CA
:10E770004A0000007CE500207CE500206AE50020DE
:10E7800058E50020E4E5002046290020A051460974
:10E7900000904210D009A851A6404520003C5410DA
:10E7A00080FDAE4000100040462CCCCC541080FDC3
:10E7B00010100040A10250210CCD421248244608FE
:10E7C00088884220886950000889402194094701BF
:10E7D0004F8B463900001441803F40508809463530
:10E7E00000164200806951080589144182F14302F4
:10E7F000C06946350016142182F092254625001680
:10E80000141102EF4008A00946150016140082F208
:10E81000040082F25CF0003C4EF20004152082F20B
:10E820002E07FAE3C8644605001658000BC84615C3
:10E830000016050082F240506009FA80400020086E
:10E840005712805046380270462D000040102009B3
:10E850004052441A550800FF1051805846050016D2
:10E8600058000BBC3900880846150016050082EFD9
:10E870004050600957128050400020084010200985
:10E880004052441A550800FF1051805846050016A2
:10E8900058000BC03900880846150016050082F0A4
:10E8A0004050600957128050400020084010200955
:10E8B000550800FF4052441A105180584605001672
:10E8C00058000BC43900880846150016045082F120
:10E8D0004010600957008050400020089768920857
:10E8E0004012401A101180583850080884013E0721
:10E8F000FB58B41F4200700B4E02FE9F44100053A1
:10E9000046080021141000898427460900001010D1
:10E9100000C43C0DFF08E6054EF2FE8F3EFF30902E
:10E92000380782024A00000010E6002010E60020AE
:10E9300004E60020F8E5002070E60020467900009B
:10E940004400000110038068440000C849000EA67E
:10E950001063806848FFFEA444000001490010CA0B
:10E960002E67FD554E63FE9CD5EA840149001114C3
:10E970002E67FD554E63FE94D5E2920046050007D2
:10E98000040003C13C53FD4A4C50007A4605000781
:10E99000040003C13C53FD4C4C5000724605000777
:10E9A000040003C13C53FD4D4C50006A460500076E
:10E9B000040003C13C53FD4E4C5000624605000765
:10E9C000040003C13C53FD504C50005A460500075B
:10E9D000040003C13C53FD51D05284014900112A67
:10E9E00048FFFE5A440000014900127E2E67FD5583
:10E9F0004E63FE5648FFFFA4440000024900107A0F
:10EA000048FFFE1B44000002490010C648FFFE15E7
:10EA100046050007040003C13C53FD4AD0364605B5
:10EA20000007040003C13C53FD4CD02F46050007EE
:10EA3000040003C13C53FD4DD028460500070400E7
:10EA400003C13C53FD4ED02146050007040003C11D
:10EA50003C53FD50D01A46050007040003C13C5347
:10EA6000FD51D01344000002490010E448FFFDE5C9
:10EA7000440000024900123848FFFDDF4400000155
:10EA800049002E9648FFFE084400000249002E90DF
:10EA900048FFFDD34400000349002E8A48FFFE1CB6
:10EAA0003A6F9CBCEFF4100F8007000F80079600B0
:10EAB000E606E907FA02EC0C3A6F9C844A007820DB
:10EAC0003EFF3234380782024A000000E4E60020AC
:10EAD0003CE7002048E7002054E7002060E70020E2
:10EAE0006CE7002084C084E046190078000F80079E
:10EAF00000008008462900705800000110008008BE
:10EB0000A4542E07FDB4581080014200080BAC54E9
:10EB1000C808460800600000001096044E03003646
:10EB20003C0DFF088E02E602E92892006400000016
:10EB30008400EC0C3A6F9C84DD9E9200446000558A
:10EB40004470005548FFFFD2446000664470006680
:10EB5000D5CC92004460007744700077D5C692000F
:10EB60004460009944700099D5C09200446000AAA6
:10EB7000447000AAD5BA92004460005546090000CE
:10EB800012600050D5D4920049FFC9E4C8CA3C0DB8
:10EB9000FF088E02E602E8CB5A7099055A78AAF06F
:10EBA00080C7842046090000101000C4D5E89200F8
:10EBB0003A6FA0BC2E07B46B4619000084411420A4
:10EBC000803E5A080105480001DF92004E0201E232
:10EBD0005A08020A2E07FAE34E03020C44003100E1
:10EBE000120080144669000084224400003214138D
:10EBF000003E49000D5384E0441000DD1273001202
:10EC00001213004E44100007101300C4440007D034
:10EC100049000D44440000321273001249000D3EB9
:10EC200084031403003E4618002084011000820073
:10EC30000000820096005A0801FD46190000844435
:10EC40001420803E46180020100082040000820438
:10EC50005A0801FE49000D2A3C53DA7484254609FE
:10EC6000000092A21410003E4E5201CE471AAAAAEA
:10EC7000475FF00F80854606000084603F0FB58C2B
:10EC800051188AAB8683515A8FFF92002E17FEEFE0
:10EC90009656C10D4321C469502180004019840952
:10ECA0004220D0755A2801044800013838180E0255
:10ECB000B620B4404C20FFFE8C61E2658C04E9E78D
:10ECC0003C53DA7547280010000900544412008AAA
:10ECD0004609000092A21410003E4E52018F4601D8
:10ECE00080008804474FFF0094028265860084609C
:10ECF0003F1FC18C514A0FFF47610004596B0E0042
:10ED000047510003595A85005411801F5A1818049E
:10ED1000480000C05A181C04480000CE5A181F04AE
:10ED2000480000E838188E02B620B4404C20FFFEA0
:10ED30008C61E2658C04E9E93C03DA764412008BCD
:10ED400040F00809460900001410003E84204608DF
:10ED5000002189E41010021C4EF20153460180008C
:10ED6000881347224924940282AF84603F1FD98CC4
:10ED7000512909254540001C2E17FAE34E12007E4A
:10ED800040418809424248698023421A1475C97576
:10ED900038188E02581080105A383804480000E2A3
:10EDA000B620B4A0D9FE8C614011BC068C04C9E524
:10EDB0003C53DA77461900004402008D1400803E6F
:10EDC00092A24402008E404ACC001400803EC5133B
:10EDD000460180008804940284603E4FEE8C9200CD
:10EDE00038120E02B620B4404C20FFFE8C618C0419
:10EDF0004C32FFF84402008F461900001400803E98
:10EE000046280020840010010200D5070400803E3F
:10EE1000500000011400803E00010200C8F84402C6
:10EE20000090461900001400803E4628002084000F
:10EE300010010204480000080400803E5000000158
:10EE40001400803E00010204C8F8442200914619D3
:10EE500000001420803E4619453546080020501019
:10EE60008493A8422E17B46C101004188420A84272
:10EE70003A6FA084DD9E920038188E02B620B4A0AE
:10EE8000D9FE8C614011BC068C044E13FF77D591DE
:10EE90002E17FAE38055402B041B8022B620B44085
:10EEA0004C20FFFE8C61E2658C044EF3FF2F48FF7F
:10EEB000FF4592002E17FAE3C94050187FFDE62265
:10EEC000E95C50187FF8E6224EF3008A5B000A5690
:10EED0004611000258108600B620B4404C20C03CB9
:10EEE0008D818C61E2658C044EF3FF1048FFFF2694
:10EEF0000019005438288E024010B00840215002FA
:10EF0000FE57B620B4404C20FFFE8C61E2658C04B5
:10EF10004EF3FEFC48FFFF1238180E024010D402D8
:10EF2000B620B4404C20FFFE8C61E2658C044EF3A9
:10EF3000FEAF48FFFEC7920050187FFDE622E9179A
:10EF400050187FF8E622E9455B000A1246110003DB
:10EF500058108F00B620B4404C20FFFE8D81D5C2E2
:10EF600046250007141100FB48FFFF1C4611000452
:10EF700058108900D5F09200461100035810800007
:10EF8000D5EA92003C0DFF088E02E6034EF2FE2405
:10EF90002E07FAE34E02002A4400330212008014C6
:10EFA00046090000022000144410FEFFFE56121015
:10EFB00000140210001458109000121000140210D7
:10EFC00000145810A0001210001448FFFE0D92000B
:10EFD0004611000458108E00D5BE92004611000361
:10EFE00058108500D5B8920044003102D5D892005F
:10EFF0004400330048FFFDF6866048FFFE9F86A070
:10F0000048FFFED8848048FFFE5D92004619001834
:10F01000A08114208008002000081020802CA083EC
:10F0200014208021A084142080200230000AA086B1
:10F030001230801E14208013A08714208016043004
:10F04000000B0220001014308014122080200220B7
:10F0500080145821000212208014022080145821AC
:10F06000002012208014A6805A2001320230801421
:10F070004420FFEFFE9E12208014846A8422A68121
:10F080005A20011EA6825A2801150430000C462978
:10F090000018143100170430000D4628001002003B
:10F0A000001C5810800114310019964912010034D7
:10F0B00096484608001010100054DD9E46190018AE
:10F0C0000420000A142080128023D5DD04200009CA
:10F0D00014208015023080144420FFEFFE9E122081
:10F0E0008014846E8426D5CC3A6FA8BC4669000093
:10F0F00081003C8FFF080403003A81214200280B65
:10F10000C01846780020020382F84200280BC0088D
:10F11000D5109200022382F854210400CA0A840AFE
:10F1200049000ABC0423003A54210400CAF49200A6
:10F130005024000850140010500400183E4FB4A092
:10F140009491944994018824880488443852210178
:10F15000A511A48AA443460945354638002050002D
:10F160000493A81A12518206124182081221820ABF
:10F17000121182105A9801048400A81A3E1FB4F09C
:10F18000460800203810A20214100380001007F86F
:10F19000501081001210020E3A6FA884DD9E92007A
:10F1A0003A6FA8BC81203C0DFF083C0FFF11466957
:10F1B00000003C9FFF0884001003006C0403003A29
:10F1C00081014200280BC01746780020020382F814
:10F1D0004200280BC007D50F022382F854210400F7
:10F1E000CA0A840A49000A5A0423003A5421040036
:10F1F000CAF4920046094535461800205000049391
:10F20000A80A3C0DFF083E5FB4A0504000085030F3
:10F21000001050200018952194D994918865884554
:10F220008885387281012E67B46BA561A51AA4D3B5
:10F230003E2FB4F03821020212708206125082086A
:10F240001240820A12308210142083805A6801040E
:10F25000480000C94E6200CC5A68020E2E17FAE32D
:10F26000442033004E1300044420310046190000AE
:10F27000122080144E8300DD846084203E37FB061C
:10F280003C1FFF0B3E17FB1A4645001644300FA0EB
:10F29000E6051232052BE84984614021800C544177
:10F2A00000134E4300735421000C4E2200DF461819
:10F2B0000020442001001220820E3E37FB4AA90A9A
:10F2C00010408A302E27FB05E6424EF300DF8444CF
:10F2D00010208A002E17FAE3C92C4618002084411A
:10F2E0001420828644200065142082855A08020476
:10F2F000480000D046050016040002F01400828782
:10F300003C2DED213C0DED1F1400828846080020A5
:10F3100084211420028910100A28842310100A1056
:10F32000842010100A34D50546080020141000026D
:10F3300046090098FA3810100800441FFFD8101032
:10F3400008044410047E12100406843F12100408BE
:10F350008422101008183C1DFF088E22E6224EF36E
:10F360000071842110100F003C0DFF085A0804049E
:10F3700048000070460900988420101008381010CA
:10F3800008343A6FA884DD9E46280020004107F823
:10F39000504201001241020E3E17FB4AA8522E476E
:10F3A000FB05E682E96C842510310A3010110A0051
:10F3B000461800204420000010208A1010208A34B3
:10F3C0005A0004593E2FB5043E3FB5184618002098
:10F3D00038210202380182021420828114008282C4
:10F3E000D5A89E425CF080034EF2FF3A2E17FAE356
:10F3F000442033024E130004442031024619000019
:10F400001220801446190000023080144420FEFFB0
:10F41000FE9E122080140220801458211000122019
:10F420008014022080145821200048FFFF23800907
:10F430005014000049FFE3063C0DFF0848FFFF1E83
:10F440004410000010100F003C0DFF085A080494EF
:10F4500046090098441FFFC310100838842110107B
:10F4600008343A6FA884DD9E46080020A88248FF31
:10F47000FF61844110208A0C48FFFFA610110A305A
:10F4800010310A0048FFFF9610408A0048FFFF2411
:10F4900046050016040002EF140082873C2DED2083
:10F4A0003C0DED1E48FFFF323A6FA8BCEFF88440D8
:10F4B0003E27FB2D3E27FAD680E0443186A084010A
:10F4C0008101F3813E07FD553C0DFF082E37FAE31D
:10F4D0003C0FFF113C7FFF084E3301D2463900003C
:10F4E00048000006040180175A00A5060021806824
:10F4F0009696CAF946990000506480688541D50502
:10F50000040480175A00A50A10A30000840A4900C9
:10F5100008C5A6B09696C2F54609000084201010D2
:10F5200000683C0DFF088E02E60246290000842197
:10F53000E9028420440000A512010140460CC66582
:10F54000463300EB50000500B603440000DD120115
:10F55000004E460300D1AE46466900003E17FB4A06
:10F5600084231413003E440000324900089785208C
:10F57000441000DD129300121213004E44100007D5
:10F58000101300C4440007D04900088812930012E9
:10F59000440000324900088284C08026840149006A
:10F5A000092980268CC18400546300FF4900092288
:10F5B0005A6804F584413E27FACA84203E17FAECC3
:10F5C0003E27FB0A3E17FAC23E27FAED3E27FAF81D
:10F5D0003E27FACE3E27FAFE3E17FB1B3E17FB1FC7
:10F5E0003E17FAD53E17FB353E17FABE46690000B6
:10F5F0003E17FADE441000AC440000321213001033
:10F600004900084C840046190098120300101000AD
:10F610008838100088348400140300304E8301A31E
:10F62000842084003E17FB063C0FFF0B3E07FB1AAD
:10F630004669000044000FA0461500161200852BF5
:10F640000403003A4200280BC0164678002002034B
:10F6500082F84200280BC80F4400000A4900081E27
:10F660000403003A54000400C006020382F8540068
:10F670000400C0F3460945354618002050000493A5
:10F68000A80A3C0DFF083E5FB4A05020001850406F
:10F6900000085030001094918845952194D98885B0
:10F6A000886539028101A5533E2FB4F0A5E1A59AE2
:10F6B000384102028460E605130082061270820857
:10F6C0001260820A12508210A8CA14408380E83C5B
:10F6D00084814022000C545100134E5201092E2700
:10F6E000FB05E6424EF301DE4420000510408A305F
:10F6F00010208A00461800204420000010208A10A4
:10F7000010208A345A0804044800017B3E1FB504C7
:10F710003E3FB51838208202461800203801820288
:10F7200014208281140082823C0DFF08E605E80C5B
:10F7300084A14012800C544080134E43011B54108E
:10F74000800C4E13013784404430000046180020DE
:10F7500010308C1410208C5400208C548E028C415C
:10F760009690E60210208C2410308C184EF30196EF
:10F7700044000001120086143C2DFF08E6454EF2BD
:10F78000006F84614011880C54408013CC4E54109B
:10F79000800CC16546390000D506F0019E41F1811B
:10F7A0004E0200070401803A54003000C8F784205C
:10F7B0004609000084603E17FD55461500071430C9
:10F7C000002F045083C4461A55AA5010855A4C5035
:10F7D000816F84253E17FAF7441000A512100140EE
:10F7E000461CC66550108500465300EBB6254410F4
:10F7F00000DD1210004E461300D1AECE844112300F
:10F80000004E3E27FAD63E27FB2D46490008A56646
:10F810004400AC53D004440FAC53AC268400EC0835
:10F820003A6FA884DD9E920046190020B401420080
:10F830007409B6013E37FD55460003C08C0C4619CD
:10F8400000001400802F8420460800201210032A94
:10F8500049FFEC1A3C2DFF085CF10005E9388420D3
:10F86000460900001010006CF101FA5484004001B8
:10F87000041AEC083A6FA884DD9E92002E17FAE372
:10F88000500380005A10010448FFFE4F4619000043
:10F8900010208068D5069200040080175A00A50643
:10F8A00000008068961EC0F946190000840210000E
:10F8B0008068D507040080175A08A50448FFFE2E6B
:10F8C00000008068961EC8F748FFFE283EFF4040B3
:10F8D00038278A024A00080008F6002008F60020AF
:10F8E00080F6002074F6002068F600205421000CF9
:10F8F0004E22FF2010508A302E27FB05E6424EF3A1
:10F90000010D844410208A002E17FAE34E13FF0ED7
:10F91000461800208441142082864420006514206B
:10F9200082855A080205480000FD9200460500162F
:10F93000040002F0140082873C2DED213C0DED1FE8
:10F9400014008288460800208421142002891010A7
:10F950000A28842310100A10842010100A3448FF4B
:10F96000FEE580075014000049FFE06C48FFFE5A96
:10F970002E17B4642E27B4664648002086408620A1
:10F9800086009CC99A8A843F11220C5896D811226D
:10F990000C009690151203041212060213120606AA
:10F9A00011020C5810520C5C11020C0848FFFED0DA
:10F9B0004708002010480C5C4615001610580C58DB
:10F9C000041082F246250016043102F296489C8DFE
:10F9D0008C2684BF8A4396C8441F000010480C0040
:10F9E000969010480C3C10480C0814180304125848
:10F9F0000602125806061258062048FFFEA9844146
:10FA000010208A0C48FFFE8446050007040003C14D
:10FA10003C53FD4AD03C46050007040003C13C535B
:10FA2000FD4CD03546050007040003C13C53FD4D95
:10FA3000D02E46050007040003C13C53FD4ED027DD
:10FA400046050007040003C13C53FD50D020460585
:10FA50000007040003C13C53FD51D01944000005C8
:10FA6000490008E848FFFEFD4400000549000A3C43
:10FA700048FFFEF7440000054900083C48FFFEF13E
:10FA8000440000054900088848FFFEEB44000005DB
:10FA90004900268E48FFFEE5440001F448FFFE6C55
:10FAA00010308A3010408A0048FFFE263C0DFF11BE
:10FAB0008E02E602E9142E07FAE3C811460900088F
:10FAC00002500008441035CA4C128004121000087D
:10FAD00044004E20490005E23C2DFF084410012C53
:10FAE0005A20020444100000460800201210032A85
:10FAF00049FFEACA4609000802500008441035CA06
:10FB00004C1280041210000846190020B401420073
:10FB10007408B60148FFFEA010508A0048FFFEF6A8
:10FB200046050016040002EF140082873C2DED20EC
:10FB30003C0DED1E48FFFF063A6F98BC44000000E4
:10FB40004900063444000258490005A884013A6F70
:10FB500098844800062B92003A6FA4BCEFF446004C
:10FB6000003F04000000F0814615000784001400E7
:10FB700080B03E07FB3246190000020080769208F2
:10FB8000960F3E07FAE302008076920A960FC8416C
:10FB9000840192004612001A3E07FB054605000745
:10FBA000020007A0462500079601660000FF5800E6
:10FBB0000002120107A0461900000400803D580011
:10FBC00000011400803D2E07FAE384203E17FABAA4
:10FBD000C828462800000401000D96044E02037850
:10FBE0008420D5055A186404480004380401000D27
:10FBF0008C2196049648C8F7446000215A1064048A
:10FC0000480003668006EC0C3A6FA484DD9E9200E7
:10FC10005A080104480003585A0802C28404D5BB9C
:10FC20006404000258000004640400036405000238
:10FC30006600000364050003640000096400000816
:10FC400046050007021007A04625000796496610E2
:10FC500080FF58108004121107A04609000004100C
:10FC6000003D46450007581080021410003D46151F
:10FC70000007021087A084409649661080FF581044
:10FC80008005121207A03E27FAC83E27FAD03E2769
:10FC9000FAF3021207A084609649661080FF58109C
:10FCA0008006121207A01020006C021207A09649CD
:10FCB000661080FF58108007121207A01230004C07
:10FCC000021207A09649661080FF58108008121291
:10FCD00007A0441100051410003C2E17FAE34E1241
:10FCE000023D2E17FAE35A1801054800031F92003F
:10FCF00046050007020007A04615000796016600AA
:10FD000000FF58000009120087A0020087A0466982
:10FD100000009601660000FF5800000A120087A04C
:10FD2000440100061403003C020087A040000013B9
:10FD3000660000FF5800000B120087A0490011F276
:10FD400046050007020007A0461500074000001303
:10FD5000660000FF5800000C120087A04401000755
:10FD60001403003C490006C446050007020007A032
:10FD70004615000740000013660000FF5800000D04
:10FD8000120087A049000FEA440100171403003C49
:10FD900046050007020007A04615000740000013B3
:10FDA000660000FF5800000E120087A049FFF7020E
:10FDB00046050007020007A04615000796016600E9
:10FDC00000FF5800000F120087A044010008140330
:10FDD000003C2E07FAE3C82B4605000758000F1019
:10FDE000405060095612805040002008FA404030D0
:10FDF00020094022841B460C000088039690461878
:10FE000000705A585005480002ED92004635000730
:10FE1000043183C44645000710508058B660102056
:10FE20008058B460044203C44C41FFF22E07FAE349
:10FE3000C8544605000758000F0440506009561288
:10FE4000805040002008FA40403020094022841BA6
:10FE5000460C000088039690461800705A585004CB
:10FE6000480002E846350007043183C146450007D3
:10FE700010508058B66010208058B460044203C10E
:10FE80004C41FFF24605001658000EAC4050600988
:10FE90005612805040002008FA404030200940228D
:10FEA000841B460C000088039690461800705A5830
:10FEB0005005480002AB920046350016043183AB72
:10FEC0004645001610508058B66010208058B46027
:10FED000044203AB4C41FFF22E07FAE3461900003F
:10FEE0004E02015E2E07FAE35A0801044800025A46
:10FEF000490013464900142846050007020007A0E0
:10FF0000461500079601660000FF58000010120019
:10FF100087A084404605000012200000463800609B
:10FF200000118014FA125810800210118014461526
:10FF30000007021087A0463500079649661080FF2B
:10FF400058108011121187A0021187A04010801351
:10FF5000661080FF58108012121187A03E27FAF712
:10FF6000490011324E02015B84C092004609000034
:10FF70008420121000162E27FAE34E2201332E277A
:10FF8000FAE35A280105480001EF92004679000083
:10FF90004481000984071483803C640300036412D5
:10FFA000004364000008640000084600100046108A
:10FFB000800044200060490004439200460900206C
:10FFC000B420463900A058109000B620B42046292D
:10FFD00000304210F008B620A019842042003C08EE
:10FFE000A819840E10110014AE1046050007020077
:10FFF00007A0462500079601660000FF5800001381
:020000021000EC
:10000000120107A04401000A1483803C1403803CC1
:100010002E07FAE34E0301348007D50504100017BC
:100020005A10A506001000689656C9F946890000C6
:10003000507400688521D505040400175A00A50AEC
:1000400010938000840A49000329A6789656C1F5CA
:1000500044100000460900001010006846790000B6
:100060000413803A440000004210840B490030DA47
:100070000403803A4200080B4E0200E8460CC665B5
:1000800050000500445000A5464300EB443000DD1D
:10009000461300D784414501000B1503803C1253E1
:1000A0008140B6041233804E1020840112538140E7
:1000B000B6041233804E4605001610208801040055
:1000C00002A2C0028401842149FFF9F04609000020
:1000D0004411000C1410003C8400920046150016D8
:1000E00010008D1046050007020007A04615000706
:1000F0009601660000FF58000013120087A002005E
:1001000087A09601660000FF58000014120087A027
:100110004400003F640300036412004364000008CD
:1001200064000008020087A04625000796016600CB
:1001300000FF5800001546190020120107A0B40165
:1001400066000008B6018006EC0C3A6FA484DD9EC0
:10015000041000175A10A506001000689656C9F939
:1001600046790000506380688501D5050403801737
:100170005A00A50A840A108300004900028FA630A5
:100180009616C0F5441000004609000010100068E3
:1001900048FFFDB0040080175A00A50600008068E3
:1001A0009616C8F946790000506380688501D50528
:1001B000040380175A00A50A840A1083000049002E
:1001C000026DA6309616C0F5842046090000101076
:1001D000006848FFFE8F9200041000175A10A50611
:1001E000001000689656C9F94689000050740068EE
:1001F0008521D505040400175A00A50A1093800034
:10020000840A4900024BA6789656C1F58420460917
:1002100000001010006848FFFEBBFA1649000FD41A
:100220004E03FEA44400002B49000FCE4E03FE9E59
:100230004400003049000FC84E03FE9849000F7477
:1002400080C048FFFE95920046050007045003C495
:10025000460A55AA5000055A4C507F464401000DED
:100260001403803C8421840249FFF9204401000EDC
:100270001403803C4400000148FFFF322E07FAE3DC
:100280005A00010448FFFEEC101380688007D50572
:10029000041000175A10A50600100068965EC1F9F8
:1002A00046190000840210008068D50704008017FA
:1002B0005A08A50448FFFECE00008068961EC8F7C5
:1002C00048FFFEC8840248FFFC6792004608000011
:1002D0008440A884A04458108080A844A04466109C
:1002E0009F0058108700A844A0C4441CFFFFFE5E76
:1002F0004210C408A8441420000804200008461F27
:100300000FFF50108FFFFE5646207000FE5714104E
:100310000008041000084210F80814100008842493
:100320001010002448FFFC8E1030006848000006C2
:10033000041000175A10A50600100068965EC1F957
:1003400046190000840210008068D5070400801759
:100350005A08A50448FFFF1800008068961EC8F7D9
:1003600048FFFF1210100068480000060410001734
:100370005A10A50600100068965EC1F946190000E3
:10038000840210008068D507040080175A08A5046D
:1003900048FFFF3E00008068961EC8F748FFFF3800
:1003A00046190000840010008068D50504008017FD
:1003B0005A00A50600008068961EC0F94619000084
:1003C000840210008068D507040080175A08A5042D
:1003D00048FFFEFC00008068961EC8F748FFFEF646
:1003E000501080584450001046350007043183C433
:1003F00046450007AF48B660AE88B460044203C407
:100400004C41FFF448FFFD14501080584450001038
:1004100046350016043183AB46450016AF48B6603A
:10042000AE88B460044203AB4C41FFF448FFFD5674
:10043000501080584450001046350007043183C1E5
:1004400046450007AF48B660AE88B460044203C1B9
:100450004C41FFF448FFFD18FAD148FFFBD592004C
:100460004609000802500008441035CA4C128004A6
:1004700012100008DD9E920046090008A5464410AF
:10048000AC53D105441FAC5312100006DD9E920000
:1004900046090008A446C1038420AC46DD9E9200B4
:1004A0002E07FD55DD9E92006424000258210004B1
:1004B0006424000364250002944966210003880136
:1004C000FE17640500036400000964000008DD9E57
:1004D0004041600957020050FAA04042C01A5A0039
:1004E00001059200DD9E9200402120089248C10D36
:1004F0005A1801FA4608027010400058460D0000D4
:100500003831000ADD9E9200460800701040005805
:10051000460C0000D5F692004031600956518050DB
:10052000FA804032141A5A0001058400DD9E9200C0
:10053000402120089248C10D84005A1801F946084C
:10054000027010300058460D000038010002DD9E98
:100550004608007010300058460C000038010002B8
:10056000DD9E92003A6FA0BC46290020A0D4B66060
:1005700080E0A015B601B44781014201440BC85484
:100580004241400B443000004211480B84C1862296
:1005900042014C0B4043041B4038841B86438600B9
:1005A0004211500B4043001B4039001B4048041BC4
:1005B0004201540B4038041B4251580B4048001B69
:1005C0004033001B42215C0BC52480714039081B5D
:1005D000840080234900010EB428460800804210A0
:1005E000EC0BC906A63B9604C01046080040A64086
:1005F000964CC11FA644964C4E12000800100008ED
:1006000058108001101000083A6FA084DD9E9200FF
:10061000CA0EC4DF84015A30021A8023490000EA5E
:100620003E67FAF7D5DA84818461D5AF8463D5D18A
:10063000A6404210840BC1E9A6444210840BC1E5D8
:100640000010000858108002D5DE8422490000D234
:100650004649008004320011442000640452001115
:10066000D50792000432001104520011C2B68E4127
:10067000FEEF9690CBF82E0000EEC0AF4410C350B2
:1006800040008017461900808C01140080108401FE
:10069000842249000097D5A18E01C00540000009C1
:1006A00048FFFFFCDD9E92003BFFFCBCEFB48400E2
:1006B0003C0FFEFF3C1DFEFF100F8004100F800555
:1006C0002E27FAE344000280F082840F100F800C82
:1006D000F184F185CA4E4601000258000600F087F9
:1006E0002E17FAE3F0884601000258000600C135D3
:1006F0002E07FAE35A00012E46050016040002A256
:100700004E0300323C13FEB03C03FEAE121F8012BB
:10071000120F800C8420840E101F800649000D5497
:100720004E0200364612001B84003C0FFEFF800183
:100730003C1DFEFF3C0DFEFFF085FA00F184120F18
:10074000800CB00149FFF464EC4C3BFFFC84DD9E5F
:100750004601000358000F00F08C46050016040007
:1007600002A2C0D13C13FEB13C03FEAF48FFFFD054
:100770002E17FAE346010002580006005A1801B28B
:100780004611000358108F00F187D5ABFA024900DB
:100790000D1BC8C9FA0649000D17C8C5440000382A
:1007A00049000D12C8C0D5CE461900281000806837
:1007B000DD9E920096004619002810008060DD9EA4
:1007C000E624E815944DC00D460900808C10846124
:1007D000988838308008A6105A0809FFDD9E9200DC
:1007E0004609001084488C0838208008DD9E92005D
:1007F000E624E823944DC015460900808C108462DD
:10080000988838308008A6109600C8FE46390080C7
:100810008C6C988B38008C08A610C8FFDD9E920067
:10082000463900108C6838008C0844000040988BD2
:1008300038008C08A610C8FFDD9E920046390020C3
:10084000B603460900A0A859A881DD9E461800609D
:10085000B601DD9E46050000025000004400A55A86
:10086000D01946050000025000004400A33AD012FF
:10087000460500000250000044005AA5D00B460572
:100880000000020000005010455D84004000040696
:10089000DD9E8400DD9E920046050007020007A051
:1008A00096404400BB00FE0F46150007120087A0CB
:1008B000460500000250000044005AA5D00A460533
:1008C00000000250000044003AA3D0034A00782000
:1008D00046050007040000BBC0FA3A6F98BC8400CC
:1008E0004410000049FFFDE246050007020007A092
:1008F00096402E27FB194400CC00FE0F461500073A
:10090000120087A05A200A604900124E2E57FE128C
:100910003C63FDCC505289C48440840046450000AD
:100920005842000445005AA5D50C92004030943737
:100930008C419649AC608801E24596018C82E80FB3
:10094000463500000231800098724C387FF1A46077
:100950008C418801E24596018C82E9F3FE02960102
:1009600046150000120080014605000002500000FC
:1009700044005AA5D01A440FA33A461500001200AD
:10098000800046050007020007A096404400EE00E4
:10099000FE0F46150007120087A08CC13C6BFDCCF2
:1009A0003A6F9884DD9E9200440FA55A46150000C8
:1009B0001200800046050007020007A09640440090
:1009C000DD00D5E7840E49000BFFC89FFA024900FD
:1009D0000BFBC89B4400001649000BF64E03FF9624
:1009E0004400000A49000BF04E03FF90440000222F
:1009F00049000BEA4E03FF8A4400002B49000BE438
:100A00004E03FF844400002649000BDE4E03FF7EA8
:100A10004400003049000BD84E03FF7844000034F6
:100A200049000BD24E03FF724400003849000BCC42
:100A30004E03FF6C48FFFF6C3A6F98BC46190000EC
:100A40000200807242000C0BC80602008072420055
:100A5000100BC03F2E07FDB39604C81F46190000B7
:100A6000020080724200280B4E03002802008072B0
:100A70004200100B4E030028460EDEDE50000DED46
:100A8000490002882E07FDB39604C82B4400138842
:100A90003A6F98844800026A4609002884211010A1
:100AA0000068842210100060461900000200807265
:100AB0004200280BC0DC9200460EBEBE50000BEB7D
:100AC00048FFFFE0460ECECE50000CEC48FFFFDAA8
:100AD000020080724200280BC8BE3A6F9884DD9EE7
:100AE00049FFE976C0D449FFF829D5D1DD9E9200AF
:100AF0004618002000108E0896485A0002219200E5
:100B00005A18011C2E17FAE3C9085A000130C023F5
:100B10005A00023C4A007820C81084043E07FAF7C5
:100B2000844246090000461900201020006CB401E0
:100B30004200740814008000DD9E920046280010D8
:100B40000011005C964EC9FD4618002000108E086A
:100B50009648D5D72E07FB1FE6013EF7FACA2E07A7
:100B6000FACA96003E07FB1FDD9E84043E07FAF793
:100B70002E07FAD5E6013EF7FB0A2E07FB0A960080
:100B80003E07FAD5DD9E92003C0DED624410014017
:100B900048FFE2484618002000108E0896485A0088
:100BA000021F92005A18021A2E27FAE3CA085A00A6
:100BB000012CC0215A0002384A007820C80E840453
:100BC0003E07FAF746090000462900201010006C85
:100BD000B40242007408B602DD9E9200462800105E
:100BE0000011005C964EC9FD4618002000108E08CA
:100BF0009648D5D92E07FB1FE6013EF7FACA8401B5
:100C00003E07FB1FDD9E84043E07FAF72E07FAD548
:100C1000E6013EF7FB0A2E07FB0A96003E07FAD5CF
:100C2000DD9E92003C0DED604410050048FFE1FAA6
:100C30003A6F98BC4618002000608E0897B05A00A2
:100C4000021D9200C6089E71E628E92384003A6FCF
:100C50009884DD9E84C892002E17FAE34E13009A02
:100C60004E0200D45A0802F45A68040448000126CF
:100C70003C0DED5E480000A0462800100011005C0D
:100C8000964EC9FD4618002000608E0897B0D5DB4F
:100C90003EFF5404381786024A0004002C09012044
:100CA0000C090120BC080120580801202C09012052
:100CB0000C090120BC080120580801202E17FAE376
:100CC0009648C9455A080104480000AA4E0200A2ED
:100CD0005A0802BE842084014625001658210A7C49
:100CE00049FFFC1C461500161400829F84005A60C0
:100CF0000303840149FFDA783C0DFF275A080104F9
:100D0000480000B23C0DED598420D5572E17FAE368
:100D10004E1300125A080104480000725A000204DF
:100D200048FFFF963C0DED58D54692002E17FAE38A
:100D30004E12003A4E03FF8C842246090000101028
:100D4000006C84003A6F9884DD9E92004E02004C45
:100D50005A00030448FFFF7C46190020B4014200FA
:100D60007409B601460500160400029C5A08010CDD
:100D70003E07FB4B46250016441000001411029C50
:100D80003C0FFF273C0DFF0849FFD98848FFFF6053
:100D90004E03FF5E5A6804D22E07FAE349FFD9CE0C
:100DA000D5CC92004E0200105A00020448FFFF50BA
:100DB0003C0DED574410014049FFE13484003A6F87
:100DC0009884DD9E3E07FB1F2E17FB1FE6213EF792
:100DD000FACA3E07FAD52E07FAD5E6013EF7FB0A16
:100DE00048FFFF362E07FAE349FFD9A8461900202D
:100DF000B40142007408B60148FFFFA03E07FB1F84
:100E00003E07FAD548FFFF245A60040448FFFF203C
:100E10002E07FAE349FFD99248FFFF1A462500162C
:100E20000421029C5A28010E462500161411029C2A
:100E30003C0FFF273E17FB1F3E07FB4B3E17FAD523
:100E40003C0DFF0849FFD92A4669000084011003C0
:100E50000068FA0449FFFC2284001003006848FF80
:100E6000FEF79200461500161400829C46690000A9
:100E700048000008040300175A08A50448FFFF446F
:100E8000460500160430029C842084014625001685
:100E900058210A7049FFFB1E842084014625001654
:100EA00058210A7049FFFB3A461500160410829C2F
:100EB0004C00FFE248FFFF288420462500165821F9
:100EC0000A7C840149FFFB2A802046250016840203
:100ED0001411029F49FFD9883C0DED5A842048FF28
:100EE000FF6D92004618002084401220832A0010D3
:100EF0008E0896485A1003065A1007048400DD9E97
:100F00002E17FAE3C9125A000125C0175A0802F831
:100F10003A6F98BC3C0DED5F4410014049FFE08200
:100F200084003A6F9884DD9EC8EA84224609000056
:100F30001010006C8400DD9E2E07FB1FE6013EF7BB
:100F4000FACA2E07FACA96003E07FB1FD5D89200B0
:100F50002E07FAD5E6013EF7FB0A2E07FB0A96009C
:100F60003E07FAD5D5CC92003BFFFCBCEFF4F081F4
:100F7000D507920049FFE72CC00840000009F001A6
:100F80008E01F0814E03FFF8EC0C3BFFFC84DD9EEC
:100F90003A6FA0BC84CE80E080078EC149FFFC5828
:100FA00097B0840549FFFB7ACEF83A6FA084DD9EA6
:100FB0003C0DFF088E03E602E9304655000B5852FF
:100FC00083584615000A58108958460500025800F3
:100FD000060092003B0044043B00C4244C12FFFC7A
:100FE0004655000B58528D584615000B5810835823
:100FF0004605000358000F003B0044043B00C42496
:10100000D9FC2E07FB493E07FB5384003E07FB1F1C
:101010003E07FAD54A0078204655000A58528E58A5
:101020004615000A58108958460500025800060067
:101030003B0044043B00C4244C12FFFC4655000B0B
:10104000585283584615000A58108E58460500031A
:1010500058000F003B0044043B00C424D9FCD5D603
:101060003A6F9CBCEFF4460500078420040000BBE7
:10107000F1813E17FAF03E07FB19C0064605000055
:1010800002000000C81084014410000049FFFA0E5D
:1010900046050007040000BB4E030006EC0C3A6F47
:1010A0009C84DD9E46050000025000004400A55AC5
:1010B000D0F646050000025000004400A33AD0EFED
:1010C0002E37FB195A380F04480002029E19E60712
:1010D000E80484013E07FAF046750001587382C4A3
:1010E00080A7462500015821038C8420AC688CA27F
:1010F000DAFE540180F75A08010548000183920086
:101100005A080204480001F05A0003045A3808083B
:10111000460500160400029D140F80013E0FFB19C6
:10112000B04149000D8784024900084E84C0C00FB9
:101130002E17FB19660080088E02E6024EF301DAD4
:1011400056108008440027104060041A8440460569
:10115000000058000004806246550001585282C4C5
:101160003A200C244C02FFFE3C0DFF085A080304F1
:10117000480001548400F10149000DBC4E03014EAA
:101180003C0DFF085A080404480001BE460500163D
:10119000F1010400029D4C10000E4605000A5800A3
:1011A00009584C100008840149000DA4F501C00F36
:1011B000F1018001442000004615001058108B44B6
:1011C00049FFE0E64655001058528B44808546158D
:1011D00000005810800492005030807880449200C3
:1011E0002A01000188061A0080014C11FFFB5042C1
:1011F00000784C13FFF32E07FB19505292C0F58173
:101200005A0006044800012046050007045003CC9C
:101210004410A33A92B0D1094410A55A4C1280064A
:101220004410A77A4C50C1104605001603600564AF
:101230004605001603500565460500160340056681
:10124000460500160330056746050016027005685E
:1012500046050016026005694605001600500ADCC6
:101260004605001600400ADE4605001600300AE07A
:101270004605001600200AE2415AA008460500165D
:1012800047050007050803CC00100AE4404A900413
:1012900046050016475500164123A00800000AE63F
:1012A000027A857C47550016411320089390026A04
:1012B000857D47550000130A8002414A20084008F6
:1012C0008004860047150016416B2008403A0C0444
:1012D0003F07FAD30348857847050000405B1404B4
:1012E000134800034139A0084715001697694705C0
:1012F00000001258000440298804465500000338B5
:101300008579133280054715001697214655000050
:101310001242800640190404464500000328857ADD
:101320001322000796D946450000471500161232D1
:1013300000080318857B463500001311800996913B
:10134000463500001221800A462500001271000B6C
:101350009649462500001211000C46150000126047
:10136000800D9601461500001200800E46050016FD
:101370000260057E460500160250056A4605001605
:101380000240056B460500160230056C4605001646
:1013900000200AE84605001600100AEA4605001675
:1013A0004052A00800000AEC4031A008FEAF4655AC
:1013B00000001262800F40422008FE1F96914635C1
:1013C00000164655000012228010FE6746250000D8
:1013D0000241857F12410011964946350016462587
:1013E00000001211001202318580461500001230F3
:1013F000801396014615000012008014D524920037
:101400003C0DFF088E03E6024EF300784605000D02
:101410005800016848FFFE822E47FB19F20146552D
:101420000000585280044635000058318A0492006A
:101430002A01000188061A028001DBFB544200F7F2
:101440005A40010A4900030E49FFFA28EC0C3A6F92
:101450009C84DD9E8402490006B7C0F54635001322
:101460005831878846250013582108144400052A5E
:101470004615000058108000450005480A418001CB
:10148000384081090A5100015040003C8C0138501D
:1014900091094C087FF546350013583187384625A9
:1014A0000013582107C4440005A2450005CA920054
:1014B0000A418001384081090A5100015040003C36
:1014C0008C01385091094C087FF5D5BD46050016B2
:1014D000041003AB3C0DFF2B40F004064EF3FDE07F
:1014E00048FFFDFC4605000A5800095848FFFE1653
:1014F0004460271048FFFE2C4605001258000D38A6
:1015000048FFFE0C2E47FB19E6904EF2FE4148FFC5
:10151000FF8792002E07FDB39604C0103A6F98BC67
:101520002E07FB194E02000E49FFE452C0042E079D
:10153000FD56C00B3A6F9884DD9E840048FFF93C4D
:10154000840249FFF939D5F13A6F988448FFF2F6E1
:101550003E083F68400F80015CF0003DE9124605FF
:10156000000504200347461200208A3FE241840020
:101570004EF200064625000514110347DD9E920039
:101580004605000515F003478401DD9E2E17FB3646
:10159000FE0C9601DD9E92002E17FAC5FE0C9601F8
:1015A000DD9E92002E17FAB2FE0C9601DD9E92008F
:1015B0003A6F98BC840A49000607C02C3C03DA54F1
:1015C00092023E1FB58C382082023E0FC18C969F3E
:1015D00094978840A012A453920496018A01441063
:1015E000065CFE0C0411001F462666665021066745
:1015F0004220086854408FFF441008004021880AA8
:1016000040109037901F9A10400004173A6F98844A
:10161000DD9EFA12490005D84E0200053C03DA525D
:10162000D5D0FA16490005D0C8FAFA1B490005CCF6
:101630004E0200063C03DA5348FFFFC4440000306A
:10164000490005C2C8F83C0DFF085A0001053C03DB
:10165000DA50D5B73C03DA51D5B492004410A33A1E
:101660004C00800C4410A55A4C0080084410A77A06
:10167000FE0D5C000001DD9E8401DD9E3A6FBABC68
:10168000EFF4830040A040094400A33A4CA0003886
:101690004400A55A4CA000088018EC0C3A6FBA849C
:1016A000DD9E9200416C00135C0B03E94E02010EBB
:1016B0004F63014486E286C14605001602000546D6
:1016C000C83486008620FD984635001658318AC8F1
:1016D0004625001658210ADC3B01CC243B014C2452
:1016E0004615001658108AF03B00CC248083AE20AB
:1016F000AE21AE10AE11AE08AE09D517416C001385
:101700005C0B03E94E0300D6457007D0456003E843
:101710003C0DFF024E0200C83C0DFF044E0200C407
:10172000460500160200054646150016221085499A
:101730004625001622F105484210800340F7840038
:1017400046150016059082A55C100002B63F401BAE
:10175000000640F7840A47C5001659CE0A9C84E06B
:1017600085A0F1814625001658210B94081E000122
:1017700040C11C004625001658210B0440811C0066
:101780004625001658210B285130FFFF51008001DB
:1017900099974625001658210B4C46E5001658E748
:1017A0000A9841511C0085605090896041484C0660
:1017B00008170001846051E080019E89402F0806CF
:1017C000CA2082494420003E432088738221412957
:1017D00004084615000E5810842C89C14F43000C94
:1017E000805280338C212A510001404804068865CC
:1017F000C4FA9200401F44065129007C8DA1C1EF1C
:10180000B43F4E130081F101C912B448B426B49517
:1018100080AF8623425CC47342210C0042108C01CD
:101820008864B648B626B6754192880A4C0B0054B7
:101830008D6150C600048D048CC4515A80045AB87E
:1018400003B950D680038CEC5AD8098E4615001681
:10185000159082A54C0B005E8C0196014615001672
:10186000120085464E02FF1A460500160200054783
:10187000461500168C01960140FB80061200854734
:101880004EF2FF0C840046150016120085464615E0
:10189000001612008547460A99A0EC0C3A6FBA84EC
:1018A000DD9E92004605001602000546D5DC92003A
:1018B0004F63000686E286C148FFFF2C417B040887
:1018C000417B801348FFFF26457007D0456003E841
:1018D00048FFFEF4B4354420A33A4010803642104D
:1018E0008003B6354CA100304410A55A4CA0FFA28D
:1018F000B428B446421080034221000342108800FD
:10190000B62CD597B668B666B675832FD59092007B
:101910004400A33A4CA0003484004615001612007F
:1019200085464615001612008547460A77A0EC0C3E
:101930003A6FBA84DD9E9200417B0408417B80139C
:1019400048FFFEBCB48C4026AC004030E47640102A
:1019500090364645001658420B7039920A0A4645A1
:10196000001658420AA03832090946350016583187
:101970008AB43811890948FFFF5D920046050016B8
:10198000043002D346050016044002D44605001672
:10199000040002D54615001642220C00052082D60E
:1019A00046550016E06442100800045282D74021D8
:1019B000000746350016848242090400051182D8CA
:1019C0004047881AE0324625001642328000050161
:1019D00002D940B23C1AE00584844605001642282C
:1019E0008C00041002DA4045BC1AE071465500161E
:1019F00086254208080041123C1AE050045282DB5E
:101A00008606424080004108BC1AE0018407400875
:101A10003C1A8448E08540013C1B461500165810CE
:101A20008AA0383081014615001658108AB4382033
:101A300081014615001658108AC8383081094615AC
:101A4000001658108ADC3820810942529000461551
:101A5000001658108AF03850810948FFFF5F920045
:101A60003A6F9C3C46050002000005FC4E02000651
:101A700046150002100085FD3C1DFF025A180504A2
:101A80004800015F4100001346050002006005FDAB
:101A90002E17FAE2444003E82F17FB2E2E07FAFA1E
:101AA0002E77FB3144502710FE64421014733C2DF6
:101AB000FEF83D2DFF028822840A4430006442195A
:101AC000007342188C732E27FB0642238C739649B1
:101AD00047150007121887A24615001600708A5491
:101AE000969146150007122087A3021087A3421380
:101AF0009073471500079649121887A32E27FB4AB3
:101B0000021887A3421100734625000D964912184A
:101B100087A3022100AC46150007122087A53C1DB3
:101B2000FF0B3C73FE0E964946250007121107A9CC
:101B30004615001600208D1146150007127087AA61
:101B4000021087AA421110734735000796491219EF
:101B500087AA3D23FDD146150007132087AB3D130F
:101B6000FDCB4615000746250005131087AC027112
:101B7000068E46150007127087B02E27FAE6461526
:101B80000007122087B146150007130087B24615DB
:101B90000007126087B32E27FABD2E17FB174211DC
:101BA0000C732E77FB52964946250007121107B495
:101BB0002E27FB3D46150007021087B542110C7316
:101BC000470500079649121807B546150016041078
:101BD00082A2FE64421380732E67FAEE2F17FB0C6D
:101BE000964947050007121807B6021807B62E27B0
:101BF000FB4C8822964946250007121107B62F078D
:101C0000FB5546150001022107B6027087FA4228EB
:101C10001473FE342E67FAD946150001021087FBB3
:101C20004208907342138C7396914715000712284F
:101C300087B63D03FE5246250007130107B73C73E4
:101C4000FE5046250007127107B888064625000792
:101C50003C63FE4C126107B92E57FB47462500072F
:101C6000125107BA960146250007120107BB3C43F3
:101C7000FE5646050007124007BE96494605000776
:101C800046350016121007BF0231852B46050007A6
:101C9000123001D84605000D022000AD2E17FE754A
:101CA0004605000D0400005846550007400008177F
:101CB000462500160241052C46250016124281D900
:101CC0000231052E46450007123201DA96014625FB
:101CD000001646350007120181DB02210754460534
:101CE00000079227122001EBC128844046550001CD
:101CF000585282C44645000758420F4446350001F9
:101D000058318300381209018CA296491212FFFF44
:101D10008C41DBF94420000046450007584203B0DF
:101D2000463500015831833C381209018CA296498E
:101D30001212FFFF8C41DBF93A6F9C04DD9E840098
:101D400046150002100085FC46150002100085FDB6
:101D500084C0860048FFFE9E3BFFFCBCEFF42E07CC
:101D6000FAE396004E030186440000A5F0812E0799
:101D7000FAE39600C80E46090088500000F44410AB
:101D800000A58041461778808822B62048000012BE
:101D90002E07FAE396005A08010D46090088500004
:101DA00000F0441000A58041461556608822B620F8
:101DB000040F80015A00A504480001B0440000A5AA
:101DC0005A00A5044800011246050007040003C09C
:101DD00097414400A55AD81046050007005000005E
:101DE000440000A5D8094605000700500001440042
:101DF000005A4C5000FB8400F081D511F1014402DF
:101E000014008801A680F101460500075800000073
:101E100088018022AE40F0018C01F081F0015CF07D
:101E20000074E9ED460500075800008644121500CD
:101E3000442001804900271E8400F081D511F10162
:101E4000440216E08801A680F1014605000758000B
:101E5000026688018022AE40F0018C01F081F00121
:101E60005CF0002AE9ED8400F081D511F101440213
:101E70001E488801A680F101460500075800034866
:101E800088018022AE40F0018C01F081F0015CF00D
:101E90000038E9ED8400F081D52CF0019441440232
:101EA00016808801A640A60140002008FE0F9681FA
:101EB000F00194414605000758000206880180227F
:101EC000AC40F0019441440216988801A640A60156
:101ED00040002008FE0F9681F0019441460500075E
:101EE0005800021E88018022AC40F0018C01F08174
:101EF000F001E60CE9D38400F081D52CF001944187
:101F0000440216B08801A640A60140002008FE0F3A
:101F10009681F00194414605000758000236880179
:101F20008022AC40F0019441440216C88801A640CA
:101F3000A60140002008FE0F9681F001944146055D
:101F400000075800024E88018022AC40F0018C014D
:101F5000F081F001E60CE9D38400F081D511F101A4
:101F600044021E808801A680F10146050007580042
:101F7000038088018022AE40F0018C01F081F001E5
:101F80005CF000304EF3FFED46000021040001CF6D
:101F900046150007140080A546000021040001CF6B
:101FA00046150016140083AB46000021040001CE44
:101FB00046150007140080BB46000021040003C042
:101FC00046150007140083F4460000210200078430
:101FD00046150007120087EC46000021040003C3E9
:101FE00046150007140083F7460500075800000057
:101FF000B61F8400F081D515F00194424605000714
:102000005800000088018040F0019402B43F88012C
:10201000B4608401842049FFF25DF0018C01F081FD
:10202000F001E61DE9EA4605000758000084B61FE6
:102030008400F081D516F00194029C424605000709
:102040005800008288018040F0019402B43F88016A
:10205000B4608401842049FFF23DF0018C01F081DD
:10206000F0015CF00060E9E849FFDD6249FFDA5AFF
:1020700049FFDE56840046150007140080B1840134
:102080004615000710008002840D46150007100059
:1020900080038400F081D511F10146050007580046
:1020A00000868801A680F1013E0FFDB088018022E4
:1020B000AE40F0018C01F081F0015CF00180E9EDAF
:1020C0002E07FDB49604C00A460A55AA5000055AC8
:1020D00046150007140083CAD5068400461500077C
:1020E000140083CA4400001146150007140083FD44
:1020F00046050007040000A546150016140083AB32
:10210000440004FC46150007120087ED440072C02D
:1021100046150007140080B0EC0C3BFFFC84DD9EEC
:102120008400DD9E3A6F98BC441035CA4609000809
:10213000121000084619000002208072840042211B
:102140000C0BCA2F022080724221100BCA2A0220D7
:1021500080724221280BCA252E27FDB34201080BAD
:102160004E0300240400803A9616C0FD441035CA80
:102170004609000842210C0B121000084619000005
:102180004E23001C0400803A920C960F5A0803FC60
:1021900046090008441035CA121000084400000027
:1021A0003A6F98844A00782049FFD990440000F1A2
:1021B0003A6F98844A00782049FFD930440000F2F1
:1021C000D5F092003A6F98BC5CF00031E9068400CB
:1021D0003A6F9884DD9E92003EFF694C3807820278
:1021E000DD00920050210120402101202C210120FE
:1021F0001C2101200C210120F8200120E4200120D5
:10220000D4200120C4200120B420012094200120EA
:10221000CE1D0120CE1D0120CE1D0120CE1D01208E
:1022200084200120742001206420012050200120FE
:1022300040200120302001201C2001200820012006
:10224000CE1D0120CE1D0120CE1D0120CE1D01205E
:10225000CE1D0120CE1D0120CE1D0120CE1D01204E
:10226000F81F0120E81F0120D81F0120B81F0120FE
:10227000A81F0120981F0120881F01206E1F012028
:10228000601F0120501F0120401F0120301F01202E
:10229000061F0120F81E0120E81E0120D81E012083
:1022A000C01E0120A81E01204400002C49FFFF8C05
:1022B0004E020156440000013A6F98844A0078208B
:1022C00046050007040003C1560062625C0000017D
:1022D0003A6F98844A00782046050007040003C13D
:1022E0005600526248FFFFF446050007040003C190
:1022F00056005E6E48FFFFEC46050007040003C170
:1023000056005252D5E4FA1749FFFF5EC8D4FA18B6
:1023100049FFFF5AC8D0FA1949FFFF5680C0FA1A80
:102320004E63FFCA49FFFF504003000648FFFF52BB
:1023300046050007040003C15600606048FFFFC85F
:1023400046050007040003C15600506048FFFFC067
:1023500046050007040003C156005F6F48FFFFB841
:1023600046050007040003C156005050D5B0FA13CB
:1023700049FFFF2AC8A0FA1449FFFF2680C0FA15BA
:10238000C6D2840148FFFF9A46050007040003C136
:102390005600616148FFFF9C46050007040003C129
:1023A0005600516148FFFF9446050007040003C131
:1023B0005600515148FFFF8C4400001F49FFFF04A5
:1023C0004E03FF7AFA1049FFFEFF80C0FA11C6AB38
:1023D0004400000148FFFF7246050007040003C1E6
:1023E0005600666648FFFF7446050007040003C1F7
:1023F0005600565648FFFF6C46050007040003C10F
:102400005600555548FFFF64FA0449FFFEDD80C0C1
:10241000FA054E62FF89840148FFFF504605000718
:10242000041003C1440088884000040348FFFF50A3
:1024300046050007040003C15600787848FFFF48AE
:1024400046050007040003C15600777748FFFF40A8
:10245000FA0049FFFEB980C0FA014E62FF658401AF
:1024600048FFFF2C46050007040003C150004CCD77
:1024700048FFFF2E46050007040003C150006CED25
:1024800048FFFF2646050007040003C150006EEF19
:1024900048FFFF1E4400000749FFFE964E03FF0C55
:1024A000840849FFFE9180C084094E62FF3D84018B
:1024B00048FFFF0446050007040003C156004444DA
:1024C00048FFFF0646050007040003C150005BDC1F
:1024D00048FFFEFE46050007040003C150005DDE14
:1024E00048FFFEF6840449FFFE6F80C04E03FEE401
:1024F0004400000548FFFF1846050007041003C10B
:10250000440091914000040348FFFEE246050007A5
:10251000040003C150007E6F48FFFEDA4605000745
:10252000040003C150007EFF48FFFED246050007AD
:10253000041003C1440099994000040348FFFEC8F9
:1025400046050007040003C1500076F748FFFEC0AF
:1025500046050007040003C148FFFEBA4400002DF1
:1025600049FFFE324E03FEA8FA1E49FFFE2D80C031
:102570004E03FEA2FA1F48FFFED792004605000751
:10258000040003C1C80844000909461500071400E7
:1025900083C1DD9E46050007045003C144001111AC
:1025A000D0123A6F98BCFA0049FFFE0E4E0200139B
:1025B0004400131346150007140083C13A6F988432
:1025C0004A0078204400131346150007140083C105
:1025D000DD9EFA0149FFFDF8C8ECFA0349FFFDF45E
:1025E0004E02000544007878D5E6FA0449FFFDEC78
:1025F000C8FAFA0549FFFDE8C8F6840749FFFDE47B
:102600004E02000544002222D5D6840849FFFDDC95
:10261000C8FAFA0F49FFFDD8C00C460A55AA500067
:10262000055A46150007140083C444005555D5C308
:10263000FA1349FFFDC9C00C460A55AA5000055AB5
:1026400046150007140083C444005151D5B4FA174D
:1026500049FFFDBAC00D460A55AA5000055A461555
:102660000007140083C44400505048FFFFA5FA1C23
:1026700049FFFDAAC00D460A55AA5000055A461545
:102680000007140083C44400525248FFFF9584039E
:1026900049FFFD9A4E0300064400090948FFFF8CDC
:1026A0004400019148FFFF883A6F98BCFA0049FF47
:1026B000FD8BC01846050007045003C144001313E6
:1026C000D008FA0449FFFD80C00A44008888D50379
:1026D0004400333346150007140083C13A6F9884D1
:1026E000DD9EFA0149FFFD70C8E6FA0649FFFD6C60
:1026F000C8E2840A49FFFD68C00444004444D5EBA5
:10270000FA1249FFFD61C00444006666D5E4FA167A
:1027100049FFFD5AC00444006161D5DDFA1B49FF41
:10272000FD53C0054400606048FFFFD64400003000
:1027300049FFFD4AC00444006262D5CD3A6F9884D7
:10274000480018D284A24645000058420000846028
:1027500044200962383215098CA18420DAFC3A6FD2
:1027600098BC3E17FB5984403E17FB5A460500169D
:10277000045003AB3C2FFF2B4645000746172C8027
:10278000141200B23E27FB5792B0443072C83E2765
:10279000FB5B4C5180F146050016045003AB44101E
:1027A0007F0C92B04C5080F646050016040003AB37
:1027B0004E02009B46050016041003AB4400FFFFC9
:1027C000E2014EF30092840E49FFFCFE4E0200949B
:1027D0002E07FDB35400007F3E07FDB33C03DA50E3
:1027E0003E3FB58C920238118202965F5A10010C5E
:1027F00084438C0196019842381186028C43965F7F
:102800005A1801F9381182024645001658420EB096
:10281000965F948F3E1FC18C8C01882280443B00C0
:10282000E404383182023B016424800180223B00B1
:1028300064043B00E4242E47FAE33B0064043B00BD
:10284000E4243B00440096DF3B00C4204601000224
:10285000580006004E4200064601000358000F00D3
:1028600046150016140083C84608001000000054E6
:10287000461FFF004020300846050016040003CB29
:1028800050108FFFFE0EFE1746150016140083CB66
:102890003E2FD98C440000704615001658108F301A
:1028A0004655001758528080422180738002806113
:1028B0003B0064043B01E4243B0064043B01E4244A
:1028C00080832E37FAE33B005C003B025C20C305AB
:1028D000B40158000010B601501080704C12FFE88F
:1028E0003A6F9884DD9E840146150016140083AB70
:1028F00048FFFF6B4400001249FFFC664E03FF6A6D
:102900004400001649FFFC604E03FF644400000AC7
:1029100049FFFC5A4E03FF5E4400002249FFFC546D
:102920004E03FF584400002B49FFFC4E4E03FF525C
:102930004400002649FFFC484E03FF4C4400003091
:1029400049FFFC424E03FF464400003449FFFC3C73
:102950004E03FF404400003849FFFC364E03FF3A67
:1029600046050016040003AB5A00010448FFFF327D
:1029700048FFFF3646050016040003AB4615001657
:102980009601140083AB84013E07FB5748FFFF0EFE
:1029900046050016040003AB461500169601140008
:1029A00083AB84013E07FB5B48FFFF003A6F98BC96
:1029B000FA0049FFFC09C012FA0049FFFC05C027D4
:1029C000FA0049FFFC01C0324400333346150007CA
:1029D000140083C13A6F9884DD9EFA0149FFFBF42D
:1029E000C8ECFA0649FFFBF0C8E8840A49FFFBEC93
:1029F000C824FA1249FFFBE8C806FA1649FFFBE4AF
:102A00004E0200273A6F9884480008ECFA0149FF0B
:102A1000FBDBC8D7FA0649FFFBD7C8D3840A49FFB6
:102A2000FBD3C00F44004444D5D2FA0449FFFBCC89
:102A3000C0D244008888D5CB3A6F98844800079468
:102A4000FA1249FFFBC1C01344006666D5C0FA1BE9
:102A500049FFFBBAC8084400003049FFFBB580C0FD
:102A60004E02000E3A6F988448000A0CFA1649FF8D
:102A7000FBABC0464400616148FFFFAA840649FFE2
:102A8000FBA3C00B2E07FDB2660000083E67FAE20A
:102A90003E07FDB23C6FFF073D0DFF2B46050016BC
:102AA000040003ABE380E80B3C0DFF088E03E60255
:102AB0004EF3008A2E07FB574E02003646050016DD
:102AC000040003ABE380E81146050016040003ABE5
:102AD0008D81E6023D0FFF2B4EF3000846050016E0
:102AE000040003AB4D00003846050016040003AB9C
:102AF000E3804EF3FF713A6F988448FFFDD7FA1BCD
:102B000049FFFB624E0200064400606048FFFF6020
:102B10004400003049FFFB58C0364400626248FF61
:102B2000FF5792002E07FB5B4E0300324655000014
:102B3000585280044625000D58210168504292C029
:102B4000223280002A11000142108C001A128001EA
:102B5000DCF8D5B54605000D580001684645000073
:102B600058420004505012C05230000050200078EB
:102B70009843381204011A1000014C017FFB4C02EB
:102B8000FFF7D5B33A6F9884480016AE462500008B
:102B9000582100044655000D58528168511112C049
:102BA000224100002A3280014212000342018003C8
:102BB000E02040323C1A1A3100014C28FFF348FF54
:102BC000FF7F92002E07FB5B4E0300184655000066
:102BD000585280044625001258210D38504292C0A8
:102BE000223280002A11000142108C001A1280014A
:102BF000DCF848FFFF6592004625000058210004DC
:102C00004645001258420D38511112C022010000F1
:102C10002A3200014210000342518003E0254001A6
:102C2000BC1B1A0100014C28FFF348FFFF4992002A
:102C30003BFFFCBCEFF4A6005A000A385A000B1404
:102C40005A000C225A000F06EC0C3BFFFC84DD9E60
:102C50004605000D58000168B6019200EC0C3BFFE0
:102C6000FC84DD9EFA06F18149FFFAAEF101C0ED68
:102C70004605000858000158B601EC0C3BFFFC84E7
:102C8000480000D2FA06F18149FFFA9EF101C827F7
:102C9000FA12F18149FFFA98F101C0144605000AC1
:102CA00058000958B601D5DBFA02F18149FFFA8CC8
:102CB000F101C8F5F181FA0649FFFA86F101C8EF82
:102CC000D5C4FA1B49FFFA80F101C8E9FA1649FF99
:102CD000FA7BF101C8E444000030D5EF4605000B53
:102CE00058000D58B6014900009FF101D5D292005D
:102CF000C01A5A0801164605000A580009584C1017
:102D0000003B46050008580001584C1000354605A8
:102D1000000B58000D58FE0D5C000001DD9E840084
:102D2000DD9E92003A6F98BCFA1749FFFA4DC00633
:102D3000440000013A6F9884DD9EFA1849FFFA4476
:102D4000C8F8FA1949FFFA40C8F4FA1A49FFFA3CE0
:102D5000C8F0FA1C49FFFA38C8ECFA1D49FFFA34EA
:102D6000C8E8FA1E49FFFA30C8E4FA1F49FFFA2CF6
:102D7000C8E0D5E18401DD9E2E17FAF38C212E27C1
:102D8000FE1E96483E17FAF32E07FAF3E2025607A4
:102D900080013E07FAD02E07FAF34615000712000D
:102DA00087A5DD9E3E1FFDB0000080700010807181
:102DB0008C014200807396014635000746150000DD
:102DC000581080002E57FB579F069E850231816464
:102DD000385091093830890946250007042103F24B
:102DE00096919EC39F443C43FE5638209509384037
:102DF0008D0946250016042103AB9EC2969138200A
:102E00008D0946250007042103C19EC19691924871
:102E100038208D0946250007042103C196903820EB
:102E20008109DD9E3A6F98BCFA0049FFF9CDC020B8
:102E30002E17FEE944000064FE0C4410227250007C
:102E400076A0FE0C46214F8B502105894220086850
:102E5000901F4011B40A9A08500000D84000001397
:102E600046150007140083F23A6F9884DD9EFA013C
:102E700049FFF9AAC8DEFA0449FFF9A64E02001C70
:102E80002E07FB195A000C402E17FEEA440000647E
:102E9000FE0C46214F8B501076A044002272FE0C8F
:102EA000502105894220086840107C0A4001B40A7C
:102EB0008A01D5D3FA0549FFF987C8E349FFF37AB8
:102EC00046150007140083F246050007040003C1FD
:102ED0004E03000A46050007041003F244007A126C
:102EE0008801D5BF46050007045003C14400090905
:102EF000D0F246050007045003C144009999D8B5A3
:102F000048FFFFEA2E17FEEBD5C2920046050016D9
:102F1000042003AB3C0DFF2BE202E8154605000739
:102F2000040000B29681E241E80E921096494000FA
:102F300040082E27FB57880146150007140080B271
:102F40005A2001044A0078204625000D58210168C6
:102F5000461500005810800446550001585282C49E
:102F600080028061501080783B006404502100781A
:102F70003B01E4243B0064043B01E4243B00640087
:102F80003B01E4204C12FFEEDD9E92003A6FA43C20
:102F90002E47FEDD2E17FEEA840AFF04440000647B
:102FA0008244432080732E37FEDE4605001604005F
:102FB00003AC461FF000501080FFFE0E2E27FEDFF0
:102FC0005411800F46350016059183CE4635001604
:102FD000058183CD46350016057183CF4635001631
:102FE000056183EA46350016055183E9463500162A
:102FF000053183EB4635001705018006471500169D
:10300000047883CC4010A00867080F00679C8F00ED
:10301000676B0F004160D804587382004190E4044C
:103020004010C0044705001654F100F0147803CC9A
:103030004715001647050016678C00F0046883E802
:1030400096974187E004159803CE677B8007470574
:10305000001641715C04158803CD470500161578EC
:1030600003CF5863020047050016146803E8675A47
:1030700080F0470500164715001740522008051834
:103080008004156803EA463500174157D404470504
:1030900000166739800741314C04155803E9FE2FAB
:1030A0004705001604518005463500170431800796
:1030B000153803EB59188200470500174129001302
:1030C00015180004665280F04705001751490001A9
:1030D00014180006663180074057940446150017FF
:1030E0009404FE9F14508005408A7008461500170E
:1030F00092041420800740040004461500161400B2
:1031000083AC2E27FEE546150016460E000104107E
:1031100083B05451007F41511C0951300FFF4420AE
:1031200000324302882486214020CC024635001616
:1031300050100FF04450FFFF460500160231875A29
:103140004058D41A040003AF4252C02447850016E9
:1031500041091001007C0F2741523408FE0E4785BB
:10316000001646150016006C0F2B402A8804976B3A
:10317000055083B1418240084018240851627FFA0B
:103180008825405C0C044032500846450016044235
:1031900003AE416B0013416B340841790C09400BBD
:1031A0000004414A100A66211FFF675A9FFF971FBC
:1031B00066528FFF415BD404405A140440215C04E2
:1031C000FF1F4179100894034745001641697408B0
:1031D0004635001640425C04145A03AD4108001302
:1031E0009493920346550016400058044108340851
:1031F000413ACC029243055183B2144283AE464514
:10320000001641384C0441615804140203AF4605CE
:10321000001646350016156003B04010A00846059C
:10322000001693C1675AFFFF4339FC09050183CBA0
:103230009228153003B14073E00846050016412975
:103240005404FFCF152003B2406360084605001602
:103250003C23DA59147003C967080FFF46050016AE
:10326000FE77141003CA46380020590800809242A5
:1032700046050016150003CB5051002011118200A5
:103280000001820046180020540000FF5A0801FA8D
:1032900010008204000082045A0801FE3C43DA5008
:1032A000400208094C50008A4605001658000EB02E
:1032B0004616000094AA8A204655001658528F30B0
:1032C00088229888A2C1B6624C02FFFD46280020E1
:1032D0008400100102000001020046190000C0092C
:1032E0000400803E8C011400803E00010200C8F9F9
:1032F000462800208400100102040001020446193F
:103300000000C0090400803E8C011400803E0001D2
:103310000204C8F93C53DA6246280020840192A2D4
:10332000100102000001020046180020540000FFB6
:103330005A0801FA10008204000082045A0801FEB3
:103340009282D4654605001658000F3046160000DC
:1033500094EA8A20464500175842008088619858B0
:10336000A281B6414C027FFD462800208400100156
:1033700002000001020046190000C0090400803E5E
:103380008C011400803E00010200C8F9462800208C
:103390008400100102040001020446190000C00963
:1033A0000400803E8C011400803E00010204C8F934
:1033B0003A6FA404DD9E92004601800088A0472A4F
:1033C000AAAA461FF00F94AA840047450016594A3E
:1033D0000EB051290AAB866351508FFF2E37FEEF96
:1033E00096404300C86996D6405884094212CC756D
:1033F000C30496485A100134381A02028C01B622CE
:103400008C445A0820ED48FFFF639200460180007B
:1034100088A0470AAAAA461FF00F94EA840047250D
:10342000001659290F3051080AAB862351308FFFFF
:103430002E27FEEF96404240C0699696404284098E
:1034400042124475C20496485A10011038190202FB
:103450008C01B6238C645A0854EDD587381A0202C1
:103460004010D402D5CC9200381902024010CC0290
:10347000D5F092003A6FA43C2E27FEE22E17FEEB09
:103480008405FE84440000648082424080734102CF
:10349000001346450016059203CE464500160582E8
:1034A00003CD464500162E57FEE3057203CF4605B1
:1034B000001646450016056203EA040003AC4645C3
:1034C0000016461FF000055203E9501080FF4645E4
:1034D0000016053203EB41112008FE0E4645001789
:1034E0004008800405120006464500172E37FEE40A
:1034F0005412800F0452000546450017044200078D
:1035000047250016546180F004F903CC96D7664233
:103510000007677B8007673980074171DC04413110
:10352000CC04678C00F0FEE7675A80F04645001631
:10353000665280F04010A008418360044153540457
:10354000FF77679C8F000262075A66F78200464544
:1035500000164190E4044725001614F203CC4645BA
:103560000016047903E8159203CE4645001615822D
:1035700003CD46450016157203CF6673820046459B
:103580000016676B0F004160D804147203E84725EA
:1035900000174645001605290004156203EA464552
:1035A0000016155203E946450016153203EB67185D
:1035B0008F0067290200464500174010C4041522F9
:1035C00000044645001751480001141200069404F7
:1035D0004615001714508005408A700846150017DC
:1035E00092041430800740040004461500161400AD
:1035F00083AC2E37FEE5445000325441807F460EA6
:10360000000141219C09FF648621461500164440B3
:10361000FFFF50300FFF053083B04048C81A5010EC
:103620000FF046050016FF2C045003B146050016A6
:1036300041398C02040003AF41613408415808014C
:1036400041280C09416B4C0466529FFF4735001618
:10365000418A8013FE0E40591404401AA4080159EF
:103660008F274735001600798F2B51717FFA413132
:103670004008FF5E4031500846250016042103AE85
:10368000417B8013969FFE9F417BB408676B1FFFB1
:1036900046350016400B8004412B4804057183B267
:1036A000416C340846350016405B1404056183CB39
:1036B000413998049723414A100A67398FFF676B95
:1036C0000FFF4188740888244068100841987C08DE
:1036D000404804099403410A4C04593B0080476563
:1036E000001641411804150B03AD41290C0847058C
:1036F0000016920340006004154803AE93C34705CB
:103700000016140803AF4252FC0946050016412971
:103710006004152003B04010A00846050016677B22
:10372000FFFF4052E4049228145003B1415AE008CC
:103730004605001640425C044150D404144003B2D4
:103740004073E008460500163C23DA59155003C9BA
:10375000FE7F46050016141003CA46380020924228
:1037600046050016153003CB505100201111820080
:103770000001820046180020540000FF5A0801FA98
:1037800010008204000082045A0801FE3C43DA5013
:10379000400208094C50008A4605001658000EB039
:1037A0004616000094AA8A204655001658528F30BB
:1037B00088229888A2C1B6624C02FFFD46280020EC
:1037C0008400100102000001020046190000C00937
:1037D0000400803E8C011400803E00010200C8F904
:1037E000462800208400100102040001020446194A
:1037F0000000C0090400803E8C011400803E0001DE
:103800000204C8F93C53DA6246280020840192A2DF
:10381000100102000001020046180020540000FFC1
:103820005A0801FA10008204000082045A0801FEBE
:103830009282D4654605001658000F3046160000E7
:1038400094EA8A20464500175842008088619858BB
:10385000A281B6414C027FFD462800208400100161
:1038600002000001020046190000C0090400803E69
:103870008C011400803E00010200C8F94628002097
:103880008400100102040001020446190000C0096E
:103890000400803E8C011400803E00010204C8F93F
:1038A0003A6FA404DD9E92004601800088A0472A5A
:1038B000AAAA461FF00F94AA840047450016594A49
:1038C0000EB051290AAB866351508FFF2E37FEEFA1
:1038D00096404300C86996D6405884094212CC7578
:1038E000C30496485A100134381A02028C01B622D9
:1038F0008C445A0820ED48FFFF6392004601800087
:1039000088A0470AAAAA461FF00F94EA8400472518
:10391000001659290F3051080AAB862351308FFF0A
:103920002E27FEEF96404240C06996964042840999
:1039300042124475C20496485A1001103819020206
:103940008C01B6238C645A0854EDD587381A0202CC
:103950004010D402D5CC9200381902024010CC029B
:10396000D5F0920046050007045003C1440022220E
:10397000D01A3A6F98BC840849FFF426C82C840EEC
:1039800049FFF422C806FA0249FFF41E4E02009EC7
:103990004400000C49FFF4184E0200683A6F988406
:1039A0004A0078203C1DFF0866108002C90C2E27B3
:1039B000FAB92E07FDEB3C1FFF02FE143C0FFF0778
:1039C00048FFB9164400242446150007140083C19B
:1039D0004A0078203D0DFF2B46050016040003AB7E
:1039E000E380E80B3C0DFF088E03E6024EF3007CFB
:1039F0002E07FB574E02005046050016040003AB8D
:103A0000E380E82946050016040003AB8D81E60239
:103A10003D0FFF2BE92046050016040003AB4D00C7
:103A2000401B4605000D58000168464500005842FD
:103A300000044655000E58528428FEC250200078DB
:103A40009843381204011A1000014C017FFB4C020C
:103A5000FFF7920046050016040003ABE380E99FE0
:103A60003A6F988448FFF622FA0049FFF3ADC00987
:103A70004400333346150007140083C148FFFF900C
:103A80004400001449FFF3A04E02FF8A44008888D6
:103A900048FFFFF22E07FB5B4E0300424625000D58
:103AA00058210168465500005852800446450001DF
:103AB000584202C4223280002A11000142108C00B8
:103AC0001A128001DCF8D5994400001649FFF37CF6
:103AD0004E03FF60840A49FFF377C05C440044440E
:103AE00048FFFFCA2E07FB5B4E0300384625001235
:103AF00058210D38465500005852800446450001B3
:103B0000584202C4223280002A11000142108C0067
:103B10001A128001DCF848FFFF7192004655000D33
:103B200058528168462500005821000447150001BD
:103B3000591882C4224100002A3280014212000337
:103B400042018003E02040323C1A1A3100014C2827
:103B5000FFF348FFFF5392004645001258420D38CC
:103B6000462500005821000447150001591882C459
:103B7000220100002A32000142100003425180035A
:103B8000E0254001BC1B1A0100014C28FFF348FF4F
:103B9000FF35FA1249FFF318C0054400666648FF76
:103BA000FF6BFA1649FFF310C0054400616148FF3E
:103BB000FF63FA1B49FFF3084E02000644006060F1
:103BC00048FFFF5A4400003049FFF2FE4E02000653
:103BD0004400626248FFFF503A6F988448000E84A8
:103BE0003A6F98BCFA0F49FFF2EFC80FFA1049FF7D
:103BF000F2EBC0323C0DFF085A08020448000052A4
:103C00003A6F98844A0078202E17FDB35810801020
:103C10002E07FEEF3E17FDB3461A55AA5010855ADF
:103C2000462500079604141103C4C80B44005656D9
:103C300046150007140083C13A6F98844A00782023
:103C400049FFCBC04E03FFFE49FFCC14C0F049FF33
:103C5000CC11C8FBD5ECFA1349FFF2B64E03005E57
:103C6000FA1449FFF2B1C0493C0DFF085A0802CAD4
:103C7000840E49FFF2A9C8074400001249FFF2A4CC
:103C80004E0200C3840C49FFF29FC8BB44000010E1
:103C900049FFF29A4E0200C64400333348FFFFCA80
:103CA0003D1DFF2B46050016040003AB40F88006BF
:103CB0004EF3005646050016040003ABE3A0E811DE
:103CC00046050016040003AB8DA1E6023D1FFF2B45
:103CD0004EF3000846050016040003AB4D10007AB1
:103CE00046050016040003ABE3A04EF3FF8B2E073E
:103CF000FEEF96044E0300063A6F988448FFF4D610
:103D000049FFCBE44E03FFFE49FFCB88C0F649FFD5
:103D1000CB85C8FB48FFFFF22E17FDB3581080106B
:103D20002E07FEEF3E17FDB3461A55AA5010855ACE
:103D3000462500079604141103C4C80544005161C8
:103D400048FFFF7849FFCB3E4E03FFFE49FFCB9271
:103D5000C0F649FFCB8FC8FB48FFFFF22E07FB5B85
:103D60004E03001A4625000D5821016846550000F3
:103D70005852800446450001584202C42232800055
:103D80002A11000142108C001A128001DCF848FF51
:103D9000FF9392004655000D585281684625000059
:103DA0005821000447050001590802C422410000BF
:103DB0002A3280014212000342018003E020403297
:103DC0003C1A1A3100014C287FF348FFFF7592001E
:103DD0004605000D580001684645000058420004A1
:103DE0004655000E5852842852300000502000786A
:103DF0009843381204011A1000014C017FFB4C0259
:103E0000FFF748FFFF6FFA0649FFF1DE4E03FF3C64
:103E1000840A49FFF1D9C00F4400444448FFFF0A17
:103E20004400001449FFF1D04E02FEEC44008888A3
:103E300048FFFF00FA1249FFF1C7C005440066665B
:103E400048FFFEF8FA1649FFF1BFC0054400616162
:103E500048FFFEF0FA1B49FFF1B7C005440060605F
:103E600048FFFEE84400003049FFF1AE4E02000674
:103E70004400626248FFFEDE3A6F988448000D34C9
:103E80003A6F98BCFA1749FFF19F80C0C810FA1822
:103E900049FFF19A4E0200333C0DFF085A08020414
:103EA000480000623A6F98844A0078202E17FDB3CC
:103EB000581080102E07FEEF3E17FDB3461A55AA84
:103EC0005010855A462500079604141103C4C80BE8
:103ED00044005F6F46150007140083C13A6F988451
:103EE0004A00782049FFCA6E4E03FFFE49FFCAC24E
:103EF000C0F049FFCABFC8FBD5ECFA1949FFF1640D
:103F0000C0443C0DFF085A0803CF3C5DFF2B46051B
:103F10000016040003ABE2A04EF300844605001631
:103F2000040003ABE2A0E81146050016040003AB51
:103F30008CA1E6023C5FFF2B4EF3000846050016FD
:103F4000040003AB4C5000B846050016040003AB58
:103F5000E2A0E9A92E07FEEF9604C8393A6F9884CB
:103F600048FFF3A42E17FAB92E07FDEBFE0C3C0F09
:103F7000FF073C6FFF2B3C6FFF0249FFB6399200F1
:103F80004400506048FFFFA8FA1C49FFF11D80C0A3
:103F9000C82AFA1D49FFF1184E0200643C0DFF08C3
:103FA0005A00020448FFFF802E17FAB92E07FDEBD6
:103FB000FE0C3C0FFF073C6FFF2B3C6FFF0249FFDD
:103FC000B61792004400526248FFFF8649FFCA7E3E
:103FD0004E03FFFE49FFCA22C0C249FFCA1FC8FBE9
:103FE00048FFFFBE2E17FDB3581080102E07FEEFBE
:103FF0003E17FDB3461A55AA5010855A46250007AC
:104000009604141103C4C80544005E6E48FFFF64A3
:1040100049FFC9D84E03FFFE49FFCA2CC8FED5F59B
:1040200049FFB7042E07FB5BC82A4625001258211A
:104030000D3846550000585280044645000158424C
:1040400002C49200223280002A11000142108C002A
:104050001A128001DCF892003C5DFF2B48FFFF60E4
:104060004400002E49FFF0B04E02FF7A3C0DFF08DD
:104070005A00030448FFFF1848FFFF72465500121C
:1040800058528D384625000058210004470500018C
:10409000590802C4224100002A3280014212000362
:1040A00042018003E02040323C1A1A3100014C28C2
:1040B0007FF3D5D34605000D580001684645000042
:1040C000584200044705000E5908042852300000E9
:1040D000502000789843381204011A1000014C0156
:1040E0007FFB4C087FF748FFFF3192003A6FACBC72
:1040F000EFF480C0840E49FFF067C8074400001247
:1041000049FFF0624E0201E74400000E49FFF05CF7
:104110004E02017A3C63DA503C03DA583E1FB58CFC
:104120009202940246380020404308098820840106
:104130009760100182009200000182004628002052
:10414000540000FF5A0801FA1001020400010204A1
:104150005A0801FE400308094C500198952A9AE13B
:1041600080A150408060461600008861985DA2A939
:10417000B641DCFD46280020840010010200000149
:10418000020046190000C0090400803E8C011400A2
:10419000803E00010200C8F946280020840010017A
:1041A00002040001020446190000C0090400803E18
:1041B0008C011400803E00010204C8F92E07FB594F
:1041C000873D439064244685001658840F30519CE7
:1041D000812B85E34736666642F03C24419C801380
:1041E00080E8804886408600451F00005139866778
:1041F0004580005086E386C104B1000604A1000991
:104200000491000C0551000F0541001204510015E6
:10421000041100180401001B4052C40240493C0034
:10422000403CC80140B5C40240A544024094C402C9
:10423000415AC402414A44024010C40240004402B0
:1042400014510015972196D9150100041501000598
:1042500014B10006150100071501000814A100099A
:104260001501000A1501000B1491000C1501000D39
:104270001501000E1551000F150100101501001158
:104280001541001215010013150100141501001647
:104290001501001714110018150100191501001A55
:1042A0001401001B445000EB96635342812B961B74
:1042B0005F50812C40928007504200405031FFC037
:1042C00040A0D0075052FFC04F5200204340CC685E
:1042D00040B0FC0A414A940A414A2C01421A6075D6
:1042E000414A0011964B4150940A435A5C73401B5B
:1042F000040C514A80044EA2000939515202401A5E
:1043000084043811520A92004E05001D43404C6847
:1043100041407C0A401A940A8A344200E075964B68
:1043200096034140140A4340DC73400B000C803478
:104330008C304E92000839410602400A00043801D0
:10434000060A972196D95A5FABB18DC14129001356
:10435000502100705B20030448FFFF503C53DA6299
:1043600046280020840192A21001020000010200F0
:1043700046180020540000FF5A0801FA1000820479
:10438000000082045A0801FE92C2D65B4606000075
:104390004080200194EA4645001758420080465567
:1043A000001658528F30890340141400A2A9B64158
:1043B0004C42FFFC4628002084001001020000014E
:1043C000020046190000C0090400803E8C01140060
:1043D000803E00010200C8F9462800208400100138
:1043E00002040001020446190000C0090400803ED6
:1043F0008C011400803E00010204C8F9EC0C3A6FF5
:10440000AC84DD9E4400001249FFEEDE4E02006ADD
:10441000490005F02E57FEDC2E17FEE9840AFF4402
:1044200044000064808542408073B6BF97218400B9
:1044300084248448443000044900075C48FFFE6C33
:104440004601800088A0470AAAAA461FF00F94EAF6
:10445000840051080AAB862351208FFF2E27FEEFE0
:1044600096404240C0699696404284094212447583
:10447000C20496485A10014A381382028C01B623AE
:104480008C645A0854EDD5974601800088A0472ACD
:10449000AAAA462FF00F952A840051290AAB8663F9
:1044A00051410FFF2E37FEEF96804301486996D6A3
:1044B000405884094222CC75C30496905A200120AA
:1044C000382082028C01B6448C845A0818ED48FFCB
:1044D000FE53FA0649FFEE784E03FE1848FFFF90A0
:1044E0004400001649FFEE704E02FE164900058298
:1044F0005003000049FFF54C48FFFE0E38208202B1
:1045000040215002D5E09200381382024010C802C8
:10451000D5B692003A6FB43C3C43DA5847050002E6
:104520005908060041120809945B44400500864082
:104530004655000358528F004122001B4058001A74
:104540005210895C551880FF5241812B473CCCCCDE
:104550004786666680059649972141018C0844503C
:1045600000EB85203E6FB58C5078800151398CCDA1
:104570004590028050F90280518C066744800050BB
:104580005342812B4141D0074F4200B44171801109
:104590005F4B812C4F4200AE416200114F6500AA73
:1045A0004142D8074F4200A65141804F414A001373
:1045B0005D4A009F81504F43001D5141FFB05D4A4D
:1045C00000504F4300BF5141FF605D4A00504F42D1
:1045D00000DF434BE06840ABFC0A414A940A414A81
:1045E0002801437A207540AB8C088D4240A500130A
:1045F0005142004F414A00135D4A009F4F43001F44
:1046000051427FB05D4A00504F43008C51427F6061
:104610005D4A00504F4200A6434B6068417B7C0AD4
:10462000414A940A414A5C01436A2075409B0C0848
:104630005094800640948013D502812139631E0274
:1046400051588004414B4009554A000F38B3560277
:10465000434A4C69416B500940CA8809556B000FA9
:1046600050C67FFF436B4C6954C600FF4165C009CB
:104670004145D009816A42B66473556B000F415BB6
:104680008809436B4C69818B554A000F50BAFFFF74
:1046900054B580FF434A4C69416B880982E938C0B0
:1046A0003101414548004375E473516B7FFF38C1C8
:1046B0005109556B00FF414A8809816A39705D01D3
:1046C0004154C80042BB6473514A7FFF3971550998
:1046D000554A00FF82A939602D01435A6473894FFE
:1046E000396129094144BC003950550139515109FA
:1046F000503180405010FE0050427FC051080200EF
:104700005052FFC096D997214010801341080013E2
:104710005A57AB0448FFFF363A6FB404DD9E92004F
:10472000434B6068417B7C0A414A940A414A5C01E0
:10473000436A2075409B0C088D2548FFFF7D920041
:10474000434BE06840ABFC0A414A940A414A2801C5
:10475000437A207540AB8C088D4148FFFF49920099
:1047600051427F105D4A00504F42FF6A434B6068E0
:10477000417B7C0A414A940A414A5C01436A2075A4
:10478000409B0C088D2748FFFF579200434BE06881
:1047900040ABFC0A414A940A414A2801437A2075F9
:1047A00040AB8C088D4348FFFF2392003A6FA8BCB2
:1047B0004618002000108E0880E084CFFA04406084
:1047C000841B49FFED0192004E0201762E07FB5932
:1047D000E616E8315080000046950008589481584C
:1047E0002E17FAE34E1300345A780104480001866C
:1047F0004E72019E5A78021B5A6007044800016BF2
:104800004400001649FFECE04E0303042E07FB5959
:104810005A081504480003044400001549FFECD46D
:104820004E02033284013E07FAD584003A6FA88411
:10483000DD9E92002E17FAE350807FEA548400FF39
:104840004695000B58948D584E12FFD0CFEF4689F5
:104850000000440000321074006C49FFDF1F840226
:104860001004006C5A6807E32E17FB598C21FA06D6
:104870003E17FB5949FFECA84E02030E2E07FB59C9
:104880005A081604480003A65CF0002C4EF2039070
:10489000E6164EF302E18E169600871D43806024D3
:1048A00045900003518C012B43906424418C0013EC
:1048B0004665001658630F30474666668226806656
:1048C00086008480445F0000514A066745700050AE
:1048D00086C386A104A18006049180090481800C0E
:1048E0000471800F05318012052180150411801894
:1048F0000401801BFFEE40F86400402C400140A5FD
:1049000014024094940240841402413994024129D3
:104910001402FE6EFE2E1471800F40F780139691E4
:10492000A91CA91D14A18006A91F14418008149177
:1049300080091441800A1441800B1481800C1441B9
:10494000800D1441800E14418010144180111531E6
:1049500080121441801314418014152180151441D4
:1049600080161441801714118018144180191441C5
:10497000801A1401801B447000EB920040178011D4
:104980005323812B96135F30812C4083800750F78F
:10499000804050217FC04090C8075073FFC04F3205
:1049A000001F4320D06840A0FC0A4129940A8BCA0A
:1049B00042195C7541290011964B4130940A4339E4
:1049C0005873401A840C8253512900044E920008F7
:1049D0003931CA02401984043811CA0A4E05001E32
:1049E0004320506841207C0A4019940A8A324200D0
:1049F000DC75964B96034120140A4320D873400A75
:104A0000800C8032501080104E82000839218602BE
:104A1000400900043801860A40F7801396915A7FB6
:104A2000ABAF8D8141080013503180705B000304EF
:104A300048FFFF523C53DA6246280020840192A2CC
:104A4000100102000001020046180020540000FF7F
:104A50005A0801FA10008204000082045A0801FE7C
:104A60003C03DA5092024C50023F460600009B86FF
:104A700094EA4645001758420080465500165852A1
:104A80008F3088C39875A2A9B641DCFD4628002066
:104A9000440000001001020000010200461900005D
:104AA0004E0201C60400803E8C011400803E0001CD
:104AB0000200D5F74400001549FFEB864E03FE883F
:104AC0002E87FB594695000A58948958800848FF5C
:104AD000FE899E3140107C09880196044010040133
:104AE000442005004605000358000F00420088736B
:104AF0004410014049FFC2965A6801044800016809
:104B00009634C80D4033040984038E614234007327
:104B100084208401804996D849FFFCFE5A68070426
:104B200048FFFE7084003A6FA884DD9E96744E1391
:104B3000015B4033040984038E6142340073842096
:104B400084008049543180FF49FFFCE65A60070425
:104B500048FFFE6D4400001649FFEB364E0201A8E7
:104B60002E07FB595A082B04480001A844000015E1
:104B700049FFEB2A4E0201EF440000013E07FB1FF4
:104B80002E17FB598C21FA063E17FB5949FFEB1CE7
:104B90004E02019C2E07FB595A08160448000222B7
:104BA0005CF0002C4EF201C8E6164EF301C28E16E0
:104BB000960084DDFF8484E35063012BFFC497B12A
:104BC0004685001658840F304766666682288048FE
:104BD00086608600452F0000516B066745900050A7
:104BE000870386E104F1000604A100090491000C8A
:104BF0000551000F05410012045100150411001861
:104C00000401001B4052C80240499C0040334C0143
:104C100040F7C80240A548024094C802415AC80261
:104C2000414A48024010C802400048021451001591
:104C3000972196D9150100041501000514F100060D
:104C4000150100071501000814A100091501000A4B
:104C50001501000B1491000C1501000D1501000E3B
:104C60001551000F1501001015010011154100121A
:104C70001501001315010014150100161501001788
:104C800014110018150100191501001A1401001B58
:104C9000445000EB96635342812B961B5F50812C4E
:104CA000E0A0504200405031FFC04090D007505229
:104CB000FFC04F52001F4340D86840A0FC0A414A41
:104CC000940A414A2801421A6475414A0011964BE0
:104CD0004150940A435A6073401B840C514A80042B
:104CE0004E92000839515202401A84043811520A77
:104CF0004E05001C4340586841407C0A401A940A03
:104D00008A344200E475964B96034140140A4340AE
:104D1000E073400B800C80348C30E8073941060288
:104D2000400A00043801060A972196D95A5FABB4AD
:104D30008DE141398013502100705B30030548FF3D
:104D4000FF5392003C53DA6246280020840192A26D
:104D5000100102000001020046180020540000FF6C
:104D60005A0801FA10008204000082045A0801FE69
:104D70003C03DA5092024C5000F546060000408099
:104D8000200194EA46450017584200804655001617
:104D900058528F3040840C0040141400A2A9B64130
:104DA0004C42FFFC46280020440000001001020095
:104DB0000001020046190000C0520400803E8C0130
:104DC0001400803E00010200D5F892002E07FB5926
:104DD0004E0300142E07FAD55CF000013EF7FB0AE3
:104DE00048FFFD254E0300102E07FB1F5CF000015D
:104DF0003EF7FACA48FFFEAC5A00160448FFFD17FA
:104E000048FFFFEA5A00160448FFFEA248FFFFEEE3
:104E10002E07FB595CF0002B4EF3FD002E07FB0A1A
:104E200096003E07FAD548FFFCF99200462800207C
:104E300044000000100102040001020446190000B1
:104E40004E02FCF50400803E8C011400803E0001FF
:104E50000204D5F7960148FFFD2292004628002063
:104E60004400000010010204000102044619000081
:104E70004E02FCDD0400803E8C011400803E0001E7
:104E80000204D5F74400001149FFE99E4E03FCCC13
:104E900048FFFCCD2E07FB59E616E9DD3E77FB59AE
:104EA0004580012B872048FFFD0592002E07FB5906
:104EB0005A00150448FFFE5C2E07FACA540000FF92
:104EC0003E07FB1F48FFFE542E17FB59E636E83914
:104ED000964984DDFF8C84E35063012BFFCC48FFAF
:104EE000FE7092004601800088A0470AAAAA461FC9
:104EF000F00F94EA840051080AAB864351308FFFCB
:104F00002E27FEEF96404240C069969640428409A3
:104F100042124875C20496485A100150381882024D
:104F20008C01B6238C645A0854ED48FFFDB19601FC
:104F300048FFFE413C0DFF0849FFF02A44000000F5
:104F40004612001A3E07FB594460012B84E048FFDB
:104F5000FE39FA0149FFE9384E03FE1048FFFE1200
:104F60004601800088A0470AAAAA461FF00F94EACB
:104F7000840051080AAB864351308FFF2E27FEEF85
:104F800096404240C0699696404284094212487554
:104F9000C20496485A100118381882028C01B623B0
:104FA0008C645A0854ED48FFFEFF92003C0DFF0848
:104FB00049FFEFEE48FFFF74381882024010CC0220
:104FC000D5B09200381882024010CC02D5E8920089
:104FD0003C0DFF0849FFF2502E07FB5948FFFC5AD1
:104FE0003C0DFF0849FFF2482E07FB5948FFFDDE44
:104FF00046250016056103CC46250016055103CE53
:10500000596B0004462500164614444447750016A3
:1050100050108484054103CF440F0F0F462500161E
:10502000156B83CC47650016053103E8415A8002B1
:10503000141B03CD4625001647650016052103EA1B
:10504000594A003046250016155B03CE4755001619
:10505000051103EB5939800446250017154A83CF03
:105060004745001605010004153A03E846250017D8
:10507000473500160421000641290002141983E96E
:105080004735001659188030152983EA4725001640
:10509000FE165908000446250017151903EB47159D
:1050A000001704510007150880044625001647051F
:1050B0000017044103AF141800054615001714002B
:1050C000800658528030460500173C23DA591450A8
:1050D0000007664203F046050016144003AF463849
:1050E0000020924284015051002010018200920061
:1050F0000001820046180020540000FF5A0801FAFF
:1051000010008204000082045A0801FE3C43DA5079
:10511000400208094C50008E4605001658000EB09B
:105120004616000094AA8A204655001658528F3021
:1051300088229888A2C1B6624C02FFFD4628002052
:105140008400100102000001020046190000C0099D
:105150000400803E8C011400803E00010200C8F96A
:1051600046280020840010010204000102044619B0
:105170000000C0090400803E8C011400803E000144
:105180000204C8F93C53DA6246280020840192A246
:10519000100102000001020046180020540000FF28
:1051A0005A0801FA10008204000082045A0801FE25
:1051B0009282D4694605001658000F30461600004A
:1051C00094EA8A2046450017584200808861985822
:1051D000A281B6414C027FFD4628002084001001C8
:1051E00002000001020046190000C0090400803ED0
:1051F0008C011400803E00010200C8F946280020FE
:105200008400100102040001020446190000C009D4
:105210000400803E8C011400803E00010204C8F9A5
:1052200046090068842F1010001010100110DD9E38
:105230004601800088A0472AAAAA461FF00F94AA18
:10524000840047450016594A0EB051290AAB8663BF
:1052500051508FFF2E37FEEF96404300C86996D617
:10526000405884094212CC75C30496485A1001363E
:10527000381A02028C01B6228C445A0820ED48FFED
:10528000FF5F92004601800088A0470AAAAA461F35
:10529000F00F94EA84004725001659290F30510871
:1052A0000AAB862351308FFF2E27FEEF96404240F7
:1052B000C06996964042840942124475C2049648D9
:1052C0005A100112381902028C01B6238C645A0854
:1052D00054ED48FFFF839200381A02024010D402B6
:1052E000D5CA9200381902024010CC02D5EE9200C5
:1052F0003A6FA43C965F9494026F80084010A00817
:10530000969096D75A0801044800021246050016E6
:1053100047550017054003CE470500164605001601
:10532000057A800647550017053003CD051803E9B7
:1053300046050016056A8005470500164755001703
:10534000052003CF050803EB47850016055A8007A3
:10535000047C03CC675A80076729000767080007A9
:105360004121C8044101C004674A0F0066738200EE
:105370004031D404475500164140D00447850016FB
:10538000673980F046050016147A83CC475500161D
:1053900041314C04059C03E8040003EA154A83CE1E
:1053A00047450016153A03CD4735001666000F0035
:1053B000679C8200152983CF47250016FE0F6718CA
:1053C00080F047850017159903E84725001641111D
:1053D0004404058C0004140903EA46050016677BA3
:1053E0008F00676B00F0151003E946050016678C07
:1053F00002004010DC0440215804150003EB920029
:105400004605001715800004460500171410000615
:105410004605001714200005460500171430000744
:105420002E17FEE5462E000151310FFF5430807FCC
:105430004400003246250016052103AF86819227DD
:10544000FEC44400FFFF400A041A80206729000FB1
:105450004003300941204804462500164605001641
:10546000051103B0042003B14605001641920C0952
:105470000270075A66211FFF460500164118CC022C
:10548000040003AC41033408FECC402C8804461FC2
:10549000F000416218014182A00851537FFA41088F
:1054A0004404501080FF41194C024655001640211B
:1054B0004C024735001601228F27053983AEFE0EB8
:1054C000415A8013401B001396DB416B240846555C
:1054D000001600528F2B415AB408400C0004887605
:1054E00050F20001417AC404408340084110B408DE
:1054F0005539800F401350084031A008940441876B
:10550000900A40288804401984044111A0094139B7
:10551000600840741C044122E008920440F7F0083F
:1055200040003C044138CC0467081FFF4118C80400
:10553000558C0FFF66738FFF4725001641086404E2
:1055400095A4140903AC417B8C0846050016418CD8
:105550001C044192740846350016158003AD4108BD
:105560000C0846050016417B8C09FE77055183B275
:10557000141003AE938346050016417BE4044221D8
:105580007C0941627C08157003AF4108640446053C
:1055900000164635001641615804150003B092818B
:1055A00046050016675AFFFF045183CB156003B10F
:1055B0004042540446050016144003B23C23DA5915
:1055C00046050016153003C966528FFF46050016C2
:1055D000151003CA46380020585280809242460572
:1055E0000016145003CB505100201141820092004C
:1055F0000001820046180020540000FF5A0801FAFA
:1056000010008204000082045A0801FE3C43DA5074
:10561000400208094C5001324605001658000EB0F1
:105620004616000094AA8A204655001658528F301C
:1056300088229888A2C1B6624C02FFFD462800204D
:105640008400100102000001020046190000C00998
:105650000400803E8C011400803E00010200C8F965
:1056600046280020840010010204000102044619AB
:105670000000C0090400803E8C011400803E00013F
:105680000204C8F93C53DA6246280020840192A241
:10569000100102000001020046180020540000FF23
:1056A0005A0801FA10008204000082045A0801FE20
:1056B00092824C5200B94605001658000F3046162B
:1056C000000094EA8A20464500175842008088610D
:1056D0009858A281B6414C027FFD920046280020D6
:1056E0008400100102000001020046190000C009F8
:1056F0000400803E8C011400803E00010200C8F9C5
:10570000462800208400100102040001020446190A
:105710000000C0090400803E8C011400803E00019E
:105720000204C8F93A6FA404DD9E920046050016F3
:10573000054003CE46050016053003CD460500168C
:10574000052003CF4755001746050016051003EA4C
:10575000057A80064605001647550017050003E93F
:10576000056A80054605001647550017040003EB3F
:1057700047850016055A8007047C03CC675A8007CA
:1057800067290007660000074121C804FE1F674A19
:105790000F00587382004031D40447550016414031
:1057A000D00447850016673980F0147A83CC4755BA
:1057B000001641314C04059C03E8154A83CE474549
:1057C0000016153A03CD4735001667188F00599C0F
:1057D0008200152983CF472500164110C4046708AD
:1057E00000F047850017159903E847250016410189
:1057F0004004058C0004151903EA47150016677B61
:105800008F00676B00F0150883E947050016598C77
:1058100002004010DC0440215804140803EB48FF48
:10582000FDF192004601800088A0470AAAAA461FFF
:10583000F00F94EA84004725001659290F305108CB
:105840000AAB862351308FFF2E27FEEF9640424051
:10585000C06996964042840942124475C204964833
:105860005A100136381902028C01B6238C645A088A
:1058700054ED48FFFF3592004601800088A0472A7A
:10588000AAAA461FF00F94AA840047450016594A59
:105890000EB051290AAB866351508FFF2E37FEEFB1
:1058A00096404300C86996D6405884094212CC7588
:1058B000C30496485A100112381A02028C01B6220B
:1058C0008C445A0820ED48FFFEBB920038190202B2
:1058D0004010CC02D5CA9200381A02024010D402FD
:1058E000D5EE92003A6F98BC840649FFE46DC0057E
:1058F000440091914800000444009999461500071E
:10590000140083C13A6F9884DD9E9200461500070B
:10591000041083FD866096485A181104480001F46B
:10592000461500160520829A82205109000451492B
:10593000002C86C04550FFFFD5109200124C00008D
:10594000125C000188418857401B08008D8441602B
:1059500080138DB04D0A005651887FFCB4710578D4
:1059600080015B30012196999759401B8013404B71
:10597000801392484052A008922840422008FF57C6
:10598000FF0F96D8976997218843557B80FF920037
:105990002E37FE244231880BCBD2125C0000124C11
:1059A0000001D5D14C3A816EE663E91F5CF189FDB7
:1059B0004EF2017A969992484051A008FF5796D826
:1059C000976988435C1B80034E1300165C1B863D61
:1059D0004E120170401B8013404BA0089228FF0F0D
:1059E0009721557B80FFD5D55C1B800384424450B2
:1059F0000200C1ED86E2444002008420D5CA920034
:105A00003A6F9C3C00100018002000084010A008CD
:105A1000882296491219001400100038002000282E
:105A20004010A0088822964912190015001000584D
:105A3000002000484010A00888229649121900163C
:105A400000100078002000684010A00888229649C5
:105A50001219001700100098002000884010A008BC
:105A60008822964912190018842012190019002062
:105A7000000800100018004000288822002000388C
:105A800088240030004899110020005888640010D4
:105A90000068886200400078988B00100088884475
:105AA0000030009888222E27FDB48823883650398C
:105AB0000034464500164221040B1432029A9649DE
:105AC0004E22010046250007004102EC3C53FDF642
:105AD000846F002000C242419001952496E892A86C
:105AE000FF17989D9720522101008A444031A00859
:105AF0009A5198A396912E77FB311229001A2E679E
:105B0000FB2E3E77FB264010A00888253E67FB1C35
:105B10002E57FB0C2E47FB523E57FAC12E37FB5532
:105B20003E47FB563E37FB4E5139003896494625D5
:105B300000161531029A1219001B92004615000733
:105B4000041083CA4E12009A0120000C0010000AB3
:105B50004029200888419691122980000180001C6C
:105B60000110001A402C20088851969112298001BA
:105B70000170002C0100002A402BA008885096914B
:105B8000122980020160003C0050003A402B20089E
:105B900088459691122980030150004C0040004A2C
:105BA000402AA00888449691122980040070005C65
:105BB0000030005A4143A0084141D000414A00133F
:105BC000134980050020006C0060006A41412008F4
:105BD00089C141435000532901008BD8414A001329
:105BE00013498006411944018BB70120007C001045
:105BF000007A4108C0018B964119200889A14058BC
:105C000014018AB541088013130980079B2C0100F9
:105C1000008C8A870050008A9AE38A6240482008F4
:105C200088859A9E8A5296E1123980089A510040DE
:105C3000009A0020009C8A303C33FDC39A0D8A02F2
:105C40004011A0098A048A014021200896588A013F
:105C5000986296494000200812198009403180144A
:105C6000502980189601461500161420829A123980
:105C7000800A1209800B92003A6F9C04DD9E92000C
:105C8000401B8013404BD402922840422008FF0F53
:105C90009721557B80FF442001FE4450FFFF48FFC1
:105CA000FE799200442001064450FD0948FFFE8C15
:105CB0004570003D44403D06842648FFFE6B92003F
:105CC00002400060005000C296E09288989C5852B2
:105CD00080F0522101008A459A514031A0084010BD
:105CE000A00898AB969188241229001A51390038DF
:105CF0009649462500161531029A1219001B48FFD5
:105D0000FF1F92002E27FB402E17FB3E413104045B
:105D100048FFFE08C02C3A6FA0BC80C02E17FDB310
:105D200046050007040000BB964C3E07FB19C9213D
:105D30004400000249FFD54049FFC04A84E0C8073B
:105D40002E07FB254E03014484E192003C0DFF0821
:105D50009E42E6224EF3012C46050007040000BBDC
:105D6000C81449FFD579C8173A6FA084DD9E920008
:105D700049FFC02EC0062E07FD56E6114EF300B8AF
:105D800084003E07FD56D5D9841F3E07FC8449FF99
:105D9000D563C0EB4400000249FFE2164E0200B298
:105DA0003C0DFF088E02E6024EF300F6000300C22F
:105DB000C8282E07FAF05A0001252E07FDB442002C
:105DC000040B4E0200E92E17FB312E57FB26D91982
:105DD0005A5001182E57FB2E2E07FB1CD8122E5797
:105DE000FB0C2E07FAC1D80D2E57FB562E07FB527F
:105DF0004C02C0082E57FB4E2E07FB554C5000CCD2
:105E00005A7801044800015246050007040000BB0F
:105E10004E02FFAC2E07FAF04E02FFA84E72FFA60C
:105E20002E07FDB3540000014E02015A490001DA69
:105E30002E07FADA2E17FAD3411004099D092E27EE
:105E4000FAF2405884084705000759080660972071
:105E50004635001688B05200007A1451829A4021CB
:105E6000100690013E47FAD34E23011896C0FE5CFF
:105E7000502080022E07FAD04E0201364605000758
:105E8000040000BB441FA33A4000200888809721EB
:105E9000440FA33A88043818450996019C6CAD2933
:105EA0009511462500005821000088444E32019685
:105EB00094D98861A5100A510001AD4888048C224C
:105EC00096014C11FFF9FE0296819D1A4655001667
:105ED0001442829A4605000758000660441000806C
:105EE000AC983A6FA08448FFBF7B92002E17FD57F5
:105EF0008C018C213E07FD563E17FD5748FFFF1EC3
:105F00004400000D49FFE1604E03FF4C44000011C6
:105F100049FFE15A4E03FF464400001549FFE15492
:105F20004E03FF404400000949FFE14E4E03FF3A93
:105F30004400002149FFE1484E03FF34440000259E
:105F400049FFE1424E03FF2E4400002A49FFE13C95
:105F50004E03FF284400002F49FFE1364E03FF2285
:105F60004400003349FFE1304E03FF1C44000005AC
:105F700049FFE12A4E03FF164400003749FFE124A0
:105F80004E03FF1046050007040000BB4E02FF0A47
:105F900048FFFEEC3C0DFF044E02FF384E7300B08C
:105FA000440000013E07FB2548FFFF30461500076F
:105FB000041080BB4E13FEEA5A0002062E07FB4473
:105FC0004E02FED43A6FA08448FF8F7646550007F4
:105FD000585286604635000758318696845F920095
:105FE0001A228001843FDBFD440037FF462500076D
:105FF0001201034B46050007040003CA46250007AB
:1060000058210698463500161421829AC039460553
:1060100000071210034C46050007580006B0140193
:10602000829A460500071210034D4605000712101C
:10603000034E460500071210034F460500071210D5
:1060400003504605000712100351460500071210C1
:1060500003524605000712100353460500071210AD
:106060000354460500071210035546050007121099
:106070000356440017FF461500071200835784405B
:1060800046050007580006602E17FADA3E27FB2562
:106090003A6FA08448FFBEA484213E17FAD396C06D
:1060A0008442848148FFFEE8500300004615001634
:1060B00046850007588406601480829A49FFFC28B0
:1060C00046050007040000BB4E03FEA65004000076
:1060D0002E17FADA49FFBE8448FFFE9849FFD36CB9
:1060E00048FFFEA6440002013808450944000403A5
:1060F000AC299C6C840A48FFFED5920046550007E7
:10610000585286604635000758318696845F920063
:106110001A228001843FDBFD440037FF462500073B
:106120001201034B46050007040003CA4625000779
:1061300058210698463500161421829AC03A460521
:1061400000071210034C46050007580006B0140162
:10615000829A460500071210034D460500071210EB
:10616000034E460500071210034F460500071210A4
:106170000350460500071210035146050007121090
:10618000035246050007121003534605000712107C
:106190000354460500071210035546050007121068
:1061A0000356440017FF461500071200835792005C
:1061B00046050007040000BB84203E17FB254E0364
:1061C000FE2B46050007580006602E17FADA49FF35
:1061D000BE07920048FFFE1A806148FFFE769200DB
:1061E00046050007041003CA440000423E07FAFDBA
:1061F000440000383E07FADA4400004CC10A44006B
:1062000000503E07FADAFA1A3E07FAFD4400007819
:106210004612001A3E07FAF2FA193E07FB00DD9E0D
:106220003A6FA0BC80E080C18400461500161400BF
:10623000829B46050007045003F04400A11A92B067
:10624000D80449FFD11BD50349FFD12449FFAB90A6
:1062500084003E07FB2D3E07FAD63E07FAFB850079
:106260003C8BFDB649FFFFBE3E87FAD32E27FDBF0C
:106270005401000FC80284014612001A92443E07DE
:10628000FB36C2043E27FAC5D50484013E07FAC591
:106290002E27FDC5969FC2043E27FAB2D50484017D
:1062A0003E07FAB284403E27FAC73E27FB253E2729
:1062B000FB333E27FB1584003C0BFDCC4E720028BF
:1062C00046090008A40092013C0BFDC5841F3E074F
:1062D000FC843E07FB4584003E07FB443E07FB432E
:1062E000CE443E67FB583C0DED1C461500161400CD
:1062F00082EF3C0DED1D46150016140082F0461984
:1063000000A0A00942003C08A809D52F2E07FDB324
:106310009604C007840149FFD249840249FFD24C48
:1063200084404615000758108F44800238008909C0
:106330008C415A281EFD844046150007581083B032
:1063400050010000380089098C415A281EFD844004
:106350004615000758108F8050010000380088084B
:106360008C415A2840FDD5AD4400003C461500162E
:10637000140082F284003E07FAB885003E07FACF87
:106380003C8FFF0C3C8FFF2A8026800749FFA6E840
:106390003C0DFF0880283A6FA08448FFAB53920061
:1063A00046050007042003CE84204605000714108C
:1063B00003F846050007141003FA460500071410F9
:1063C00003CC46050007141003CD460500074655CB
:1063D0000002044003C58400100285FC46550002FB
:1063E000100285FD3E07FB553E07FB4E463A55AA77
:1063F0003E07FB485031855A3E07FB50FE9DE64163
:106400003E07FB543EF7FB1C3E07FB3F3E07FB40AD
:106410004625001612110546462500168400121165
:1064200005474C41802846250007141103C53E0747
:10643000FB0C84433E27FAD93E07FAEE3C1BFDC114
:10644000842046250016141102EE84003C0BFDC981
:1064500046250007141103F54625001610010D11FD
:1064600046250007141103F14615001610008D1281
:10647000DD9E84213E17FB0C3E07FAD944000060E4
:106480003E07FAEE84053C0BFDC1D5DB3A6F98BCA4
:106490002E07FB1F5A0801062E07FAD55A00013CA9
:1064A0004400006449FFD0FA840A49FFDE8DC00F22
:1064B000840049FFC2F7C8FD2E07FB1DC0EA2E0766
:1064C000FB1D8E0196003E07FB1DD5E3FA1249FF26
:1064D000DE7BC8EFFA1649FFDE77C8EBFA1B49FFEF
:1064E000DE73C8E74400003049FFDE6EC8E24400B6
:1064F000003849FFDE69C8DD2E17FAE33C0FFF2A9A
:10650000C92C2E07FB2D5A00010B840149FFC2CA7A
:10651000C8FDD5D33A6F98844A0078202E07FB191E
:10652000C8F549FFBC55C8F23C0DFF2AC8EF3C0D29
:10653000FF088E02E602E80349FFBBF2840049FF30
:10654000B52B840149FFB5282E07FAF749FFC2AAE7
:106550004E03FFFC48FFFFB22E07FAE35A00010486
:1065600048FFFFAC2E07FAD65A000108840149FF04
:10657000C299C8FD48FFFFA23C0DFF088E02E6024B
:106580004EF2000449FFBBCC2E07FAF749FFC28A3E
:10659000C8FC48FFFF9392003A6FACBCEFF4460989
:1065A0000000041000341410003C461A2000460875
:1065B0000021141000894610003F041082FFF18171
:1065C0004610000004108000F181461000200410E5
:1065D0008100F1814600003E4610002000000000CE
:1065E00004108300F181F081F00146250007960137
:1065F000120107A246050007045003F04410A11A37
:1066000092B0D90349FFCF3A49FFD2184605000797
:10661000020007A04615000740000013660000FFB7
:1066200058000001120087A049FFCA9849FFBB78B3
:1066300046050007020007A0461500079601660000
:1066400000FF58000016120087A084003C0FFF14C2
:1066500046050007020007A046150007400000138A
:10666000660000FF58000017120087A049FFFE9A3D
:106670003C0DFF085A000206440000013E07FB25BE
:10668000467A55AA856084C05073855A85414698DC
:10669000002146880020920046050007045003CEE2
:1066A0003E67FB2E4C53808646050007021007A06C
:1066B0009649661080FF58108018121007A02E0708
:1066C000FAE3C81D46050007021007A0462500078B
:1066D0009649661080FF58108019FA12121107A00F
:1066E00049FFDD72C022FA1149FFDD6E4E02001E25
:1066F00049FFCEB849FFD4B648FFFFD049FFCEB21C
:106700004400000A49FFDD604E020058840049FF42
:10671000C1C9C8FD2E07FB1DC0C02E07FB1D8E0181
:1067200096003E07FB1DD5B9FA1B49FFDD4DC0059C
:10673000FA1A49FFDD49C8DD840E49FFDD45C80767
:106740004400001249FFDD404E02008749FFE31676
:1067500049FFFE9E49FFCE861064821000040E0899
:1067600046150005540000FF10008D1049FFCE9A19
:106770005A08010448000066460500050200068A22
:10678000461500058C011200868A840E49FFDD1C27
:106790004E0200443E67FB1F3E67FAD549FF618207
:1067A0005A0801044800006849FFB40448FFFF7616
:1067B0003EA7FB2E48FFFF7A4400002249FFDD047C
:1067C0004E03FFA64400002649FFDCFE4E03FFA057
:1067D0004400002B49FFDCF84E03FF9A44000030D0
:1067E00049FFDCF24E03FF944400003849FFDCEC23
:1067F0004E03FF8E2E17FAE33C0FFF2A4E1300F4D0
:106800002E07FB2D5A080104480000CC840149FFE3
:10681000C149C8FD48FFFF80FA0249FFDCD5C8BB6B
:106820004400001649FFDCD04E03FFB64400003898
:1068300049FFDCCA4E03FFB049FFD3BC48FFFFB09D
:106840004605000502000689461500058C01120068
:10685000868948FFFF9CFA0649FFDCB64E03FF78A5
:106860004400003849FFDCB04E03FF7249FF61224B
:1068700048FFFF70840E49FFDCA7C80744000012E0
:1068800049FFDCA24E02006E49FFE09249FFD3EAC5
:106890005005800049FFFA40001580C20205806063
:1068A0003C1FFF043C0FFF0549FFD63649FF60E45B
:1068B0004400000E49FFDC884E03FF7844000012BC
:1068C00049FFDC824E03FF724400001649FFDC7C66
:1068D0004E03FF6C4400000A49FFDC764E03FF665E
:1068E0004400002249FFDC704E03FF604400002B8F
:1068F00049FFDC6A4E03FF5A4400002649FFDC646E
:106900004E03FF544400003049FFDC5E4E03FF4E4F
:106910004400003449FFDC584E03FF48440000386F
:1069200049FFDC524E03FF4246050016040003AB4C
:106930005A00010448FFFF3A3C0DFF274E03000DAB
:106940002E07FAE24E02007049FFA2002E07FB1943
:10695000C80349FFBA33800B49FFAF4A48FFFF26FF
:106960004400001649FFDC304E03FF90440000381D
:1069700049FFDC2A4E03FF8A46050016040003ABDC
:106980005A00010A46050016040003AB3C5DFF2BCC
:106990004C503F7C49FFA882816048FFFF779200FE
:1069A0002E07FB194E03FF3449FFBA124E03FF3086
:1069B0003C0DFF2A4E03FF2C3C0DFF088E02E60221
:1069C000E80349FFB9AD840049FFB2E64400000185
:1069D00049FFB2E22E07FAF749FFC0644E03FFFCFD
:1069E00048FFFE9A2E07FAE35A00010448FFFE947E
:1069F0002E07FAD65A000108840149FFC053C8FD8A
:106A000048FFFE8A3C0DFF088E02E6024EF20004AB
:106A100049FFB9862E07FAF749FFC0444E03FFFC31
:106A200048FFFE7A49FFA0E448FFFF9748FFB5BE44
:106A300048FFB9EE48FFBA8A48FFBA9448FFBD3014
:106A400048FFBDE68480D52D414140099741921011
:106A50004040D03796D14010C008FE4742020C2477
:106A6000E220E8099F21984AE222E905E220E803B2
:106A70009F21984A9A484010D01740004008FE2FA6
:106A8000FECCE203E80998029E49E202E905E2032E
:106A9000E80398029E499A0340424008FE67DD9E43
:106AA0003BFFFEBCFD80FD918384CB4DE3B2E81932
:106AB0004209000782A0C00D4129000C525000205D
:106AC0004058140D4118800C411894044108000CE2
:106AD000FD08805249FFFFBA82C1820086E0D523BB
:106AE000C2284209000782A0C8048BB286E1D514EF
:106AF00052F000204129000C805240483C0D405883
:106B0000800C4108000C400290044018BC0D49FF65
:106B1000FF9D82E18220FD08805249FFFF9782C1DC
:106B2000510000004FC2005386204108540DD54B40
:106B300041194A17842084004FC2004CB79C151E8F
:106B40000001D547E3B3E9F74209800782A0C044BA
:106B5000524000204059100D4029800CFEAF826247
:106B60004129000C4038100D4108000C4008800CF1
:106B70004018900DFE1F49FFFF6982C1822042002C
:106B8000C869E3A1E9054C18C00CE380E809516B22
:106B90007FFF8A3340304801E2038A2F800386E07A
:106BA0004FC200154008000140188401E3808A2F7D
:106BB000524A80204110900C4100540D4108440479
:106BC0004110D40DB79C151E00018016501B80008B
:106BD0003BFFFE84DD9EE3F1E903E392E90986C110
:106BE000404848018BB3E3848BAF8204D50286C052
:106BF00086E04FC3FFE9D5EA9441948F9238521052
:106C0000809E465800004E17000F5EF08020E80975
:106C1000FEAF4021040DE400FE1240013C1ADD9E4F
:106C20008400DD9E4647F800E280E8038005DD9E93
:106C30009E29DD9EC01C4648000040201002C20272
:106C4000FE024410009E4230000740000C0C9A4B9C
:106C500092989804E204882F4040200A97249A04CE
:106C6000940192094040DC08FE27FE17DD9E920049
:106C70008060E644E9285441800354508003C50BEA
:106C8000525280049A959969084080011841800108
:106C90004C12FFFC40511409C50A956D996996A7DD
:106CA0003B00DC043B01DC244C12FFFC4051080992
:106CB000C50A956A9969968F3A4090043A419024A2
:106CC0004C12FFFCC208994A08408001184180011B
:106CD0004C12FFFCDD9E920000002C01F4018403A5
:106CE0000807D0079808FF09320050006E00960090
:106CF000C800C80082006E00902201500A3C05289E
:106D000003031201040000001A410000A861000002
:106D1000ED000000ED000000E94E010053220000EC
:106D2000D800B0847098000000000000000000004F
:106D3000000000000000000000006C004401680139
:106D4000D8000000000000008001000C000C000CC6
:106D5000000C000C000000000000000000240024D3
:106D6000002400240024000000000000000000397E
:106D700000390039003900390039003900000000BD
:106D8000000C00180015000CFF000000FF000000C0
:106D9000020000000100000044000000EF010000BC
:106DA000EF010000FFFFFFFFFFFFFFFFEF0100000B
:106DB000EF010000EF010000FFFFFFFFFFFFFFFFFB
:106DC000EF01000000260050002B00500030005062
:106DD0000030005000260050002B005000300050C2
:106DE000003500500026005000260050002B0050B7
:106DF00000260050003F0050004400500049005061
:106E000000490050003F005000440050004900502D
:106E1000004E0050003F0050003F0050003F005027
:106E2000003F0050010079FA010055000000000009
:106E3000010079FA0100AA0000000000030079FABD
:106E40000300FF00000080020A0079FA0A00FF0038
:106E500000000000010079FA010055000000000068
:106E6000010079FA0100AA0000000000040079FA8C
:106E70000400FF0000008002080079FA0800FF000B
:106E80000000000000000000000000000000000002
:106E9000020079FA0200550000000000020079FAB1
:106EA0000200AA0000000000030079FA0300FF00BE
:106EB000000080020A0079FA0A00FF0000000000CA
:106EC000020079FA0200550000000000020079FA81
:106ED0000200AA0000000000040079FA0400FF008C
:106EE00000008002080079FA0800FF00000000009E
:106EF000000000000000000000000000050079FA1A
:106F00000000000000000000050079FA0000000009
:106F100000000000050079FA0500FF0000000000F5
:106F2000050079FA0000000000000000050079FA71
:106F30000000000000000000050079FA00000000D9
:106F400000000000050079FA0500FF0000000000C5
:106F5000050079FA000000000000000000000000B9
:106F60000000000000000000060079F20600550055
:106F700000000000060069FA0600AA0000000000F8
:106F8000000000000000000000008002070079FA05
:106F90000700FF00000000000000000000000000EB
:106FA00000000000010079FA000055000000000018
:106FB000010079FA0000AA0000000000010079FA3F
:106FC0000100550000008002010079FA0100AA00CA
:106FD00000000000010079FA020055000000800264
:106FE000010079FA0200AA0000000000010079FA0D
:106FF000000000000000800200000000000000000F
:107000000000000000000000000000000000000080
:107010000000000000000000000000000000000070
:107020000000000000000000000000000000000060
:107030000000000000000000000000000000000050
:107040000000000000000000000000000000000040
:107050000000000000000000000000000000000030
:107060000000000000000000000000000000000020
:107070000000000000000000000000000000000010
:107080000000000000000000000000000000000000
:1070900000000000000000000000000000000000F0
:1070A00000000000000000000000000000000000E0
:1070B00000000000000000000000000000000000D0
:1070C00000000000000000000000000000000000C0
:1070D00000000000000000000000000000000000B0
:1070E00000000000000000000000000000000000A0
:1070F0000000000000000000000000000000000090
:10710000000000000000000000000000000000007F
:10711000000000000000000000000000000000006F
:10712000000000000000000000000000000000005F
:10713000000000000000000000000000000000004F
:10714000000000000000000000000000000000003F
:10715000000000000000000000000000000000002F
:10716000000000000000000000000000000000001F
:10717000000000000000000000000000000000000F
:1071800000000000000000000000000000000000FF
:1071900000000000000000000000000000000000EF
:1071A00000000000000000000000000000000000DF
:1071B00000000000000000000000000000000000CF
:1071C00000000000000000000000000000000000BF
:1071D00000000000000000000000000000000000AF
:1071E000000000000000000000000000000000009F
:1071F000000000000000000000000000000000008F
:10720000000000000000000000000000000000007E
:10721000000000000000000000000000000000006E
:10722000000000000000000000000000000000005E
:10723000000000000000000000000000000000004E
:10724000000000000000000000000000000000003E
:10725000000000000000000000000000000000002E
:10726000000000000000000000000000000000001E
:10727000000000000000000000000000000000000E
:1072800000000000000000000000000000000000FE
:1072900000000000000000000000000000000000EE
:1072A00000000000000000000000000000000000DE
:1072B00000000000000000000000000000000000CE
:1072C00000000000000000000000000000000000BE
:1072D00000000000000000000000000000000000AE
:1072E000000000000000000000000000000000009E
:1072F000000000000000000000000000000000008E
:10730000000000000000000000000000000000007D
:10731000000000000000000000000000000000006D
:10732000000000000000000000000000000000005D
:10733000000000000000000000000000000000004D
:10734000000000000000000000000000000000003D
:10735000000000000000000000000000000000002D
:10736000000000000000000000000000000000001D
:10737000000000000000000000000000000000000D
:1073800000000000000000000000000000000000FD
:1073900000000000000000000000000000000000ED
:1073A00000000000000000000000000000000000DD
:1073B00000000000000000000000000000000000CD
:1073C00000000000000000000000000000000000BD
:1073D00000000000000000000000000000000000AD
:1073E000000000000000000000000000000000009D
:1073F000000000000000000000000000000000008D
:10740000000000000000000000000000000000007C
:10741000000000000000000000000000000000006C
:10742000000000000000000000000000000000005C
:10743000000000000000000000000000000000004C
:10744000000000000000000000000000000000003C
:10745000000000000000000000000000000000002C
:10746000000000000000000000000000000000001C
:10747000000000000000000000000000000000000C
:1074800000000000000000000000000000000000FC
:1074900000000000000000000000000000000000EC
:1074A00000000000000000000000000000000000DC
:1074B00000000000000000000000000000000000CC
:1074C00000000000000000000000000000000000BC
:1074D00000000000000000000000000000000000AC
:1074E000000000000000000000000000000000009C
:1074F000000000000000000000000000000000008C
:10750000000000000000000000000000000000007B
:10751000000000000000000000000000000000006B
:10752000000000000000000000000000000000005B
:10753000000000000000000000000000000000004B
:10754000000000000000000000000000000000003B
:10755000000000000000000000000000000000002B
:10756000000000000000000000000000000000001B
:10757000000000000000000000000000000000000B
:1075800000000000000000000000000000000000FB
:1075900000000000000000000000000000000000EB
:1075A00000000000000000000000000000000000DB
:1075B00000000000000000000000000000000000CB
:1075C00000000000000000000000000000000000BB
:1075D00000000000000000000000000000000000AB
:1075E000000000000000000000000000000000009B
:1075F000000000000000000000000000000000008B
:10760000000000000000000000000000000000007A
:10761000000000000000000000000000000000006A
:10762000000000000000000000000000000000005A
:10763000000000000000000000000000000000004A
:10764000000000000000000000000000000000003A
:10765000000000000000000000000000000000002A
:10766000000000000000000000000000000000001A
:10767000000000000000000000000000000000000A
:1076800000000000000000000000000000000000FA
:1076900000000000000000000000000000000000EA
:1076A00000000000000000000000000000000000DA
:1076B00000000000000000000000000000000000CA
:1076C00000000000000000000000000000000000BA
:1076D00000000000000000000000000000000000AA
:1076E000000000000000000000000000000000009A
:1076F000000000000000000000000000000000008A
:107700000000000000000000000000000000000079
:107710000000000000000000000000000000000069
:107720000000000000000000000000000000000059
:107730000000000000000000000000000000000049
:107740000000000000000000000000000000000039
:107750000000000000000000000000000000000029
:107760000000000000000000000000000000000019
:107770000000000000000000000000000000000009
:1077800000000000000000000000000000000000F9
:1077900000000000000000000000000000000000E9
:1077A00000000000000000000000000000000000D9
:1077B00000000000000000000000000000000000C9
:1077C00000000000000000000000000000000000B9
:1077D00000000000000000000000000000000000A9
:1077E0000000000000000000000000000000000099
:1077F0000000000000000000000000000000000089
:107800000000000000000000000000000000000078
:107810000000000000000000000000000000000068
:107820000000000000000000000000000000000058
:107830000000000000000000000000000000000048
:107840000000000000000000000000000000000038
:107850000000000000000000000000000000000028
:107860000000000000000000000000000000000018
:107870000000000000000000000000000000000008
:1078800000000000000000000000000000000000F8
:1078900000000000000000000000000000000000E8
:1078A00000000000000000000000000000000000D8
:1078B00000000000000000000000000000000000C8
:1078C00000000000000000000000000000000000B8
:1078D00000000000000000000000000000000000A8
:1078E0000000000000000000000000000000000098
:1078F0000000000000000000000000000000000088
:107900000000000000000000000000000000000077
:107910000000000000000000000000000000000067
:107920000000000000000000000000000000000057
:107930000000000000000000000000000000000047
:107940000000000000000000000000000000000037
:107950000000000000000000000000000000000027
:107960000000000000000000000000000000000017
:107970000000000000000000000000000000000007
:1079800000000000000000000000000000000000F7
:1079900000000000000000000000000000000000E7
:1079A00000000000000000000000000000000000D7
:1079B00000000000000000000000000000000000C7
:1079C00000000000000000000000000000000000B7
:1079D00000000000000000000000000000000000A7
:1079E0000000000000000000000000000000000097
:1079F0000000000000000000000000000000000087
:107A00000000000000000000000000000000000076
:107A10000000000000000000000000000000000066
:107A20000000000004E001002C01E001F02B011E29
:107A300010403BE057023CE057E21BC25F090100E7
:107A400000000000FF7F001388880800571E0030E8
:107A5000DF100000FFFFFFFF00000000000000003B
:107A60000000FF03FF7F000388880800571E0030D6
:107A7000DF010000FFFFFFFF00000000000000002A
:107A80000000FF030000000000C0210000C0210032
:107A9000070000000000000000C0210000C021001D
:107AA00040000080043C028065813C027065C12377
:107AB00030C046E0CA8247E0CA6283C22B0B010095
:107AC00000000000FF7F0013BA280700761900307D
:107AD0001B140000FFFFFFFF00000000000000007B
:107AE0000000FF03FF7F0003BA280700761900306B
:107AF0003B020000FFFFFFFF00000000000000004D
:107B00000000FF03000000000038280000382800B3
:107B1000070000000000000000382800003828009E
:107B20004000008004530130683153012068211562
:107B300020A02940D0622A40D0E2A542410B01009A
:107B400000000000FF7F001305130C002A1800300E
:107B50002F150000FFFFFFFF0000000000000000E5
:107B60000000FF03FF7F000305130C002A180030FC
:107B700051010000FFFFFFFF0000000000000000B7
:107B80000000FF030000000000602A0000602A00DF
:107B90000700000000000000C0522700C05227006C
:107BA0008000008004FF01407F41FF01307FE11F22
:107BB00000203F60FEE23F60FE82BEC2F90B010082
:107BC00000000000FF7F00138F03080051170030F2
:107BD000F4150000FFFFFFFF0000000000000000A0
:107BE0000000FF03FF7F00038F03080051170030E0
:107BF000FD010000FFFFFFFF00000000000000008B
:107C00000000FF030000000000EA2B0000EA2B0048
:107C1000070000000000000000EA2B0000EA2B0033
:107C20002000008004530130683153012068211581
:107C300000A02940D0622A40D0E2A542410B0100B9
:107C400000000000FF7F001305130C002A1800300D
:107C50002F150000FFFFFFFF0000000000000000E4
:107C60000000FF03FF7F000305130C002A180030FB
:107C700051010000FFFFFFFF0000000000000000B6
:107C80000000FF030000000000602A0000602A00DE
:107C9000070000000000000000602A0000602A00C9
:107CA0001000008004B001000E01B001F00D011BB6
:107CB000304035E01B0236E01BE2E5C16F080100F1
:107CC00000000000FF7F001392760900B62100300B
:107CD0002F0F0000FFFFFFFF00000000000000006A
:107CE0000000FF03FF7F000392760900B6210030F9
:107CF000AF010000FFFFFFFF0000000000000000D8
:107D00000000FF030000000000601E0000601E0075
:107D1000070000000000000000601E0000601E0060
:107D200040000080047804001E017804F01DC12387
:107D300030408EE03B028FE03BE2ACC1EF08010037
:107D400000000000FF7F0013BA2807003126003032
:107D5000670D0000FFFFFFFF0000000000000000B3
:107D60000000FF03FF7F0003BA2807003126003020
:107D70003B020000FFFFFFFF0000000000000000CA
:107D80000000FF0300000000C0C2170000D01A006E
:107D9000070000000000000000D01A0000D01A0008
:107DA00040000080043C0240FA403C0230FAC0230C
:107DB00030C04660F4814760F4E1ACC1D1070100F6
:107DC00000000000FF7F0013BA28070031260030B2
:107DD000670D0000FFFFFFFF000000000000000033
:107DE0000000FF03FF7F0003BA28070031260030A0
:107DF0003B020000FFFFFFFF00000000000000004A
:107E00000000FF0300000000C0C2170000D01A00ED
:107E1000070000000000000000D01A0000D01A0087
:107E20004000008004D302806981D3027069212D53
:107E300030A059E0D2625AE0D28278C24B0B0100E6
:107E400000000000FF7F0013C5A90500E6190030FF
:107E5000C4130000FFFFFFFF00000000000000004F
:107E60000000FF03FF7F0003C5A90500E6190030ED
:107E7000D1020000FFFFFFFF000000000000000033
:107E80000000FF0300000000008A2700008A27008E
:107E90000700000000000000008A2700008A270079
:107EA00040000080045301306831530120682115DF
:107EB00020A02940D0622A40D0E2A542410B010017
:107EC00000000000FF7F001305130C002A1800308B
:107ED0002F150000FFFFFFFF000000000000000062
:107EE0000000FF03FF7F000305130C002A18003079
:107EF00051010000FFFFFFFF000000000000000034
:107F00000000FF030000000000602A0000602A005B
:107F10000700000000000000C0522700C0522700E8
:107F200080000080040C04C043C10C04B043C14075
:107F300000C080608782816087E205C21D0A01005F
:107F400000000000FF7F00131AF40300A11F00309F
:107F50002F100000FFFFFFFF0000000000000000E6
:107F60000000FF03FF7F00031AF40300A11F00308D
:107F70000B040000FFFFFFFF0000000000000000F6
:107F80000000FF03000000000060200000602000EF
:107F900007000000000000000060200000602000DA
:107FA0004000008000000000000000000000000011
:107FB00000000000000000000000000000000000C1
:107FC00000000000000000000000000000000000B1
:107FD00000000000000000000000000000000000A1
:107FE0000000000000000000000000000000000091
:107FF0000000000000000000000000000000000081
:108000000000000000000000000000000000000070
:108010000000000000000000000000000000000060
:108020000000000000000000000000000000000050
:108030000000000000000000000000000000000040
:108040000000000000000000000000000000000030
:108050000000000000000000000000000000000020
:108060000000000000000000000000000000000010
:108070000000000000000000000000000000000000
:1080800000000000000000000000000000000000F0
:1080900000000000000000000000000000000000E0
:1080A00000000000000000000000000000000000D0
:1080B00000000000000000000000000000000000C0
:1080C00000000000000000000000000000000000B0
:1080D00000000000000000000000000000000000A0
:1080E0000000000000000000000000000000000090
:1080F0000000000000000000000000000000000080
:10810000000000000000000000000000000000006F
:10811000000000000000000000000000000000005F
:10812000000000000000000000000000000000004F
:10813000000000000000000000000000000000003F
:10814000000000000000000000000000000000002F
:10815000000000000000000000000000000000001F
:10816000000000000000000000000000000000000F
:1081700000000000000000000000000000000000FF
:1081800000000000000000000000000000000000EF
:1081900000000000000000000000000000000000DF
:1081A00000000000000000000000000000000000CF
:1081B00000000000000000000000000000000000BF
:1081C00000000000000000000000000000000000AF
:1081D000000000000000000000000000000000009F
:1081E000000000000000000000000000000000008F
:1081F000000000000000000000000000000000007F
:10820000000000000000000000000000000000006E
:10821000000000000000000000000000000000005E
:10822000000000000000000000000000000000004E
:10823000000000000000000000000000000000003E
:10824000000000000000000000000000000000002E
:10825000000000000000000000000000000000001E
:10826000000000000000000000000000000000000E
:1082700000000000000000000000000000000000FE
:1082800000000000000000000000000000000000EE
:1082900000000000000000000000000000000000DE
:1082A00000000000000000000000000000000000CE
:1082B00000000000000000000000000000000000BE
:1082C00000000000000000000000000000000000AE
:1082D000000000000000000000000000000000009E
:1082E000000000000000000000000000000000008E
:1082F000000000000000000000000000000000007E
:10830000000000000000000000000000000000006D
:10831000000000000000000000000000000000005D
:10832000000000000000000000000000000000004D
:10833000000000000000000000000000000000003D
:10834000000000000000000000000000000000002D
:10835000000000000000000000000000000000001D
:10836000000000000000000000000000000000000D
:1083700000000000000000000000000000000000FD
:1083800000000000000000000000000000000000ED
:1083900000000000000000000000000000000000DD
:1083A00000000000000000000000000000000000CD
:1083B00000000000000000000000000000000000BD
:1083C00000000000000000000000000000000000AD
:1083D000000000000000000000000000000000009D
:1083E000000000000000000000000000000000008D
:1083F000000000000000000000000000000000007D
:10840000000000000000000000000000000000006C
:10841000000000000000000000000000000000005C
:10842000000000000000000000000000000000004C
:10843000000000000000000000000000000000003C
:10844000000000000000000000000000000000002C
:10845000000000000000000000000000000000001C
:10846000000000000000000000000000000000000C
:1084700000000000000000000000000000000000FC
:1084800000000000000000000000000000000000EC
:1084900000000000000000000000000000000000DC
:1084A00000000000000000000000000000000000CC
:1084B00000000000000000000000000000000000BC
:1084C00000000000000000000000000000000000AC
:1084D000000000000000000000000000000000009C
:1084E000000000000000000000000000000000008C
:1084F000000000000000000000000000000000007C
:10850000000000000000000000000000000000006B
:10851000000000000000000000000000000000005B
:10852000000000000000000000000000000000004B
:10853000000000000000000000000000000000003B
:10854000000000000000000000000000000000002B
:10855000000000000000000000000000000000001B
:10856000000000000000000000000000000000000B
:1085700000000000000000000000000000000000FB
:1085800000000000000000000000000000000000EB
:1085900000000000000000000000000000000000DB
:1085A00000000000000000000000000000000000CB
:1085B00000000000000000000000000000000000BB
:1085C00000000000000000000000000000000000AB
:1085D000000000000000000000000000000000009B
:1085E000000000000000000000000000000000008B
:1085F000000000000000000000000000000000007B
:10860000000000000000000000000000000000006A
:10861000000000000000000000000000000000005A
:10862000000000000000000000000000000000004A
:10863000000000000000000000000000000000003A
:10864000000000000000000000000000000000002A
:10865000000000000000000000000000000000001A
:10866000000000000000000000000000000000000A
:1086700000000000000000000000000000000000FA
:1086800000000000000000000000000000000000EA
:1086900000000000000000000000000000000000DA
:1086A00000000000000000000000000000000000CA
:1086B00000000000000000000000000000000000BA
:1086C00000000000000000000000000000000000AA
:1086D000000000000000000000000000000000009A
:1086E000000000000000000000000000000000008A
:1086F000000000000000000000000000000000007A
:108700000000000000000000000000000000000069
:108710000000000000000000000000000000000059
:108720000000000000000000000000000000000049
:108730000000000000000000000000000000000039
:108740000000000000000000000000000000000029
:108750000000000000000000000000000000000019
:108760000000000000000000000000000000000009
:1087700000000000000000000000000000000000F9
:1087800000000000000000000000000000000000E9
:1087900000000000000000000000000000000000D9
:1087A00000000000000000000000000000000000C9
:1087B00000000000000000000000000000000000B9
:1087C00000000000000000000000000000000000A9
:1087D0000000000000000000000000000000000099
:1087E0000000000000000000000000000000000089
:1087F0000000000000000000000000000000000079
:108800000000000000000000000000000000000068
:108810000000000000000000000000000000000058
:108820000000000000000000000000000000000048
:108830000000000000000000000000000000000038
:108840000000000000000000000000000000000028
:108850000000000000000000000000000000000018
:108860000000000000000000000000000000000008
:1088700000000000000000000000000000000000F8
:1088800000000000000000000000000000000000E8
:1088900000000000000000000000000000000000D8
:1088A00000000000000000000000000000000000C8
:1088B00000000000000000000000000000000000B8
:1088C00000000000000000000000000000000000A8
:1088D0000000000000000000000000000000000098
:1088E0000000000000000000000000000000000088
:1088F0000000000000000000000000000000000078
:108900000000000000000000000000000000000067
:108910000000000000000000000000000000000057
:108920000000000000000000000000000000000047
:108930000000000000000000000000000000000037
:108940000000000000000000000000000000000027
:108950000000000000000000000000000000000017
:108960000000000000000000000000000000000007
:1089700000000000000000000000000000000000F7
:1089800000000000000000000000000000000000E7
:1089900000000000000000000000000000000000D7
:1089A00000000000000000000000000000000000C7
:1089B00000000000000000000000000000000000B7
:1089C00000000000000000000000000000000000A7
:1089D0000000000000000000000000000000000097
:1089E0000000000000000000000000000000000087
:1089F0000000000000000000000000000000000077
:108A00000000000000000000000000000000000066
:108A10000000000000000000000000000000000056
:108A20000000000000000000000000000000000046
:108A30000000000000000000000000000000000036
:108A40000000000000000000000000000000000026
:108A50000000000000000000000000000000000016
:108A60000000000000000000000000000000000006
:108A700000000000000000000000000000000000F6
:108A800000000000000000000000000000000000E6
:108A900000000000000000000000000000000000D6
:108AA00000000000000000000000000000000000C6
:108AB00000000000000000000000000000000000B6
:108AC00000000000000000000000000000000000A6
:108AD0000000000000000000000000000000000096
:108AE0000000000000000000000000000000000086
:108AF0000000000000000000000000000000000076
:108B00000000000000000000000000000000000065
:108B10000000000000000000000000000000000055
:108B20000000000000000000000000000000000045
:108B30000000000000000000000000000000000035
:108B40000000000000000000000000000000000025
:108B50000000000000000000000000000000000015
:108B60000000000000000000000000000000000005
:108B700000000000000000000000000000000000F5
:108B800000000000000000000000000000000000E5
:108B900000000000000000000000000000000000D5
:108BA00000000000000000000000000000000000C5
:108BB00000000000000000000000000000000000B5
:108BC00000000000000000000000000000000000A5
:108BD0000000000000000000000000000000000095
:108BE0000000000000000000000000000000000085
:108BF0000000000000000000000000000000000075
:108C00000000000000000000000000000000000064
:108C10000000000000000000000000000000000054
:108C20000000000000000000000000000000000044
:108C30000000000000000000000000000000000034
:108C40000000000000000000000000000000000024
:108C50000000000000000000000000000000000014
:108C60000000000000000000000000000000000004
:108C700000000000000000000000000000000000F4
:108C800000000000000000000000000000000000E4
:108C900000000000000000000000000000000000D4
:108CA00000000000000000000000000000000000C4
:108CB00000000000000000000000000000000000B4
:108CC00000000000000000000000000000000000A4
:108CD0000000000000000000000000000000000094
:108CE0000000000000000000000000000000000084
:108CF0000000000000000000000000000000000074
:108D00000000000000000000000000000000000063
:108D10000000000000000000000000000000000053
:108D20000000000000000000000000000000000043
:108D30000000000000000000000000000000000033
:108D40000000000000000000000000000000000023
:108D50000000000000000000000000000000000013
:108D60000000000000000000000000000000000003
:108D700000000000000000000000000000000000F3
:108D800000000000000000000000000000000000E3
:108D900000000000000000000000000000000000D3
:108DA00000000000000000000000000000000000C3
:108DB00000000000000000000000000000000000B3
:108DC00000000000000000000000000000000000A3
:108DD0000000000000000000000000000000000093
:108DE0000000000000000000000000000000000083
:108DF0000000000000000000000000000000000073
:108E00000000000000000000000000000000000062
:108E10000000000000000000000000000000000052
:108E20000000000000000000000000000000000042
:108E30000000000000000000000000000000000032
:108E40000000000000000000000000000000000022
:108E50000000000000000000000000000000000012
:108E60000000000000000000000000000000000002
:108E700000000000000000000000000000000000F2
:108E800000000000000000000000000000000000E2
:108E900000000000000000000000000000000000D2
:108EA00000000000000000000000000000000000C2
:108EB00000000000000000000000000000000000B2
:108EC00000000000000000000000000000000000A2
:108ED0000000000000000000000000000000000092
:108EE0000000000000000000000000000000000082
:108EF0000000000000000000000000000000000072
:108F00000000000000000000000000000000000061
:108F10000000000000000000000000000000000051
:108F20000000000000000000000000000000000041
:108F30000000000000000000000000000000000031
:108F40000000000000000000000000000000000021
:108F50000000000000000000000000000000000011
:108F60000000000000000000000000000000000001
:108F700000000000000000000000000000000000F1
:108F800000000000000000000000000000000000E1
:108F900000000000000000000000000000000000D1
:108FA00000000000000000000000000000000000C1
:108FB00000000000000000000000000000000000B1
:108FC00000000000000000000000000000000000A1
:108FD0000000000000000000000000000000000091
:108FE0000000000000000000000000000000000081
:108FF0000000000000000000000000000000000071
:109000000000000000000000000000000000000060
:109010000000000000000000000000000000000050
:109020000000000000000000000000000000000040
:109030000000000000000000000000000000000030
:109040000000000000000000000000000000000020
:109050000000000000000000000000000000000010
:109060000000000000000000000000000000000000
:1090700000000000000000000000000000000000F0
:1090800000000000000000000000000000000000E0
:1090900000000000000000000000000000000000D0
:1090A00000000000000000000000000000000000C0
:1090B00000000000000000000000000000000000B0
:1090C00000000000000000000000000000000000A0
:1090D0000000000000000000000000000000000090
:1090E0000000000000000000000000000000000080
:1090F0000000000000000000000000000000000070
:10910000000000000000000000000000000000005F
:10911000000000000000000000000000000000004F
:10912000000000000000000000000000000000003F
:10913000000000000000000000000000000000002F
:10914000000000000000000000000000000000001F
:10915000000000000000000000000000000000000F
:1091600000000000000000000000000000000000FF
:1091700000000000000000000000000000000000EF
:1091800000000000000000000000000000000000DF
:1091900000000000000000000000000000000000CF
:1091A00000000000000000000000000000000000BF
:1091B00000000000000000000000000000000000AF
:1091C000000000000000000000000000000000009F
:1091D000000000000000000000000000000000008F
:1091E000000000000000000000000000000000007F
:1091F000000000000000000000000000000000006F
:10920000000000000000000000000000000000005E
:10921000000000000000000000000000000000004E
:10922000000000000000000000000000000000003E
:10923000000000000000000000000000000000002E
:10924000000000000000000000000000000000001E
:10925000000000000000000000000000000000000E
:1092600000000000000000000000000000000000FE
:1092700000000000000000000000000000000000EE
:1092800000000000000000000000000000000000DE
:1092900000000000010200003294974858A8000026
:1092A00004000000FFFFFFFFFFFFFFFFFFFF0000C4
:1092B000FFFFFFFFFFFFFFFFFFFF0000FFFFFFFFBC
:1092C000FFFFFFFFFFFF0000FFFFFFFFFFFFFFFFAC
:1092D000FFFF0000FFFFFFFFFFFFFFFFFFFF00009A
:1092E000FFFFFFFFFFFFFFFFFFFF0000FFFFFFFF8C
:1092F000FFFFFFFFFFFF0000FFFFFFFFFFFFFFFF7C
:10930000FFFF0000010200003294174858A8000037
:1093100085000000FFFFFFFFFFFFFFFFFFFF0000D2
:10932000FFFFFFFFFFFFFFFFFFFF0000FFFFFFFF4B
:10933000FFFFFFFFFFFF0000FFFFFFFFFFFFFFFF3B
:10934000FFFF0000FFFFFFFFFFFFFFFFFFFF000029
:10935000FFFFFFFFFFFFFFFFFFFF0000FFFFFFFF1B
:10936000FFFFFFFFFFFF0000FFFFFFFFFFFFFFFF0B
:10937000FFFF0000010200001294174888880000D7
:109380000300FF00FFFFFFFFFFFFFFFFFFFF0000E5
:10939000FFFFFFFFFFFFFFFFFFFF0000FFFFFFFFDB
:1093A000FFFFFFFFFFFF0000FFFFFFFFFFFFFFFFCB
:1093B000FFFF0000FFFFFFFFFFFFFFFFFFFF0000B9
:1093C000FFFFFFFFFFFFFFFFFFFF0000FFFFFFFFAB
:1093D000FFFFFFFFFFFF0000FFFFFFFFFFFFFFFF9B
:1093E000FFFF000001020000329417488888000047
:1093F0000400FF00FFFFFFFFFFFFFFFFFFFF000074
:10940000FFFFFFFFFFFFFFFFFFFF0000FFFFFFFF6A
:10941000FFFFFFFFFFFF0000FFFFFFFFFFFFFFFF5A
:10942000FFFF0000FFFFFFFFFFFFFFFFFFFF000048
:10943000FFFFFFFFFFFFFFFFFFFF0000FFFFFFFF3A
:10944000FFFFFFFFFFFF0000FFFFFFFFFFFFFFFF2A
:10945000FFFF0000010200003294174858A80000E6
:1094600004000000FFFFFFFFFFFFFFFFFFFF000002
:10947000FFFFFFFFFFFFFFFFFFFF0000FFFFFFFFFA
:10948000FFFFFFFFFFFF0000FFFFFFFFFFFFFFFFEA
:10949000FFFF0000FFFFFFFFFFFFFFFFFFFF0000D8
:1094A000FFFFFFFFFFFFFFFFFFFF0000FFFFFFFFCA
:1094B000FFFFFFFFFFFF0000FFFFFFFFFFFFFFFFBA
:1094C000FFFF0000010200003294974858A80000F6
:1094D00004000000FFFFFFFFFFFFFFFFFFFF000092
:1094E000FFFFFFFFFFFFFFFFFFFF0000FFFFFFFF8A
:1094F000FFFFFFFFFFFF0000FFFFFFFFFFFFFFFF7A
:10950000FFFF0000FFFFFFFFFFFFFFFFFFFF000067
:10951000FFFFFFFFFFFFFFFFFFFF0000FFFFFFFF59
:10952000FFFFFFFFFFFF0000FFFFFFFFFFFFFFFF49
:10953000FFFF0000010200003294974858A8000085
:1095400004000000FFFFFFFFFFFFFFFFFFFF000021
:10955000FFFFFFFFFFFFFFFFFFFF0000FFFFFFFF19
:10956000FFFFFFFFFFFF0000FFFFFFFFFFFFFFFF09
:10957000FFFF0000FFFFFFFFFFFFFFFFFFFF0000F7
:10958000FFFFFFFFFFFFFFFFFFFF0000FFFFFFFFE9
:10959000FFFFFFFFFFFF0000FFFFFFFFFFFFFFFFD9
:1095A000FFFF0000010200003294974858A8000015
:1095B00004000000FFFFFFFFFFFFFFFFFFFF0000B1
:1095C000FFFFFFFFFFFFFFFFFFFF0000FFFFFFFFA9
:1095D000FFFFFFFFFFFF0000FFFFFFFFFFFFFFFF99
:1095E000FFFF0000FFFFFFFFFFFFFFFFFFFF000087
:1095F000FFFFFFFFFFFFFFFFFFFF0000FFFFFFFF79
:10960000FFFFFFFFFFFF0000FFFFFFFFFFFFFFFF68
:10961000FFFF0000010200003294974858A80000A4
:1096200004000000FFFFFFFFFFFFFFFFFFFF000040
:10963000FFFFFFFFFFFFFFFFFFFF0000FFFFFFFF38
:10964000FFFFFFFFFFFF0000FFFFFFFFFFFFFFFF28
:10965000FFFF0000FFFFFFFFFFFFFFFFFFFF000016
:10966000FFFFFFFFFFFFFFFFFFFF0000FFFFFFFF08
:10967000FFFFFFFFFFFF0000FFFFFFFFFFFFFFFFF8
:10968000FFFF0000010200003294174888880000A4
:109690000400FF00FFFFFFFFFFFFFFFFFFFF0000D1
:1096A000FFFFFFFFFFFFFFFFFFFF0000FFFFFFFFC8
:1096B000FFFFFFFFFFFF0000FFFFFFFFFFFFFFFFB8
:1096C000FFFF0000FFFFFFFFFFFFFFFFFFFF0000A6
:1096D000FFFFFFFFFFFFFFFFFFFF0000FFFFFFFF98
:1096E000FFFFFFFFFFFF0000FFFFFFFFFFFFFFFF88
:1096F000FFFF00000000000000000000000000006C
:109700000000000000000000000000000000000059
:109710000000000000000000000000000000000049
:109720000000000000000000000000000000000039
:109730000000000000000000000000000000000029
:109740000000000000000000000000000000000019
:109750000000000000000000000000000000000009
:1097600000000000000000000000000000000000F9
:1097700000000000000000000000000000000000E9
:1097800000000000000000000000000000000000D9
:1097900000000000000000000000000000000000C9
:1097A00000000000000000000000000000000000B9
:1097B00000000000000000000000000000000000A9
:1097C0000000000000000000000000000000000099
:1097D0000000000000000000000000000000000089
:1097E0000000000000000000000000000000000079
:1097F0000000000000000000000000000000000069
:109800000000000000000000000000000000000058
:109810000000000000000000000000000000000048
:109820000000000000000000000000000000000038
:109830000000000000000000000000000000000028
:109840000000000000000000000000000000000018
:109850000000000000000000000000000000000008
:1098600000000000000000000000000000000000F8
:1098700000000000000000000000000000000000E8
:1098800000000000000000000000000000000000D8
:1098900000000000000000000000000000000000C8
:1098A00000000000000000000000000000000000B8
:1098B00000000000000000000000000000000000A8
:1098C0000000000000000000000000000000000098
:1098D0000000000000000000000000000000000088
:1098E0000000000000000000000000000000000078
:1098F0000000000000000000000000000000000068
:109900000000000000000000000000000000000057
:109910000000000000000000000000000000000047
:109920000000000000000000000000000000000037
:109930000000000000000000000000000000000027
:109940000000000000000000000000000000000017
:109950000000000000000000000000000000000007
:1099600000000000000000000000000000000000F7
:1099700000000000000000000000000000000000E7
:1099800000000000000000000000000000000000D7
:1099900000000000000000000000000000000000C7
:1099A00000000000000000000000000000000000B7
:1099B00000000000000000000000000000000000A7
:1099C0000000000000000000000000000000000097
:1099D0000000000000000000000000000000000087
:1099E0000000000000000000000000000000000077
:1099F0000000000000000000000000000000000067
:109A00000000000000000000000000000000000056
:109A10000000000000000000000000000000000046
:109A20000000000000000000000000000000000036
:109A30000000000000000000000000000000000026
:109A40000000000000000000000000000000000016
:109A50000000000000000000000000000000000006
:109A600000000000000000000000000000000000F6
:109A700000000000000000000000000000000000E6
:109A800000000000000000000000000000000000D6
:109A900000000000000000000000000000000000C6
:109AA00000000000000000000000000000000000B6
:109AB00000000000000000000000000000000000A6
:109AC0000000000000000000000000000000000096
:109AD0000000000000000000000000000000000086
:109AE0000000000000000000000000000000000076
:109AF0000000000000000000000000000000000066
:109B00000000000000000000000000000000000055
:109B10000000000000000000000000000000000045
:109B20000000000000000000000000000000000035
:109B30000000000000000000000000000000000025
:109B40000000000000000000000000000000000015
:109B50000000000000000000000000000000000005
:109B600000000000000000000000000000000000F5
:109B700000000000000000000000000000000000E5
:109B800000000000000000000000000000000000D5
:109B900000000000000000000000000000000000C5
:109BA00000000000000000000000000000000000B5
:109BB00000000000000000000000000000000000A5
:109BC0000000000000000000000000000000000095
:109BD0000000000000000000000000000000000085
:109BE0000000000000000000000000000000000075
:109BF0000000000000000000000000000000000065
:109C00000000000000000000000000000000000054
:109C10000000000000000000000000000000000044
:109C20000000000000000000000000000000000034
:109C30000000000000000000000000000000000024
:109C40000000000000000000000000000000000014
:109C50000000000000000000000000000000000004
:109C600000000000000000000000000000000000F4
:109C700000000000000000000000000000000000E4
:109C800000000000000000000000000000000000D4
:109C900000000000000000000000000000000000C4
:109CA00000000000000000000000000000000000B4
:109CB00000000000000000000000000000000000A4
:109CC0000000000000000000000000000000000094
:109CD0000000000000000000000000000000000084
:109CE0000000000000000000000000000000000074
:109CF0000000000000000000000000000000000064
:109D00000000000000000000000000000000000053
:109D10000000000000000000000000000000000043
:109D20000000000000000000000000000000000033
:109D30000000000000000000000000000000000023
:109D40000000000000000000000000000000000013
:109D50000000000000000000000000000000000003
:109D600000000000000000000000000000000000F3
:109D700000000000000000000000000000000000E3
:109D800000000000000000000000000000000000D3
:109D900000000000000000000000000000000000C3
:109DA00000000000000000000000000000000000B3
:109DB00000000000000000000000000000000000A3
:109DC0000000000000000000000000000000000093
:109DD0000000000000000000000000000000000083
:109DE0000000000000000000000000000000000073
:109DF0000000000000000000000000000000000063
:109E00000000000000000000000000000000000052
:109E10000000000000000000000000000000000042
:109E20000000000000000000000000000000000032
:109E30000000000000000000000000000000000022
:109E40000000000000000000000000000000000012
:109E50000000000000000000000000000000000002
:109E600000000000000000000000000000000000F2
:109E700000000000000000000000000000000000E2
:109E800000000000000000000000000000000000D2
:109E900000000000000000000000000000000000C2
:109EA00000000000000000000000000000000000B2
:109EB00000000000000000000000000000000000A2
:109EC0000000000000000000000000000000000092
:109ED0000000000000000000000000000000000082
:109EE0000000000000000000000000000000000072
:109EF0000000000000000000000000000000000062
:109F00000000000000000000000000000000000051
:109F10000000000000000000000000000000000041
:109F20000000000000000000000000000000000031
:109F30000000000000000000000000000000000021
:109F40000000000000000000000000000000000011
:109F50000000000000000000000000000000000001
:109F600000000000000000000000000000000000F1
:109F700000000000000000000000000000000000E1
:109F800000000000000000000000000000000000D1
:109F900000000000000000000000000000000000C1
:109FA00000000000000000000000000000000000B1
:109FB00000000000000000000000000000000000A1
:109FC0000000000000000000000000000000000091
:109FD0000000000000000000000000000000000081
:109FE0000000000000000000000000000000000071
:109FF0000000000000000000000000000000000061
:10A000000000000000000000000000000000000050
:10A010000000000000000000000000000000000040
:10A020000000000000000000000000000000000030
:10A030000000000000000000000000000000000020
:10A040000000000000000000000000000000000010
:10A050000000000000000000000000000000000000
:10A0600000000000000000000000000000000000F0
:10A0700000000000000000000000000000000000E0
:10A0800000000000000000000000000000000000D0
:10A0900000000000000000000000000000000000C0
:10A0A00000000000000000000000000000000000B0
:10A0B00000000000000000000000000000000000A0
:10A0C0000000000000000000000000000000000090
:10A0D0000000000000000000000000000000000080
:10A0E0000000000000000000000000000000000070
:10A0F0000000000000000000000000000000000060
:10A10000000000000000000000000000000000004F
:10A11000000000000000000000000000000000003F
:10A12000000000000000000000000000000000002F
:10A13000000000000000000000000000000000001F
:10A14000000000000000000000000000000000000F
:10A1500000000000000000000000000000000000FF
:10A1600000000000000000000000000000000000EF
:10A1700000000000000000000000000000000000DF
:10A1800000000000000000000000000000000000CF
:10A1900000000000000000000000000000000000BF
:10A1A00000000000000000000000000000000000AF
:10A1B000000000000000000000000000000000009F
:10A1C000000000000000000000000000000000008F
:10A1D000000000000000000000000000000000007F
:10A1E000000000000000000000000000000000006F
:10A1F000000000000000000000000000000000005F
:10A20000000000000000000000000000000000004E
:10A21000000000000000000000000000000000003E
:10A22000000000000000000000000000000000002E
:10A23000000000000000000000000000000000001E
:10A24000000000000000000000000000000000000E
:10A2500000000000000000000000000000000000FE
:10A2600000000000000000000000000000000000EE
:10A2700000000000000000000000000000000000DE
:10A2800000000000000000000000000000000000CE
:10A2900000000000000000000000000000000000BE
:10A2A00000000000000000000000000000000000AE
:10A2B000000000000000000000000000000000009E
:10A2C000000000000000000000000000000000008E
:10A2D000000000000000000000000000000000007E
:10A2E000000000000000000000000000000000006E
:10A2F000000000000000000000000000000000005E
:10A30000000000000000000000000000000000004D
:10A31000000000000000000000000000000000003D
:10A32000000000000000000000000000000000002D
:10A33000000000000000000000000000000000001D
:10A34000000000000000000000000000000000000D
:10A3500000000000000000000000000000000000FD
:10A3600000000000000000000000000000000000ED
:10A3700000000000000000000000000000000000DD
:10A3800000000000000000000000000000000000CD
:10A3900000000000000000000000000000000000BD
:10A3A00000000000000000000000000000000000AD
:10A3B000000000000000000000000000000000009D
:10A3C000000000000000000000000000000000008D
:10A3D000000000000000000000000000000000007D
:10A3E000000000000000000000000000000000006D
:10A3F000000000000000000000000000000000005D
:10A40000000000000000000000000000000000004C
:10A41000000000000000000000000000000000003C
:10A42000000000000000000000000000000000002C
:10A43000000000000000000000000000000000001C
:10A44000000000000000000000000000000000000C
:10A4500000000000000000000000000000000000FC
:10A4600000000000000000000000000000000000EC
:10A4700000000000000000000000000000000000DC
:10A4800000000000000000000000000000000000CC
:10A4900000000000000000000000000000000000BC
:10A4A00000000000000000000000000000000000AC
:10A4B000000000000000000000000000000000009C
:10A4C000000000000000000000000000000000008C
:10A4D000000000000000000000000000000000007C
:10A4E000000000000000000000000000000000006C
:10A4F000000000000000000000000000000000005C
:10A50000000000000000000000000000000000004B
:10A51000000000000000000000000000000000003B
:10A52000000000000000000000000000000000002B
:10A53000000000000000000000000000000000001B
:10A54000000000000000000000000000000000000B
:10A5500000000000000000000000000000000000FB
:10A5600000000000000000000000000000000000EB
:10A5700000000000000000000000000000000000DB
:10A5800000000000000000000000000000000000CB
:10A5900000000000000000000000000000000000BB
:10A5A00000000000000000000000000000000000AB
:10A5B000000000000000000000000000000000009B
:10A5C000000000000000000000000000000000008B
:10A5D000000000000000000000000000000000007B
:10A5E000000000000000000000000000000000006B
:10A5F000000000000000000000000000000000005B
:10A60000000000000000000000000000000000004A
:10A61000000000000000000000000000000000003A
:10A62000000000000000000000000000000000002A
:10A63000000000000000000000000000000000001A
:10A64000000000000000000000000000000000000A
:10A6500000000000000000000000000000000000FA
:10A6600000000000000000000000000000000000EA
:10A6700000000000000000000000000000000000DA
:10A6800000000000000000000000000000000000CA
:10A6900000000000000000000000000000000000BA
:10A6A00000000000000000000000000000000000AA
:10A6B000000000000000000000000000000000009A
:10A6C000000000000000000000000000000000008A
:10A6D000000000000000000000000000000000007A
:10A6E000000000000000000000000000000000006A
:10A6F000000000000000000000000000000000005A
:10A700000000000000000000000000000000000049
:10A710000000000000000000000000000000000039
:10A720000000000000000000000000000000000029
:10A730000000000000000000000000000000000019
:10A740000000000000000000000000000000000009
:10A7500000000000000000000000000000000000F9
:10A7600000000000000000000000000000000000E9
:10A7700000000000000000000000000000000000D9
:10A7800000000000000000000000000000000000C9
:10A7900000000000000000000000000000000000B9
:10A7A00000000000000000000000000000000000A9
:10A7B0000000000000000000000000000000000099
:10A7C0000000000000000000000000000000000089
:10A7D0000000000000000000000000000000000079
:10A7E0000000000000000000000000000000000069
:10A7F0000000000000000000000000000000000059
:10A800000000000000000000000000000000000048
:10A810000000000000000000000000000000000038
:10A820000000000000000000000000000000000028
:10A830000000000000000000000000000000000018
:10A840000000000000000000000000000000000008
:10A8500000000000000000000000000000000000F8
:10A8600000000000000000000000000000000000E8
:10A8700000000000000000000000000000000000D8
:10A8800000000000000000000000000000000000C8
:10A8900000000000000000000000000000000000B8
:10A8A00000000000000000000000000000000000A8
:10A8B0000000000000000000000000000000000098
:10A8C0000000000000000000000000000000000088
:10A8D0000000000000000000000000000000000078
:10A8E0000000000000000000000000000000000068
:10A8F0000000000000000000000000000000000058
:10A900000000000000000000000000000000000047
:10A910000000000000000000000000000000000037
:10A920000000000000000000000000000000000027
:10A930000000000000000000000000000000000017
:10A940000000000000000000000000000000000007
:10A9500000000000000000000000000000000000F7
:10A9600000000000000000000000000000000000E7
:10A9700000000000000000000000000000000000D7
:10A9800000000000000000000000000000000000C7
:10A9900000000000000000000000000000000000B7
:10A9A00000000000000000000000000000000000A7
:10A9B0000000000000000000000000000000000097
:10A9C0000000000000000000000000000000000087
:10A9D0000000000000000000000000000000000077
:10A9E0000000000000000000000000000000000067
:10A9F0000000000000000000000000000000000057
:10AA00000000000000000000000000000000000046
:10AA10000000000000000000000000000000000036
:10AA20000000000000000000000000000000000026
:10AA30000000000000000000000000000000000016
:10AA40000000000000000000000000000000000006
:10AA500000000000000000000000000000000000F6
:10AA600000000000000000000000000000000000E6
:10AA700000000000000000000000000000000000D6
:10AA800000000000000000000000000000000000C6
:10AA900000000000000000000000000000000000B6
:10AAA00000000000000000000000000000000000A6
:10AAB0000000000000000000000000000000000096
:10AAC0000000000000000000000000000000000086
:10AAD0000000000000000000000000000000000076
:10AAE0000000000000000000000000000000000066
:10AAF0000000000000000000000000000000000056
:10AB00000000000000000000000000000000000045
:10AB10000000000000000000000000000000000035
:10AB20000000000000000000000000000000000025
:10AB30000000000000000000000000000000000015
:10AB40000000000000000000000000000000000005
:10AB500000000000000000000000000000000000F5
:10AB600000000000000000000000000000000000E5
:10AB700000000000000000000000000000000000D5
:10AB800000000000000000000000000000000000C5
:10AB900000000000000000000000000000000000B5
:10ABA00000000000000000000000000000000000A5
:10ABB0000000000000000000000000000000000095
:10ABC0000000000000000000000000000000000085
:10ABD0000000000000000000000000000000000075
:10ABE0000000000000000000000000000000000065
:10ABF0000000000000000000000000000000000055
:10AC00000000000000000000000000000000000044
:10AC10000000000000000000000000000000000034
:10AC20000000000000000000000000000000000024
:10AC30000000000000000000000000000000000014
:10AC40000000000000000000000000000000000004
:10AC500000000000000000000000000000000000F4
:10AC600000000000000000000000000000000000E4
:10AC700000000000000000000000000000000000D4
:10AC800000000000000000000000000000000000C4
:10AC900000000000000000000000000000000000B4
:10ACA00000000000000000000000000000000000A4
:10ACB0000000000000000000000000000000000094
:10ACC0000000000000000000000000000000000084
:10ACD0000000000000000000000000000000000074
:10ACE0000000000000000000000000000000000064
:10ACF0000000000000000000000000000000000054
:10AD00000000000000000000000000000000000043
:10AD10000000000000000000000000000000000033
:10AD20000000000000000000000000000000000023
:10AD30000000000000000000000000000000000013
:10AD40000000000000000000000000000000000003
:10AD500000000000000000000000000000000000F3
:10AD600000000000000000000000000000000000E3
:10AD700000000000000000000000000000000000D3
:10AD800000000000000000000000000000000000C3
:10AD900000000000000000000000000000000000B3
:10ADA00000000000000000000000000000000000A3
:10ADB0000000000000000000000000000000000093
:10ADC0000000000000000000000000000000000083
:10ADD0000000000000000000000000000000000073
:10ADE0000000000000000000000000000000000063
:10ADF0000000000000000000000000000000000053
:10AE00000000000000000000000000000000000042
:10AE10000000000000000000000000000000000032
:10AE20000000000000000000000000000000000022
:10AE30000000000000000000000000000000000012
:10AE40000000000000000000000000000000000002
:10AE500000000000000000000000000000000000F2
:10AE600000000000000000000000000000000000E2
:10AE700000000000000000000000000000000000D2
:10AE800000000000000000000000000000000000C2
:10AE900000000000000000000000000000000000B2
:10AEA00000000000000000000000000000000000A2
:10AEB0000000000000000000000000000000000092
:10AEC0000000000000000000000000000000000082
:10AED0000000000000000000000000000000000072
:10AEE0000000000000000000000000000000000062
:10AEF0000000000000000000000000000000000052
:10AF00000000000000000000000000000000000041
:10AF10000000000000000000000000000000000031
:10AF20000000000000000000000000000000000021
:10AF30000000000000000000000000000000000011
:10AF40000000000000000000000000000000000001
:10AF500000000000000000000000000000000000F1
:10AF600000000000000000000000000000000000E1
:10AF700000000000000000000000000000000000D1
:10AF800000000000000000000000000000000000C1
:10AF900000000000000000000000000000000000B1
:10AFA00000000000000000000000000000000000A1
:10AFB0000000000000000000000000000000000091
:10AFC0000000000000000000000000000000000081
:10AFD0000000000000000000000000000000000071
:10AFE0000000000000000000000000000000000061
:10AFF0000000000000000000000000000000000051
:10B000000000000000000000000000000000000040
:10B010000000000000000000000000000000000030
:10B020000000000000000000000000000000000020
:10B030000000000000000000000000000000000010
:10B040000000000000000000000000000000000000
:10B0500000000000000000000000000000000000F0
:10B0600000000000000000000000000000000000E0
:10B0700000000000000000000000000000000000D0
:10B0800000000000000000000000000000000000C0
:10B0900000000000000000000000000000000000B0
:10B0A00000000000000000000000000000000000A0
:10B0B0000000000000000000000000000000000090
:10B0C0000000000000000000000000000000000080
:10B0D0000000000000000000000000000000000070
:10B0E0000000000000000000000000000000000060
:10B0F0000000000000000000000000000000000050
:10B10000000000000000000000000000000000003F
:10B11000000000000000000000000000000000002F
:10B12000000000000000000000000000000000001F
:10B13000000000000000000000000000000000000F
:10B1400000000000000000000000000000000000FF
:10B1500000000000000000000000000000000000EF
:10B1600000000000000000000000000000000000DF
:10B1700000000000000000000000000000000000CF
:10B1800000000000000000000000000000000000BF
:10B1900000000000000000000000000000000000AF
:10B1A000000000000000000000000000000000009F
:10B1B000000000000000000000000000000000008F
:10B1C000000000000000000000000000000000007F
:10B1D000000000000000000000000000000000006F
:10B1E000000000000000000000000000000000005F
:10B1F000000000000000000000000000000000004F
:10B20000000000000000000000000000000000003E
:10B21000000000000000000000000000000000002E
:10B22000000000000000000000000000000000001E
:10B23000000000000000000000000000000000000E
:10B2400000000000000000000000000000000000FE
:10B2500000000000000000000000000000000000EE
:10B2600000000000000000000000000000000000DE
:10B2700000000000000000000000000000000000CE
:10B2800000000000000000000000000000000000BE
:10B2900000000000000000000000000000000000AE
:10B2A000000000000000000000000000000000009E
:10B2B000000000000000000000000000000000008E
:10B2C000000000000000000000000000000000007E
:10B2D000000000000000000000000000000000006E
:10B2E000000000000000000000000000000000005E
:10B2F000000000000000000000000000000000004E
:10B30000000000000000000000000000000000003D
:10B31000000000000000000000000000000000002D
:10B320000000000003142400031E38001111000067
:10B330001313333377770000787888880000000093
:10B34000FF000000000000000000000000000000FE
:10B3500000000000000000000000000000000000ED
:10B3600000000000000000000000000000000000DD
:10B3700000000000000000000000000000000000CD
:10B3800000000000000000000000000000000000BD
:10B3900000000000000000000000000000000000AD
:10B3A000000000000000000000000000000000009D
:10B3B000000000000000000000000000000000008D
:10B3C000000000000000000000000000000000007D
:10B3D000000000000000000000000000000000006D
:10B3E000000000000000000000000000000000005D
:10B3F000000000000000000000000000000000004D
:10B40000000000000000000000000000000000003C
:10B41000000000000000000000000000000000002C
:10B42000000000000000000000000000000000001C
:10B43000000000000000000000000000000000000C
:10B4400000000000000000000000000000000000FC
:10B4500000000000000000000000000000000000EC
:10B4600000000000000000000000000000000000DC
:10B4700000000000000000000000000000000000CC
:10B4800000000000000000000000000000000000BC
:10B4900000000000000000000000000000000000AC
:10B4A000000000000000000000000000000000009C
:10B4B000000000000000000000000000000000008C
:10B4C000000000000000000000000000000000007C
:10B4D000000000000000000000000000000000006C
:10B4E000000000000000000000000000000000005C
:10B4F000000000000000000000000000000000004C
:10B50000000000000000000000000000000000003B
:10B51000000000000000000000000000000000002B
:10B52000000000000000000000000000000000001B
:10B53000000000000000000000000000000000000B
:10B5400000000000000000000000000000000000FB
:10B5500000000000000000000000000000000000EB
:10B5600000000000000000000000000000000000DB
:10B5700000000000000000000000000000000000CB
:10B5800000000000000000000000000000000000BB
:10B5900000000000000000000000000000000000AB
:10B5A000000000000000000000000000000000009B
:10B5B000000000000000000000000000000000008B
:10B5C000000000000000000000000000000000007B
:10B5D000000000000000000000000000000000006B
:10B5E000000000000000000000000000000000005B
:10B5F000000000000000000000000000000000004B
:10B60000000000000000000000000000000000003A
:10B61000000000000000000000000000000000002A
:10B62000000000000000000000000000000000001A
:10B63000000000000000000000000000000000000A
:10B6400000000000000000000000000000000000FA
:10B6500000000000000000000000000000000000EA
:10B6600000000000000000000000000000000000DA
:10B6700000000000000000000000000000000000CA
:10B6800000000000000000000000000000000000BA
:10B6900000000000000000000000000000000000AA
:10B6A000000000000000000000000000000000009A
:10B6B000000000000000000000000000000000008A
:10B6C000000000000000000000000000000000007A
:10B6D000000000000000000000000000000000006A
:10B6E000000000000000000000000000000000005A
:10B6F000000000000000000000000000000000004A
:10B700000000000000000000000000000000000039
:10B710000000000000000000000000000000000029
:10B720000000000000000000000000000000000019
:10B730000000000000000000000000000000000009
:10B7400000000000000000000000000000000000F9
:10B7500000000000000000000000000000000000E9
:10B7600000000000000000000000000000000000D9
:10B7700000000000000000000000000000000000C9
:10B7800000000000000000000000000000000000B9
:10B7900000000000000000000000000000000000A9
:10B7A0000000000000000000000000000000000099
:10B7B0000000000000000000000000000000000089
:10B7C0000000000000000000000000000000000079
:10B7D0000000000000000000000000000000000069
:10B7E0000000000000000000000000000000000059
:10B7F0000000000000000000000000000000000049
:10B800000000000000000000000000000000000038
:10B810000000000000000000000000000000000028
:10B820000000000000000000000000000000000018
:10B830000000000000000000000000000000000008
:10B8400000000000000000000000000000000000F8
:10B8500000000000000000000000000000000000E8
:10B8600000000000000000000000000000000000D8
:10B8700000000000000000000000000000000000C8
:10B8800000000000000000000000000000000000B8
:10B8900000000000000000000000000000000000A8
:10B8A0000000000000000000000000000000000098
:10B8B0000000000000000000000000000000000088
:10B8C0000000000000000000000000000000000078
:10B8D0000000000000000000000000000000000068
:10B8E0000000000000000000000000000000000058
:10B8F0000000000000000000000000000000000048
:10B900000000000000000000000000000000000037
:10B910000000000000000000000000000000000027
:10B920000000000000000000000000000000000017
:10B930000000000000000000000000000000000007
:10B9400000000000000000000000000000000000F7
:10B9500000000000000000000000000000000000E7
:10B9600000000000000000000000000000000000D7
:10B9700000000000000000000000000000000000C7
:10B9800000000000000000000000000000000000B7
:10B9900000000000000000000000000000000000A7
:10B9A0000000000000000000000000000000000097
:10B9B0000000000000000000000000000000000087
:10B9C0000000000000000000000000000000000077
:10B9D0000000000000000000000000000000000067
:10B9E0000000000000000000000000000000000057
:10B9F0000000000000000000000000000000000047
:10BA00000000000000000000000000000000000036
:10BA10000000000000000000000000000000000026
:10BA20000000000000000000000000000000000016
:10BA30000000000000000000000000000000000006
:10BA400000000000000000000000000000000000F6
:10BA500000000000000000000000000000000000E6
:10BA600000000000000000000000000000000000D6
:10BA700000000000000000000000000000000000C6
:10BA800000000000000000000000000000000000B6
:10BA900000000000000000000000000000000000A6
:10BAA0000000000000000000000000000000000096
:10BAB0000000000000000000000000000000000086
:10BAC0000000000000000000000000000000000076
:10BAD0000000000000000000000000000000000066
:10BAE0000000000000000000000000000000000056
:10BAF0000000000000000000000000000000000046
:10BB00000000000000000000000000000000000035
:10BB10000000000000000000000000000000000025
:10BB20000000000000000000000000000000000015
:10BB30000000000000000000000000000000000005
:10BB400000000000000000000000000000000000F5
:10BB500000000000000000000000000000000000E5
:10BB600000000000000000000000000000000000D5
:10BB700000000000000000000000000000000000C5
:10BB800000000000000000000000000000000000B5
:10BB900000000000000000000000000000000000A5
:10BBA0000000000000000000000000000000000095
:10BBB0000000000000000000000000000000000085
:10BBC0000000000000000000000000000000000075
:10BBD0000000000000000000000000000000000065
:10BBE0000000000000000000000000000000000055
:10BBF0000000000000000000000000000000000045
:10BC00000000000000000000000000000000000034
:10BC10000000000000000000000000000000000024
:10BC20000000000000000000000000000000000014
:10BC30000000000000000000000000000000000004
:10BC400000000000000000000000000000000000F4
:10BC500000000000000000000000000000000000E4
:10BC600000000000000000000000000000000000D4
:10BC700000000000000000000000000000000000C4
:10BC800000000000000000000000000000000000B4
:10BC900000000000000000000000000000000000A4
:10BCA0000000000000000000000000000000000094
:10BCB0000000000000000000000000000000000084
:10BCC0000000000000000000000000000000000074
:10BCD0000000000000000000000000000000000064
:10BCE0000000000000000000000000000000000054
:10BCF0000000000000000000000000000000000044
:10BD00000000000000000000000000000000000033
:10BD10000000000000000000000000000000000023
:10BD20000000000000000000000000000000000013
:10BD30000000000000000000000000000000000003
:10BD400000000000000000000000000000000000F3
:10BD500000000000000000000000000000000000E3
:10BD600000000000000000000000000000000000D3
:10BD700000000000000000000000000000000000C3
:10BD800000000000000000000000000000000000B3
:10BD900000000000000000000000000000000000A3
:10BDA0000000000000000000000000000000000093
:10BDB0000000000000000000000000000000000083
:10BDC0000000000000000000000000000000000073
:10BDD0000000000000000000000000000000000063
:10BDE0000000000000000000000000000000000053
:10BDF0000000000000000000000000000000000043
:10BE00000000000000000000000000000000000032
:10BE10000000000000000000000000000000000022
:10BE20000000000000000000000000000000000012
:10BE30000000000000000000000000000000000002
:10BE400000000000000000000000000000000000F2
:10BE500000000000000000000000000000000000E2
:10BE600000000000000000000000000000000000D2
:10BE700000000000000000000000000000000000C2
:10BE800000000000000000000000000000000000B2
:10BE900000000000000000000000000000000000A2
:10BEA0000000000000000000000000000000000092
:10BEB0000000000000000000000000000000000082
:10BEC0000000000000000000000000000000000072
:10BED0000000000000000000000000000000000062
:10BEE0000000000000000000000000000000000052
:10BEF0000000000000000000000000000000000042
:10BF00000000000000000000000000000000000031
:10BF10000000000000000000000000000000000021
:10BF20000000000000000000000000000000000011
:10BF30000000000000000000000000000000000001
:10BF400000000000000000000000000000000000F1
:10BF500000000000000000000000000000000000E1
:10BF600000000000000000000000000000000000D1
:10BF700000000000000000000000000000000000C1
:10BF800000000000000000000000000000000000B1
:10BF900000000000000000000000000000000000A1
:10BFA0000000000000000000000000000000000091
:10BFB0000000000000000000000000000000000081
:10BFC0000000000000000000000000000000000071
:10BFD0000000000000000000000000000000000061
:10BFE0000000000000000000000000000000000051
:10BFF0000000000000000000000000000000000041
:10C000000000000000000000000000000000000030
:10C010000000000000000000000000000000000020
:10C020000000000000000000000000000000000010
:10C030000000000000000000000000000000000000
:10C0400000000000000000000000000000000000F0
:10C0500000000000000000000000000000000000E0
:10C0600000000000000000000000000000000000D0
:10C0700000000000000000000000000000000000C0
:10C0800000000000000000000000000000000000B0
:10C0900000000000000000000000000000000000A0
:10C0A0000000000000000000000000000000000090
:10C0B0000000000000000000000000000000000080
:10C0C0000000000000000000000000000000000070
:10C0D0000000000000000000000000000000000060
:10C0E0000000000000000000000000000000000050
:10C0F0000000000000000000000000000000000040
:10C10000000000000000000000000000000000002F
:10C11000000000000000000000000000000000001F
:10C12000000000000000000000000000000000000F
:10C1300000000000000000000000000000000000FF
:10C1400000000000000000000000000000000000EF
:10C1500000000000000000000000000000000000DF
:10C1600000000000000000000000000000000000CF
:10C1700000000000000000000000000000000000BF
:10C1800000000000000000000000000000000000AF
:10C19000000000000000000000000000000000009F
:10C1A000000000000000000000000000000000008F
:10C1B000000000000000000000000000000000007F
:10C1C000000000000000000000000000000000006F
:10C1D000000000000000000000000000000000005F
:10C1E000000000000000000000000000000000004F
:10C1F000000000000000000000000000000000003F
:10C20000000000000000000000000000000000002E
:10C21000000000000000000000000000000000001E
:10C22000000000000000000000000000000000000E
:10C2300000000000000000000000000000000000FE
:10C2400000000000000000000000000000000000EE
:10C2500000000000000000000000000000000000DE
:10C2600000000000000000000000000000000000CE
:10C2700000000000000000000000000000000000BE
:10C2800000000000000000000000000000000000AE
:10C29000000000000000000000000000000000009E
:10C2A000000000000000000000000000000000008E
:10C2B000000000000000000000000000000000007E
:10C2C000000000000000000000000000000000006E
:10C2D000000000000000000000000000000000005E
:10C2E000000000000000000000000000000000004E
:10C2F000000000000000000000000000000000003E
:10C30000000000000000000000000000000000002D
:10C31000000000000000000000000000000000001D
:10C32000000000000000000000000000000000000D
:10C3300000000000000000000000000000000000FD
:10C3400000000000000000000000000000000000ED
:10C3500000000000000000000000000000000000DD
:10C3600000000000000000000000000000000000CD
:10C3700000000000000000000000000000000000BD
:10C3800000000000000000000000000000000000AD
:10C39000000000000000000000000000000000009D
:10C3A000000000000000000000000000000000008D
:10C3B000000000000000000000000000000000007D
:10C3C000000000000000000000000000000000006D
:10C3D000000000000000000000000000000000005D
:10C3E000000000000000000000000000000000004D
:10C3F000000000000000000000000000000000003D
:10C40000000000000000000000000000000000002C
:10C41000000000000000000000000000000000001C
:10C42000000000000000000000000000000000000C
:10C4300000000000000000000000000000000000FC
:10C4400000000000000000000000000000000000EC
:10C4500000000000000000000000000000000000DC
:10C4600000000000000000000000000000000000CC
:10C4700000000000000000000000000000000000BC
:10C4800000000000000000000000000000000000AC
:10C49000000000000000000000000000000000009C
:10C4A000000000000000000000000000000000008C
:10C4B000000000000000000000000000000000007C
:10C4C000000000000000000000000000000000006C
:10C4D000000000000000000000000000000000005C
:10C4E000000000000000000000000000000000004C
:10C4F000000000000000000000000000000000003C
:10C50000000000000000000000000000000000002B
:10C51000000000000000000000000000000000001B
:10C52000000000000000000000000000000000000B
:10C5300000000000000000000000000000000000FB
:10C5400000000000000000000000000000000000EB
:10C5500000000000000000000000000000000000DB
:10C5600000000000000000000000000000000000CB
:10C5700000000000000000000000000000000000BB
:10C5800000000000000000000000000000000000AB
:10C59000000000000000000000000000000000009B
:10C5A000000000000000000000000000000000008B
:10C5B000000000000000000000000000000000007B
:10C5C000000000000000000000000000000000006B
:10C5D000000000000000000000000000000000005B
:10C5E000000000000000000000000000000000004B
:10C5F000000000000000000000000000000000003B
:10C60000000000000000000000000000000000002A
:10C61000000000000000000000000000000000001A
:10C62000000000000000000000000000000000000A
:10C6300000000000000000000000000000000000FA
:10C6400000000000000000000000000000000000EA
:10C6500000000000000000000000000000000000DA
:10C6600000000000000000000000000000000000CA
:10C6700000000000000000000000000000000000BA
:10C6800000000000000000000000000000000000AA
:10C69000000000000000000000000000000000009A
:10C6A000000000000000000000000000000000008A
:10C6B000000000000000000000000000000000007A
:10C6C000000000000000000000000000000000006A
:10C6D000000000000000000000000000000000005A
:10C6E000000000000000000000000000000000004A
:10C6F000000000000000000000000000000000003A
:10C700000000000000000000000000000000000029
:10C710000000000000000000000000000000000019
:10C720000000000000000000000000000000000009
:10C7300000000000000000000000000000000000F9
:10C7400000000000000000000000000000000000E9
:10C7500000000000000000000000000000000000D9
:10C7600000000000000000000000000000000000C9
:10C7700000000000000000000000000000000000B9
:10C7800000000000000000000000000000000000A9
:10C790000000000000000000000000000000000099
:10C7A0000000000000000000000000000000000089
:10C7B0000000000000000000000000000000000079
:10C7C0000000000000000000000000000000000069
:10C7D0000000000000000000000000000000000059
:10C7E0000000000000000000000000000000000049
:10C7F0000000000000000000000000000000000039
:10C800000000000000000000000000000000000028
:10C810000000000000000000000000000000000018
:10C820000000000000000000000000000000000008
:10C8300000000000000000000000000000000000F8
:10C8400000000000000000000000000000000000E8
:10C8500000000000000000000000000000000000D8
:10C8600000000000000000000000000000000000C8
:10C8700000000000000000000000000000000000B8
:10C8800000000000000000000000000000000000A8
:10C890000000000000000000000000000000000098
:10C8A0000000000000000000000000000000000088
:10C8B0000000000000000000000000000000000078
:10C8C0000000000000000000000000000000000068
:10C8D0000000000000000000000000000000000058
:10C8E0000000000000000000000000000000000048
:10C8F0000000000000000000000000000000000038
:10C900000000000000000000000000000000000027
:10C910000000000000000000000000000000000017
:10C920000000000000000000000000000000000007
:10C9300000000000000000000000000000000000F7
:10C9400000000000000000000000000000000000E7
:10C9500000000000000000000000000000000000D7
:10C9600000000000000000000000000000000000C7
:10C9700000000000000000000000000000000000B7
:10C9800000000000000000000000000000000000A7
:10C990000000000000000000000000000000000097
:10C9A0000000000000000000000000000000000087
:10C9B0000000000000000000000000000000000077
:10C9C0000000000000000000000000000000000067
:10C9D0000000000000000000000000000000000057
:10C9E0000000000000000000000000000000000047
:10C9F0000000000000000000000000000000000037
:10CA00000000000000000000000000000000000026
:10CA10000000000000000000000000000000000016
:10CA20000000000000000000000000000000000006
:10CA300000000000000000000000000000000000F6
:10CA400000000000000000000000000000000000E6
:10CA500000000000000000000000000000000000D6
:10CA600000000000000000000000000000000000C6
:10CA700000000000000000000000000000000000B6
:10CA800000000000000000000000000000000000A6
:10CA90000000000000000000000000000000000096
:10CAA0000000000000000000000000000000000086
:10CAB0000000000000000000000000000000000076
:10CAC0000000000000000000000000000000000066
:10CAD0000000000000000000000000000000000056
:10CAE0000000000000000000000000000000000046
:10CAF0000000000000000000000000000000000036
:10CB00000000000000000000000000000000000025
:10CB10000000000000000000000000000000000015
:10CB20000000000000000000000000000000000005
:10CB300000000000000000000000000000000000F5
:10CB400000000000000000000000000000000000E5
:10CB500000000000000000000000000000000000D5
:10CB600000000000000000000000000000000000C5
:10CB700000000000000000000000000000000000B5
:10CB800000000000000000000000000000000000A5
:10CB90000000000000000000000000000000000095
:10CBA0000000000000000000000000000000000085
:10CBB0000000000000000000000000000000000075
:10CBC0000000000000000000000000000000000065
:10CBD0000000000000000000000000000000000055
:10CBE0000000000000000000000000000000000045
:10CBF0000000000000000000000000000000000035
:10CC00000000000000000000000000000000000024
:10CC10000000000000000000000000000000000014
:10CC20000000000000000000000000000000000004
:10CC300000000000000000000000000000000000F4
:10CC400000000000000000000000000000000000E4
:10CC500000000000000000000000000000000000D4
:10CC600000000000000000000000000000000000C4
:10CC700000000000000000000000000000000000B4
:10CC800000000000000000000000000000000000A4
:10CC90000000000000000000000000000000000094
:10CCA0000000000000000000000000000000000084
:10CCB0000000000000000000000000000000000074
:10CCC0000000000000000000000000000000000064
:10CCD0000000000000000000000000000000000054
:10CCE0000000000000000000000000000000000044
:10CCF0000000000000000000000000000000000034
:10CD00000000000000000000000000000000000023
:10CD10000000000000000000000000000000000013
:10CD20000000000000000000000000000000000003
:10CD300000000000000000000000000000000000F3
:10CD400000000000000000000000000000000000E3
:10CD500000000000000000000000000000000000D3
:10CD600000000000000000000000000000000000C3
:10CD700000000000000000000000000000000000B3
:10CD800000000000000000000000000000000000A3
:10CD90000000000000000000000000000000000093
:10CDA0000000000000000000000000000000000083
:10CDB0000000000000000000000000000000000073
:10CDC0000000000000000000000000000000000063
:10CDD0000000000000000000000000000000000053
:10CDE0000000000000000000000000000000000043
:10CDF0000000000000000000000000006E5C0B71ED
:10CE00000000000000000000000000000000000022
:10CE10000000000000000000000000000000000012
:10CE20000000000000000000000000000000000002
:10CE300000000000000000000000000000000000F2
:10CE400000000000000000000000000000000000E2
:10CE500000000000000000000000000000000000D2
:10CE600000000000000000000000000000000000C2
:10CE700000000000000000000000000000000000B2
:10CE800000000000000000000000000000000000A2
:10CE90000000000000000000000000000000000092
:10CEA0000000000000000000000000000000000082
:10CEB0000000000000000000000000000000000072
:10CEC0000000000000000000000000000000000062
:10CED0000000000000000000000000000000000052
:10CEE0000000000000000000000000000000000042
:10CEF0000000000000000000000000000000000032
:10CF00000000000000000000000000000000000021
:10CF10000000000000000000000000000000000011
:10CF20000000000000000000000000000000000001
:10CF300000000000000000000000000000000000F1
:10CF400000000000000000000000000000000000E1
:10CF500000000000000000000000000000000000D1
:10CF600000000000000000000000000000000000C1
:10CF700000000000000000000000000000000000B1
:10CF800000000000000000000000000000000000A1
:10CF90000000000000000000000000000000000091
:10CFA0000000000000000000000000000000000081
:10CFB0000000000000000000000000000000000071
:10CFC0000000000000000000000000000000000061
:10CFD0000000000000000000000000000000000051
:10CFE0000000000000000000000000000000000041
:10CFF0000000000000000000000000000000000031
:10D000000000000000000000000000000000000020
:10D010000000000000000000000000000000000010
:10D020000000000000000000000000000000000000
:10D0300000000000000000000000000000000000F0
:10D0400000000000000000000000000000000000E0
:10D0500000000000000000000000000000000000D0
:10D0600000000000000000000000000000000000C0
:10D0700000000000000000000000000000000000B0
:10D0800000000000000000000000000000000000A0
:10D090000000000000000000000000000000000090
:10D0A0000000000000000000000000000000000080
:10D0B0000000000000000000000000000000000070
:10D0C0000000000000000000000000000000000060
:10D0D0000000000000000000000000000000000050
:10D0E0000000000000000000000000000000000040
:10D0F0000000000000000000000000000000000030
:10D10000000000000000000000000000000000001F
:10D11000000000000000000000000000000000000F
:10D1200000000000000000000000000000000000FF
:10D1300000000000000000000000000000000000EF
:10D1400000000000000000000000000000000000DF
:10D1500000000000000000000000000000000000CF
:10D1600000000000000000000000000000000000BF
:10D1700000000000000000000000000000000000AF
:10D18000000000000000000000000000000000009F
:10D19000000000000000000000000000000000008F
:10D1A000000000000000000000000000000000007F
:10D1B000000000000000000000000000000000006F
:10D1C000000000000000000000000000000000005F
:10D1D000000000000000000000000000000000004F
:10D1E000000000000000000000000000000000003F
:10D1F000000000000000000000000000000000002F
:10D20000000000000000000000000000000000001E
:10D21000000000000000000000000000000000000E
:10D2200000000000000000000000000000000000FE
:10D2300000000000000000000000000000000000EE
:10D2400000000000000000000000000000000000DE
:10D2500000000000000000000000000000000000CE
:10D2600000000000000000000000000000000000BE
:10D2700000000000000000000000000000000000AE
:10D28000000000000000000000000000000000009E
:10D29000000000000000000000000000000000008E
:10D2A000000000000000000000000000000000007E
:10D2B000000000000000000000000000000000006E
:10D2C000000000000000000000000000000000005E
:10D2D000000000000000000000000000000000004E
:10D2E000000000000000000000000000000000003E
:10D2F000000000000000000000000000000000002E
:10D30000000000000000000000000000000000001D
:10D31000000000000000000000000000000000000D
:10D3200000000000000000000000000000000000FD
:10D3300000000000000000000000000000000000ED
:10D3400000000000000000000000000000000000DD
:10D3500000000000000000000000000000000000CD
:10D3600000000000000000000000000000000000BD
:10D3700000000000000000000000000000000000AD
:10D38000000000000000000000000000000000009D
:10D39000000000000000000000000000000000008D
:10D3A000000000000000000000000000000000007D
:10D3B000000000000000000000000000000000006D
:10D3C000000000000000000000000000000000005D
:10D3D000000000000000000000000000000000004D
:10D3E000000000000000000000000000000000003D
:10D3F000000000000000000000000000000000002D
:10D40000000000000000000000000000000000001C
:10D41000000000000000000000000000000000000C
:10D4200000000000000000000000000000000000FC
:10D4300000000000000000000000000000000000EC
:10D4400000000000000000000000000000000000DC
:10D4500000000000000000000000000000000000CC
:10D4600000000000000000000000000000000000BC
:10D4700000000000000000000000000000000000AC
:10D48000000000000000000000000000000000009C
:10D49000000000000000000000000000000000008C
:10D4A000000000000000000000000000000000007C
:10D4B000000000000000000000000000000000006C
:10D4C000000000000000000000000000000000005C
:10D4D000000000000000000000000000000000004C
:10D4E000000000000000000000000000000000003C
:10D4F000000000000000000000000000000000002C
:10D50000000000000000000000000000000000001B
:10D51000000000000000000000000000000000000B
:10D5200000000000000000000000000000000000FB
:10D5300000000000000000000000000000000000EB
:10D5400000000000000000000000000000000000DB
:10D5500000000000000000000000000000000000CB
:10D5600000000000000000000000000000000000BB
:10D5700000000000000000000000000000000000AB
:10D58000000000000000000000000000000000009B
:10D59000000000000000000000000000000000008B
:10D5A000000000000000000000000000000000007B
:10D5B000000000000000000000000000000000006B
:10D5C000000000000000000000000000000000005B
:10D5D000000000000000000000000000000000004B
:10D5E000000000000000000000000000000000003B
:10D5F000000000000000000000000000000000002B
:10D60000000000000000000000000000000000001A
:10D61000000000000000000000000000000000000A
:10D6200000000000000000000000000000000000FA
:10D6300000000000000000000000000000000000EA
:10D6400000000000000000000000000000000000DA
:10D6500000000000000000000000000000000000CA
:10D6600000000000000000000000000000000000BA
:10D6700000000000000000000000000000000000AA
:10D68000000000000000000000000000000000009A
:10D69000000000000000000000000000000000008A
:10D6A000000000000000000000000000000000007A
:10D6B000000000000000000000000000000000006A
:10D6C000000000000000000000000000000000005A
:10D6D000000000000000000000000000000000004A
:10D6E000000000000000000000000000000000003A
:10D6F000000000000000000000000000000000002A
:10D700000000000000000000000000000000000019
:10D710000000000000000000000000000000000009
:10D7200000000000000000000000000000000000F9
:10D7300000000000000000000000000000000000E9
:10D7400000000000000000000000000000000000D9
:10D7500000000000000000000000000000000000C9
:10D7600000000000000000000000000000000000B9
:10D7700000000000000000000000000000000000A9
:10D780000000000000000000000000000000000099
:10D790000000000000000000000000000000000089
:10D7A0000000000000000000000000000000000079
:10D7B0000000000000000000000000000000000069
:10D7C0000000000000000000000000000000000059
:10D7D0000000000000000000000000000000000049
:10D7E0000000000000000000000000000000000039
:10D7F0000000000000000000000000000000000029
:10D800000000000000000000000000000000000018
:10D810000000000000000000000000000000000008
:10D8200000000000000000000000000000000000F8
:10D8300000000000000000000000000000000000E8
:10D8400000000000000000000000000000000000D8
:10D8500000000000000000000000000000000000C8
:10D8600000000000000000000000000000000000B8
:10D8700000000000000000000000000000000000A8
:10D880000000000000000000000000000000000098
:10D890000000000000000000000000000000000088
:10D8A0000000000000000000000000000000000078
:10D8B0000000000000000000000000000000000068
:10D8C0000000000000000000000000000000000058
:10D8D0000000000000000000000000000000000048
:10D8E0000000000000000000000000000000000038
:10D8F0000000000000000000000000000000000028
:10D900000000000000000000000000000000000017
:10D910000000000000000000000000000000000007
:10D9200000000000000000000000000000000000F7
:10D9300000000000000000000000000000000000E7
:10D9400000000000000000000000000000000000D7
:10D9500000000000000000000000000000000000C7
:10D9600000000000000000000000000000000000B7
:10D9700000000000000000000000000000000000A7
:10D980000000000000000000000000000000000097
:10D990000000000000000000000000000000000087
:10D9A0000000000000000000000000000000000077
:10D9B0000000000000000000000000000000000067
:10D9C0000000000000000000000000000000000057
:10D9D0000000000000000000000000000000000047
:10D9E0000000000000000000000000000000000037
:10D9F0000000000000000000000000000000000027
:10DA00000000000000000000000000000000000016
:10DA10000000000000000000000000000000000006
:10DA200000000000000000000000000000000000F6
:10DA300000000000000000000000000000000000E6
:10DA400000000000000000000000000000000000D6
:10DA500000000000000000000000000000000000C6
:10DA600000000000000000000000000000000000B6
:10DA700000000000000000000000000000000000A6
:10DA80000000000000000000000000000000000096
:10DA90000000000000000000000000000000000086
:10DAA0000000000000000000000000000000000076
:10DAB0000000000000000000000000000000000066
:10DAC0000000000000000000000000000000000056
:10DAD0000000000000000000000000000000000046
:10DAE0000000000000000000000000000000000036
:10DAF0000000000000000000000000000000000026
:10DB00000000000000000000000000000000000015
:10DB10000000000000000000000000000000000005
:10DB200000000000000000000000000000000000F5
:10DB300000000000000000000000000000000000E5
:10DB400000000000000000000000000000000000D5
:10DB500000000000000000000000000000000000C5
:10DB600000000000000000000000000000000000B5
:10DB700000000000000000000000000000000000A5
:10DB80000000000000000000000000000000000095
:10DB90000000000000000000000000000000000085
:10DBA0000000000000000000000000000000000075
:10DBB0000000000000000000000000000000000065
:10DBC0000000000000000000000000000000000055
:10DBD0000000000000000000000000000000000045
:10DBE0000000000000000000000000000000000035
:10DBF0000000000000000000000000000000000025
:10DC00000000000000000000000000000000000014
:10DC10000000000000000000000000000000000004
:10DC200000000000000000000000000000000000F4
:10DC300000000000000000000000000000000000E4
:10DC400000000000000000000000000000000000D4
:10DC500000000000000000000000000000000000C4
:10DC600000000000000000000000000000000000B4
:10DC700000000000000000000000000000000000A4
:10DC80000000000000000000000000000000000094
:10DC90000000000000000000000000000000000084
:10DCA0000000000000000000000000000000000074
:10DCB0000000000000000000000000000000000064
:10DCC0000000000000000000000000000000000054
:10DCD0000000000000000000000000000000000044
:10DCE0000000000000000000000000000000000034
:10DCF0000000000000000000000000000000000024
:10DD00000000000000000000000000000000000013
:10DD10000000000000000000000000000000000003
:10DD200000000000000000000000000000000000F3
:10DD300000000000000000000000000000000000E3
:10DD400000000000000000000000000000000000D3
:10DD500000000000000000000000000000000000C3
:10DD600000000000000000000000000000000000B3
:10DD700000000000000000000000000000000000A3
:10DD80000000000000000000000000000000000093
:10DD90000000000000000000000000000000000083
:10DDA0000000000000000000000000000000000073
:10DDB0000000000000000000000000000000000063
:10DDC0000000000000000000000000000000000053
:10DDD0000000000000000000000000000000000043
:10DDE0000000000000000000000000000000000033
:10DDF0000000000000000000000000000000000023
:10DE00000000000000000000000000000000000012
:10DE10000000000000000000000000000000000002
:10DE200000000000000000000000000000000000F2
:10DE300000000000000000000000000000000000E2
:10DE400000000000000000000000000000000000D2
:10DE500000000000000000000000000000000000C2
:10DE600000000000000000000000000000000000B2
:10DE700000000000000000000000000000000000A2
:10DE80000000000000000000000000000000000092
:10DE90000000000000000000000000000000000082
:10DEA0000000000000000000000000000000000072
:10DEB0000000000000000000000000000000000062
:10DEC0000000000000000000000000000000000052
:10DED0000000000000000000000000000000000042
:10DEE0000000000000000000000000000000000032
:10DEF0000000000000000000000000000000000022
:10DF00000000000000000000000000000000000011
:10DF10000000000000000000000000000000000001
:10DF200000000000000000000000000000000000F1
:10DF300000000000000000000000000000000000E1
:10DF400000000000000000000000000000000000D1
:10DF500000000000000000000000000000000000C1
:10DF600000000000000000000000000000000000B1
:10DF700000000000000000000000000000000000A1
:10DF80000000000000000000000000000000000091
:10DF90000000000000000000000000000000000081
:10DFA0000000000000000000000000000000000071
:10DFB0000000000000000000000000000000000061
:10DFC0000000000000000000000000000000000051
:10DFD0000000000000000000000000000000000041
:10DFE0000000000000000000000000000000000031
:10DFF0000000000000000000000000000000000021
:10E000000000000000000000000000000000000010
:10E010000000000000000000000000000000000000
:10E0200000000000000000000000000000000000F0
:10E0300000000000000000000000000000000000E0
:10E0400000000000000000000000000000000000D0
:10E0500000000000000000000000000000000000C0
:10E0600000000000000000000000000000000000B0
:10E0700000000000000000000000000000000000A0
:10E080000000000000000000000000000000000090
:10E090000000000000000000000000000000000080
:10E0A0000000000000000000000000000000000070
:10E0B0000000000000000000000000000000000060
:10E0C0000000000000000000000000000000000050
:10E0D0000000000000000000000000000000000040
:10E0E0000000000000000000000000000000000030
:10E0F0000000000000000000000000000000000020
:10E10000000000000000000000000000000000000F
:10E1100000000000000000000000000000000000FF
:10E1200000000000000000000000000000000000EF
:10E1300000000000000000000000000000000000DF
:10E1400000000000000000000000000000000000CF
:10E1500000000000000000000000000000000000BF
:10E1600000000000000000000000000000000000AF
:10E17000000000000000000000000000000000009F
:10E18000000000000000000000000000000000008F
:10E19000000000000000000000000000000000007F
:10E1A000000000000000000000000000000000006F
:10E1B000000000000000000000000000000000005F
:10E1C000000000000000000000000000000000004F
:10E1D000000000000000000000000000000000003F
:10E1E000000000000000000000000000000000002F
:10E1F000000000000000000000000000000000001F
:10E20000000000000000000000000000000000000E
:10E2100000000000000000000000000000000000FE
:10E2200000000000000000000000000000000000EE
:10E2300000000000000000000000000000000000DE
:10E2400000000000000000000000000000000000CE
:10E2500000000000000000000000000000000000BE
:10E2600000000000000000000000000000000000AE
:10E27000000000000000000000000000000000009E
:10E28000000000000000000000000000000000008E
:10E29000000000000000000000000000000000007E
:10E2A000000000000000000000000000000000006E
:10E2B000000000000000000000000000000000005E
:10E2C000000000000000000000000000000000004E
:10E2D000000000000000000000000000000000003E
:10E2E000000000000000000000000000000000002E
:10E2F000000000000000000000000000A73E983170
:10E300000005FF04FE04FD04FC04FB04FA04F90408
:10E31000F804F704F604F504F404F304F204F10439
:10E32000F004EF04EE04ED04EC04EB04EA04E90469
:10E33000E804E704E604E504E404E304E204E10499
:10E34000E004DF04DE04DD04DC04DB04DA04D904C9
:10E35000D804D704D604D504D404D304D204D104F9
:10E36000D004CF04CE04CD04CC04CB04CA04C90429
:10E37000C804C704C604C504C404C304C204C10459
:10E38000C004BF04BE04BD04BC04BB04BA04B90489
:10E39000B804B704B604B504B404B304B204B104B9
:10E3A000B004AF04AE04AD04AC04AB04AA04A904E9
:10E3B000A804A704A604A504A404A304A204A10419
:10E3C000A0049F049E049D049C049B049A04990449
:10E3D0009804970496049504940493049204910479
:10E3E00090048F048E048D048C048B048A048904A9
:10E3F00088048704860485048404830482048104D9
:10E4000080047F047E047D047C047B047A04790408
:10E410007804770476047504740473047204710438
:10E4200070046F046E046D046C046B046A04690468
:10E430006804670466046504640463046204610498
:10E4400060045F045E045D045C045B045A045904C8
:10E4500058045704560455045404530452045104F8
:10E4600050044F044E044D044C044B044A04490428
:10E470004804470446044504440443044204410458
:10E4800040043F043E043D043C043B043A04390488
:10E4900038043704360435043404330432043104B8
:10E4A00030042F042E042D042C042B042A042904E8
:10E4B0002804270426042504240423042204210418
:10E4C00020041F041E041D041C041B041A04190448
:10E4D0001804170416041504140413041204110478
:10E4E00010040F040E040D040C040B040A040904A8
:10E4F00008040704060405040404030402040104D8
:10E500000004FF03FE03FD03FC03FB03FA03F9030E
:10E51000F803F703F603F503F403F303F203F1033F
:10E52000F003EF03EE03ED03EC03EB03EA03E9036F
:10E53000E803E703E603E503E403E303E203E1039F
:10E54000E003DF03DE03DD03DC03DB03DA03D903CF
:10E55000D803D703D603D503D403D303D203D103FF
:10E56000D003CF03CE03CD03CC03CB03CA03C9032F
:10E57000C803C703C603C503C403C303C203C1035F
:10E58000C003BF03BE03BD03BC03BB03BA03B9038F
:10E59000B803B703B603B503B403B303B203B103BF
:10E5A000B003AF03AE03AD03AC03AB03AA03A903EF
:10E5B000A803A703A603A503A403A303A203A1031F
:10E5C000A0039F039E039D039C039B039A0399034F
:10E5D000980397039603950394039303920391037F
:10E5E00090038F038E038D038C038B038A038903AF
:10E5F00088038703860385038403830382038103DF
:10E6000080037F037E037D037C037B037A0379030E
:10E61000780377037603750374037303720371033E
:10E6200070036F036E036D036C036B036A0369036E
:10E63000680367036603650364036303620361039E
:10E6400060035F035E035D035C035B035A035903CE
:10E6500058035703560355035403530352035103FE
:10E6600050034F034E034D034C034B034A0349032E
:10E67000480347034603450344034303420341035E
:10E6800040033F033E033D033C033B033A0339038E
:10E6900038033703360335033403330332033103BE
:10E6A00030032F032E032D032C032B032A032903EE
:10E6B000280327032603250324032303220321031E
:10E6C00020031F031E031D031C031B031A0319034E
:10E6D000180317031603150314031303120311037E
:10E6E00010030F030E030D030C030B030A030903AE
:10E6F00008030703060305030403030302030103DE
:10E700000003FF02FE02FD02FC02FB02FA02F90214
:10E71000F802F702F602F502F402F302F202F10245
:10E72000F002EF02EE02ED02EC02EB02EA02E90275
:10E73000E802E702E602E502E402E302E202E102A5
:10E74000E002DF02DE02DD02DC02DB02DA02D902D5
:10E75000D802D702D602D502D402D302D202D10205
:10E76000D002CF02CE02CD02CC02CB02CA02C90235
:10E77000C802C702C602C502C402C302C202C10265
:10E78000C002BF02BE02BD02BC02BB02BA02B90295
:10E79000B802B702B602B502B402B302B202B102C5
:10E7A000B002AF02AE02AD02AC02AB02AA02A902F5
:10E7B0001D021E021F022002210222022302240245
:10E7C000250226022702280229022A022B022C02F5
:10E7D0002D022E022F0230023102320233023402A5
:10E7E000350236023702380239023A023B023C0255
:10E7F0003D023E023F024002410242024302440205
:10E80000450246024702480249024A024B024C02B4
:10E810004D024E024F025002510252025302540264
:10E820005502560257025802E101E201E301E401F8
:10E83000E501E601E701E801E901EA01EB01EC018C
:10E84000ED01EE01EF01F001F101F201F301F4013C
:10E85000F501F601F701F801F901FA01FB01FC01EC
:10E86000FD01FE01FF010002010202020302040297
:10E87000050206020702080209020A020B020C0244
:10E880000D020E020F0210021102120213021402F4
:10E89000150216021702180219021A021B021C02A4
:10E8A000A501A601A701A801A901AA01AB01AC011C
:10E8B000AD01AE01AF01B001B101B201B301B401CC
:10E8C000B501B601B701B801B901BA01BB01BC017C
:10E8D000BD01BE01BF01C001C101C201C301C4012C
:10E8E000C501C601C701C801C901CA01CB01CC01DC
:10E8F000CD01CE01CF01D001D101D201D301D4018C
:10E90000D501D601D701D801D901DA01DB01DC013B
:10E91000DD01DE01DF01E00169016A016B016C01CB
:10E920006D016E016F01700171017201730174015B
:10E93000750176017701780179017A017B017C010B
:10E940007D017E017F0180018101820183018401BB
:10E95000850186018701880189018A018B018C016B
:10E960008D018E018F01900191019201930194011B
:10E97000950196019701980199019A019B019C01CB
:10E980009D019E019F01A001A101A201A301A4017B
:10E990002D012E012F0130013101320133013401EB
:10E9A000350136013701380139013A013B013C019B
:10E9B0003D013E013F01400141014201430144014B
:10E9C000450146014701480149014A014B014C01FB
:10E9D0004D014E014F0150015101520153015401AB
:10E9E000550156015701580159015A015B015C015B
:10E9F0005D015E015F01600161016201630164010B
:10EA00006501660167016801F100F200F300F4009E
:10EA1000F500F600F700F800F900FA00FB00FC0032
:10EA2000FD00FE00FF0000010101020103010401DD
:10EA3000050106010701080109010A010B010C018A
:10EA40000D010E010F01100111011201130114013A
:10EA5000150116011701180119011A011B011C01EA
:10EA60001D011E011F01200121012201230124019A
:10EA7000250126012701280129012A012B012C014A
:10EA8000B500B600B700B800B900BA00BB00BC00C2
:10EA9000BD00BE00BF00C000C100C200C300C40072
:10EAA000C500C600C700C800C900CA00CB00CC0022
:10EAB000CD00CE00CF00D000D100D200D300D400D2
:10EAC000D500D600D700D800D900DA00DB00DC0082
:10EAD000DD00DE00DF00E000E100E200E300E40032
:10EAE000E500E600E700E800E900EA00EB00EC00E2
:10EAF000ED00EE00EF00F00079007A007B007C0072
:10EB00007D007E007F008000810082008300840001
:10EB1000850086008700880089008A008B008C00B1
:10EB20008D008E008F009000910092009300940061
:10EB3000950096009700980099009A009B009C0011
:10EB40009D009E009F00A000A100A200A300A400C1
:10EB5000A500A600A700A800A900AA00AB00AC0071
:10EB6000AD00AE00AF00B000B100B200B300B40021
:10EB70003D003E003F004000410042004300440091
:10EB8000450046004700480049004A004B004C0041
:10EB90004D004E004F0050005100520053005400F1
:10EBA000550056005700580059005A005B005C00A1
:10EBB0005D005E005F006000610062006300640051
:10EBC000650066006700680069006A006B006C0001
:10EBD0006D006E006F0070007100720073007400B1
:10EBE0007500760077007800010002000300040041
:10EBF000050006000700080009000A000B000C00D1
:10EC00000D000E000F001000110012001300140080
:10EC1000150016001700180019001A001B001C0030
:10EC20001D001E001F0020002100220023002400E0
:10EC3000250026002700280029002A002B002C0090
:10EC40002D002E002F003000310032003300340040
:10EC5000350036003700380039003A003B003C00F0
:10EC60000005FF04FE04FD04FC04FB04FA04F9049F
:10EC7000F804F704F604F504F404F304F204F104D0
:10EC8000F004EF04EE04ED04EC04EB04EA04E90400
:10EC9000E804E704E604E504E404E304E204E10430
:10ECA000E004DF04DE04DD04DC04DB04DA04D90460
:10ECB000D804D704D604D504D404D304D204D10490
:10ECC000D004CF04CE04CD04CC04CB04CA04C904C0
:10ECD000C804C704C604C504C404C304C204C104F0
:10ECE000C004BF04BE04BD04BC04BB04BA04B90420
:10ECF000B804B704B604B504B404B304B204B10450
:10ED0000B004AF04AE04AD04AC04AB04AA04A9047F
:10ED1000A804A704A604A504A404A304A204A104AF
:10ED2000A0049F049E049D049C049B049A049904DF
:10ED3000980497049604950494049304920491040F
:10ED400090048F048E048D048C048B048A0489043F
:10ED5000880487048604850484048304820481046F
:10ED600080047F047E047D047C047B047A0479049F
:10ED700078047704760475047404730472047104CF
:10ED800070046F046E046D046C046B046A046904FF
:10ED9000680467046604650464046304620461042F
:10EDA00060045F045E045D045C045B045A0459045F
:10EDB000580457045604550454045304520451048F
:10EDC00050044F044E044D044C044B044A044904BF
:10EDD00048044704460445044404430442044104EF
:10EDE00040043F043E043D043C043B043A0439041F
:10EDF000380437043604350434043304320431044F
:10EE000030042F042E042D042C042B042A0429047E
:10EE100028042704260425042404230422042104AE
:10EE200020041F041E041D041C041B041A041904DE
:10EE3000180417041604150414041304120411040E
:10EE400010040F040E040D040C040B040A0409043E
:10EE5000080407040604050404040304020401046E
:10EE60000004FF03FE03FD03FC03FB03FA03F903A5
:10EE7000F803F703F603F503F403F303F203F103D6
:10EE8000F003EF03EE03ED03EC03EB03EA03E90306
:10EE9000E803E703E603E503E403E303E203E10336
:10EEA000E003DF03DE03DD03DC03DB03DA03D90366
:10EEB000D803D703D603D503D403D303D203D10396
:10EEC000D003CF03CE03CD03CC03CB03CA03C903C6
:10EED000C803C703C603C503C403C303C203C103F6
:10EEE000C003BF03BE03BD03BC03BB03BA03B90326
:10EEF000B803B703B603B503B403B303B203B10356
:10EF0000B003AF03AE03AD03AC03AB03AA03A90385
:10EF1000A803A703A603A503A403A303A203A103B5
:10EF2000A0039F039E039D039C039B039A039903E5
:10EF30009803970396039503940393039203910315
:10EF400090038F038E038D038C038B038A03890345
:10EF50008803870386038503840383038203810375
:10EF600080037F037E037D037C037B037A037903A5
:10EF700078037703760375037403730372037103D5
:10EF800070036F036E036D036C036B036A03690305
:10EF90006803670366036503640363036203610335
:10EFA00060035F035E035D035C035B035A03590365
:10EFB0005803570356035503540353035203510395
:10EFC00050034F034E034D034C034B034A034903C5
:10EFD00048034703460345034403430342034103F5
:10EFE00040033F033E033D033C033B033A03390325
:10EFF0003803370336033503340333033203310355
:10F0000030032F032E032D032C032B032A03290384
:10F0100028032703260325032403230322032103B4
:10F0200020031F031E031D031C031B031A031903E4
:10F030001803170316031503140313031203110314
:10F0400010030F030E030D030C030B030A03090344
:10F050000803070306030503040303030203010374
:10F060000003FF02FE02FD02FC02FB02FA02F902AB
:10F07000F802F702F602F502F402F302F202F102DC
:10F08000F002EF02EE02ED02EC02EB02EA02E9020C
:10F09000E802E702E602E502E402E302E202E1023C
:10F0A000E002DF02DE02DD02DC02DB02DA02D9026C
:10F0B000D802D702D602D502D402D302D202D1029C
:10F0C000D002CF02CE02CD02CC02CB02CA02C902CC
:10F0D000C802C702C602C502C402C302C202C102FC
:10F0E000C002BF02BE02BD02BC02BB02BA02B9022C
:10F0F000B802B702B602B502B402B302B202B1025C
:10F10000B002AF02AE02AD02AC02AB02AA02A9028B
:10F110001D021E021F0220022102220223022402DB
:10F12000250226022702280229022A022B022C028B
:10F130002D022E022F02300231023202330234023B
:10F14000350236023702380239023A023B023C02EB
:10F150003D023E023F02400241024202430244029B
:10F16000450246024702480249024A024B024C024B
:10F170004D024E024F0250025102520253025402FB
:10F180005502560257025802E101E201E301E4018F
:10F19000E501E601E701E801E901EA01EB01EC0123
:10F1A000ED01EE01EF01F001F101F201F301F401D3
:10F1B000F501F601F701F801F901FA01FB01FC0183
:10F1C000FD01FE01FF01000201020202030204022E
:10F1D000050206020702080209020A020B020C02DB
:10F1E0000D020E020F02100211021202130214028B
:10F1F000150216021702180219021A021B021C023B
:10F20000A501A601A701A801A901AA01AB01AC01B2
:10F21000AD01AE01AF01B001B101B201B301B40162
:10F22000B501B601B701B801B901BA01BB01BC0112
:10F23000BD01BE01BF01C001C101C201C301C401C2
:10F24000C501C601C701C801C901CA01CB01CC0172
:10F25000CD01CE01CF01D001D101D201D301D40122
:10F26000D501D601D701D801D901DA01DB01DC01D2
:10F27000DD01DE01DF01E00169016A016B016C0162
:10F280006D016E016F0170017101720173017401F2
:10F29000750176017701780179017A017B017C01A2
:10F2A0007D017E017F018001810182018301840152
:10F2B000850186018701880189018A018B018C0102
:10F2C0008D018E018F0190019101920193019401B2
:10F2D000950196019701980199019A019B019C0162
:10F2E0009D019E019F01A001A101A201A301A40112
:10F2F0002D012E012F013001310132013301340182
:10F30000350136013701380139013A013B013C0131
:10F310003D013E013F0140014101420143014401E1
:10F32000450146014701480149014A014B014C0191
:10F330004D014E014F015001510152015301540141
:10F34000550156015701580159015A015B015C01F1
:10F350005D015E015F0160016101620163016401A1
:10F360006501660167016801F100F200F300F40035
:10F37000F500F600F700F800F900FA00FB00FC00C9
:10F38000FD00FE00FF000001010102010301040174
:10F39000050106010701080109010A010B010C0121
:10F3A0000D010E010F0110011101120113011401D1
:10F3B000150116011701180119011A011B011C0181
:10F3C0001D011E011F012001210122012301240131
:10F3D000250126012701280129012A012B012C01E1
:10F3E000B500B600B700B800B900BA00BB00BC0059
:10F3F000BD00BE00BF00C000C100C200C300C40009
:10F40000C500C600C700C800C900CA00CB00CC00B8
:10F41000CD00CE00CF00D000D100D200D300D40068
:10F42000D500D600D700D800D900DA00DB00DC0018
:10F43000DD00DE00DF00E000E100E200E300E400C8
:10F44000E500E600E700E800E900EA00EB00EC0078
:10F45000ED00EE00EF00F00079007A007B007C0008
:10F460007D007E007F008000810082008300840098
:10F47000850086008700880089008A008B008C0048
:10F480008D008E008F0090009100920093009400F8
:10F49000950096009700980099009A009B009C00A8
:10F4A0009D009E009F00A000A100A200A300A40058
:10F4B000A500A600A700A800A900AA00AB00AC0008
:10F4C000AD00AE00AF00B000B100B200B300B400B8
:10F4D0003D003E003F004000410042004300440028
:10F4E000450046004700480049004A004B004C00D8
:10F4F0004D004E004F005000510052005300540088
:10F50000550056005700580059005A005B005C0037
:10F510005D005E005F0060006100620063006400E7
:10F52000650066006700680069006A006B006C0097
:10F530006D006E006F007000710072007300740047
:10F5400075007600770078000100020003000400D7
:10F55000050006000700080009000A000B000C0067
:10F560000D000E000F001000110012001300140017
:10F57000150016001700180019001A001B001C00C7
:10F580001D001E001F002000210022002300240077
:10F59000250026002700280029002A002B002C0027
:10F5A0002D002E002F0030003100320033003400D7
:10F5B000350036003700380039003A003B003C0087
:10F5C000000000000000000000000000000000003B
:10F5D000000000000000000000000000000000002B
:10F5E000000000000000000000000000000000001B
:10F5F000000000000000000000000000000000000B
:10F6000000000000000000000000000000000000FA
:10F6100000000000000000000000000000000000EA
:10F6200000000000000000000000000000000000DA
:10F6300000000000000000000000000000000000CA
:10F6400000000000000000000000000000000000BA
:10F6500000000000000000000000000000000000AA
:10F66000000000000000000000000000000000009A
:10F67000000000000000000000000000000000008A
:10F68000000000000000000000000000000000007A
:10F69000000000000000000000000000000000006A
:10F6A000000000000000000000000000000000005A
:10F6B000000000000000000000000000000000004A
:10F6C000000000000000000000000000000000003A
:10F6D000000000000000000000000000000000002A
:10F6E000000000000000000000000000000000001A
:10F6F000000000000000000000000000000000000A
:10F7000000000000000000000000000000000000F9
:10F7100000000000000000000000000000000000E9
:10F7200000000000000000000000000000000000D9
:10F7300000000000000000000000000000000000C9
:10F7400000000000000000000000000000000000B9
:10F7500000000000000000000000000000000000A9
:10F760000000000000000000000000000000000099
:10F770000000000000000000000000000000000089
:10F780000000000000000000000000000000000079
:10F790000000000000000000000000000000000069
:10F7A0000000000000000000000000000000000059
:10F7B0000000000000000000000000000000000049
:10F7C0000000000000000000000000000000000039
:10F7D0000000000000000000000000000000000029
:10F7E0000000000000000000000000000000000019
:10F7F000000000000000000000000000B2B3753FF0
:10F8000000040000000000000000000000000000F4
:10F8100000000000000000000000000000000000E8
:10F8200000000000000000000000000000000000D8
:10F8300000000000000000000000000000000000C8
:10F8400000000000000000000000000000000000B8
:10F8500000000000000000000000000000000000A8
:10F860000000000000000000000000000000000098
:10F870000000000000000000000000000000000088
:10F880000000000000000000000000000000000078
:10F890000000000000000000000000000000000068
:10F8A0000000000000000000000000000000000058
:10F8B0000000000000000000000000000000000048
:10F8C0000000000000000000000000000000000038
:10F8D0000000000000000000000000000000000028
:10F8E0000000000000000000000000000000000018
:10F8F0000000000000000000000000000000000008
:10F9000000000000000000000000000000000000F7
:10F9100000000000000000000000000000000000E7
:10F9200000000000000000000000000000000000D7
:10F9300000000000000000000000000000000000C7
:10F9400000000000000000000000000000000000B7
:10F9500000000000000000000000000000000000A7
:10F960000000000000000000000000000000000097
:10F970000000000000000000000000000000000087
:10F980000000000000000000000000000000000077
:10F990000000000000000000000000000000000067
:10F9A0000000000000000000000000000000000057
:10F9B0000000000000000000000000000000000047
:10F9C0000000000000000000000000000000000037
:10F9D0000000000000000000000000000000000027
:10F9E0000000000000000000000000000000000017
:10F9F0000000000000000000000000000000000007
:10FA000000000000000000000000000000000000F6
:10FA100000000000000000000000000000000000E6
:10FA200000000000000000000000000000000000D6
:10FA300000000000000000000000000000000000C6
:10FA400000000000000000000000000000000000B6
:10FA500000000000000000000000000000000000A6
:10FA60000000000000000000000000000000000096
:10FA70000000000000000000000000000000000086
:10FA80000000000000000000000000000000000076
:10FA90000000000000000000000000000000000066
:10FAA0000000000000000000000000000000000056
:10FAB0000000000000000000000000000000000046
:10FAC0000000000000000000000000000000000036
:10FAD0000000000000000000000000000000000026
:10FAE0000000000000000000000000000000000016
:10FAF0000000000000000000000000000000000006
:10FB000000000000000000000000000000000000F5
:10FB100000000000000000000000000000000000E5
:10FB200000000000000000000000000000000000D5
:10FB300000000000000000000000000000000000C5
:10FB400000000000000000000000000000000000B5
:10FB500000000000000000000000000000000000A5
:10FB60000000000000000000000000000000000095
:10FB70000000000000000000000000000000000085
:10FB80000000000000000000000000000000000075
:10FB90000000000000000000000000000000000065
:10FBA0000000000000000000000000000000000055
:10FBB0000000000000000000000000000000000045
:10FBC0000000000000000000000000000000000035
:10FBD0000000000000000000000000000000000025
:10FBE0000000000000000000000000000000000015
:10FBF000000000000000000000000000542560BC70
:10FC000000000000000000000000000000000000F4
:10FC100000000000000000000000000000000000E4
:10FC200000000000000000000000000000000000D4
:10FC300000000000000000000000000000000000C4
:10FC400000000000000000000000000000000000B4
:10FC500000000000000000000000000000000000A4
:10FC60000000000000000000000000000000000094
:10FC70000000000000000000000000000000000084
:10FC80000000000000000000000000000000000074
:10FC90000000000000000000000000000000000064
:10FCA0000000000000000000000000000000000054
:10FCB0000000000000000000000000000000000044
:10FCC0000000000000000000000000000000000034
:10FCD0000000000000000000000000000000000024
:10FCE0000000000000000000000000000000000014
:10FCF0000000000000000000000000000000000004
:10FD000000000000000000000000000000000000F3
:10FD100000000000000000000000000000000000E3
:10FD200000000000000000000000000000000000D3
:10FD300000000000000000000000000000000000C3
:10FD400000000000000000000000000000000000B3
:10FD500000000000000000000000000000000000A3
:10FD60000000000000000000000000000000000093
:10FD70000000000000000000000000000000000083
:10FD80000000000000000000000000000000000073
:10FD90000000000000000000000000000000000063
:10FDA0000000000000000000000000000000000053
:10FDB0000000000000000000000000000000000043
:10FDC0000000000000000000000000000000000033
:10FDD0000000000000000000000000000000000023
:10FDE0000000000000000000000000000000000013
:10FDF0000000000000000000000000000000000003
:10FE000000000000000000000000000000000000F2
:10FE100000000000000000000000000000000000E2
:10FE200000000000000000000000000000000000D2
:10FE300000000000000000000000000000000000C2
:10FE400000000000000000000000000000000000B2
:10FE500000000000000000000000000000000000A2
:10FE60000000000000000000000000000000000092
:10FE70000000000000000000000000000000000082
:10FE80000000000000000000000000000000000072
:10FE90000000000000000000000000000000000062
:10FEA0000000000000000000000000000000000052
:10FEB0000000000000000000000000000000000042
:10FEC0000000000000000000000000000000000032
:10FED0000000000000000000000000000000000022
:10FEE0000000000000000000000000000000000012
:10FEF0000000000000000000000000000000000002
:10FF000000000000000000000000000000000000F1
:10FF100000000000000000000000000000000000E1
:10FF200000000000000000000000000000000000D1
:10FF300000000000000000000000000000000000C1
:10FF400000000000000000000000000000000000B1
:10FF500000000000000000000000000000000000A1
:10FF60000000000000000000000000000000000091
:10FF70000000000000000000000000000000000081
:10FF80000000000000000000000000000000000071
:10FF90000000000000000000000000000000000061
:10FFA0000000000000000000000000000000000051
:10FFB0000000000000000000000000000000000041
:10FFC0000000000000000000000000000000000031
:10FFD0000000000000000000000000000000000021
:10FFE0000000000000000000000000000000000011
:10FFF0000000000000000000000000000000000001
:020000022000DC
:1000000000000000000000000000000000000000F0
:1000100000000000000000000000000000000000E0
:1000200000000000000000000000000000000000D0
:1000300000000000000000000000000000000000C0
:1000400000000000000000000000000000000000B0
:1000500000000000000000000000000000000000A0
:100060000000000000000000000000000000000090
:100070000000000000000000000000000000000080
:100080000000000000000000000000000000000070
:100090000000000000000000000000000000000060
:1000A0000000000000000000000000000000000050
:1000B0000000000000000000000000000000000040
:1000C0000000000000000000000000000000000030
:1000D0000000000000000000000000000000000020
:1000E0000000000000000000000000000000000010
:1000F0000000000000000000000000000000000000
:1001000000000000000000000000000000000000EF
:1001100000000000000000000000000000000000DF
:1001200000000000000000000000000000000000CF
:1001300000000000000000000000000000000000BF
:1001400000000000000000000000000000000000AF
:10015000000000000000000000000000000000009F
:10016000000000000000000000000000000000008F
:10017000000000000000000000000000000000007F
:10018000000000000000000000000000000000006F
:10019000000000000000000000000000000000005F
:1001A000000000000000000000000000000000004F
:1001B000000000000000000000000000000000003F
:1001C000000000000000000000000000000000002F
:1001D000000000000000000000000000000000001F
:1001E000000000000000000000000000000000000F
:1001F00000000000000000000000000000000000FF
:1002000000000000000000000000000000000000EE
:1002100000000000000000000000000000000000DE
:1002200000000000000000000000000000000000CE
:1002300000000000000000000000000000000000BE
:1002400000000000000000000000000000000000AE
:10025000000000000000000000000000000000009E
:10026000000000000000000000000000000000008E
:10027000000000000000000000000000000000007E
:10028000000000000000000000000000000000006E
:10029000000000000000000000000000000000005E
:1002A000000000000000000000000000000000004E
:1002B000000000000000000000000000000000003E
:1002C000000000000000000000000000000000002E
:1002D000000000000000000000000000000000001E
:1002E000000000000000000000000000000000000E
:1002F00000000000000000000000000000000000FE
:1003000000000000000000000000000000000000ED
:1003100000000000000000000000000000000000DD
:1003200000000000000000000000000000000000CD
:1003300000000000000000000000000000000000BD
:1003400000000000000000000000000000000000AD
:10035000000000000000000000000000000000009D
:10036000000000000000000000000000000000008D
:10037000000000000000000000000000000000007D
:10038000000000000000000000000000000000006D
:10039000000000000000000000000000000000005D
:1003A000000000000000000000000000000000004D
:1003B000000000000000000000000000000000003D
:1003C000000000000000000000000000000000002D
:1003D000000000000000000000000000000000001D
:1003E000000000000000000000000000000000000D
:1003F00000000000000000000000000000000000FD
:100400000004000000200000000400000A000000BA
:100410000024000000AA01000024000000000000E9
:1004200000CE01000015000000CE01000000000019
:1004300000E301000015000000E3010000000000DF
:1004400000F801000004000000F8010000000000B6
:10045000007000107800000000140200000000008E
:100460008470001010020000FE1402000000000062
:1004700000730010B4000000001E02000000000025
:10048000F072001010000000D01D020000000000FB
:10049000F073001020000000E01D020000000000CA
:1004A000000000000000000000000000000000004C
:1004B000000000000000000000000000000000003C
:1004C000000000000000000000000000000000002C
:1004D000000000000000000000000000000000001C
:1004E000000000000000000000000000000000000C
:1004F00000000000000000000000000000000000FC
:1005000000000000000000000000000000000000EB
:1005100000000000000000000000000000000000DB
:1005200000000000000000000000000000000000CB
:1005300000000000000000000000000000000000BB
:1005400000000000000000000000000000000000AB
:10055000000000000000000000000000000000009B
:10056000000000000000000000000000000000008B
:10057000000000000000000000000000000000007B
:10058000000000000000000000000000000000006B
:10059000000000000000000000000000000000005B
:1005A000000000000000000000000000000000004B
:1005B000000000000000000000000000000000003B
:1005C000000000000000000000000000000000002B
:1005D000000000000000000000000000000000001B
:1005E000000000000000000000000000000000000B
:1005F00000000000000000000000000000000000FB
:1006000000000000000000000000000000000000EA
:1006100000000000000000000000000000000000DA
:1006200000000000000000000000000000000000CA
:1006300000000000000000000000000000000000BA
:1006400000000000000000000000000000000000AA
:10065000000000000000000000000000000000009A
:10066000000000000000000000000000000000008A
:10067000000000000000000000000000000000007A
:10068000000000000000000000000000000000006A
:10069000000000000000000000000000000000005A
:1006A000000000000000000000000000000000004A
:1006B000000000000000000000000000000000003A
:1006C000000000000000000000000000000000002A
:1006D000000000000000000000000000000000001A
:1006E000000000000000000000000000000000000A
:1006F00000000000000000000000000000000000FA
:1007000000000000000000000000000000000000E9
:1007100000000000000000000000000000000000D9
:1007200000000000000000000000000000000000C9
:1007300000000000000000000000000000000000B9
:1007400000000000000000000000000000000000A9
:100750000000000000000000000000000000000099
:100760000000000000000000000000000000000089
:100770000000000000000000000000000000000079
:100780000000000000000000000000000000000069
:100790000000000000000000000000000000000059
:1007A0000000000000000000000000000000000049
:1007B0000000000000000000000000000000000039
:1007C0000000000000000000000000000000000029
:1007D0000000000000000000000000000000000019
:1007E0000000000000000000000000000000000009
:1007F00000000000000000000000000000000000F9
:1008000000000000000000000000000000000000E8
:1008100000000000000000000000000000000000D8
:1008200000000000000000000000000000000000C8
:1008300000000000000000000000000000000000B8
:1008400000000000000000000000000000000000A8
:100850000000000000000000000000000000000098
:100860000000000000000000000000000000000088
:100870000000000000000000000000000000000078
:100880000000000000000000000000000000000068
:100890000000000000000000000000000000000058
:1008A0000000000000000000000000000000000048
:1008B0000000000000000000000000000000000038
:1008C0000000000000000000000000000000000028
:1008D0000000000000000000000000000000000018
:1008E0000000000000000000000000000000000008
:1008F00000000000000000000000000000000000F8
:1009000000000000000000000000000000000000E7
:1009100000000000000000000000000000000000D7
:1009200000000000000000000000000000000000C7
:1009300000000000000000000000000000000000B7
:1009400000000000000000000000000000000000A7
:100950000000000000000000000000000000000097
:100960000000000000000000000000000000000087
:100970000000000000000000000000000000000077
:100980000000000000000000000000000000000067
:100990000000000000000000000000000000000057
:1009A0000000000000000000000000000000000047
:1009B0000000000000000000000000000000000037
:1009C0000000000000000000000000000000000027
:1009D0000000000000000000000000000000000017
:1009E0000000000000000000000000000000000007
:1009F00000000000000000000000000000000000F7
:100A000000000000000000000000000000000000E6
:100A100000000000000000000000000000000000D6
:100A200000000000000000000000000000000000C6
:100A300000000000000000000000000000000000B6
:100A400000000000000000000000000000000000A6
:100A50000000000000000000000000000000000096
:100A60000000000000000000000000000000000086
:100A70000000000000000000000000000000000076
:100A80000000000000000000000000000000000066
:100A90000000000000000000000000000000000056
:100AA0000000000000000000000000000000000046
:100AB0000000000000000000000000000000000036
:100AC0000000000000000000000000000000000026
:100AD0000000000000000000000000000000000016
:100AE0000000000000000000000000000000000006
:100AF00000000000000000000000000000000000F6
:100B000000000000000000000000000000000000E5
:100B100000000000000000000000000000000000D5
:100B200000000000000000000000000000000000C5
:100B300000000000000000000000000000000000B5
:100B400000000000000000000000000000000000A5
:100B50000000000000000000000000000000000095
:100B60000000000000000000000000000000000085
:100B70000000000000000000000000000000000075
:100B80000000000000000000000000000000000065
:100B90000000000000000000000000000000000055
:100BA0000000000000000000000000000000000045
:100BB0000000000000000000000000000000000035
:100BC0000000000000000000000000000000000025
:100BD0000000000000000000000000000000000015
:100BE0000000000000000000000000000000000005
:100BF00000000000000000000000000000000000F5
:100C00008200000003000000010000000D00000051
:100C10001F000000000000000000000000000000B5
:100C200000000000000000000000000000000000C4
:100C300000000000000000000000000000000000B4
:100C400000000000000000000000000000000000A4
:100C50000000000000000000000000000000000094
:100C60000000000000000000000000000000000084
:100C70000000000000000000000000000000000074
:100C80000000000000000000000000000000000064
:100C90000000000000000000000000000000000054
:100CA0000000000000000000000000000000000044
:100CB0000000000000000000000000000000000034
:100CC0000000000000000000000000000000000024
:100CD0000000000000000000000000000000000014
:100CE0000000000000000000000000000000000004
:100CF00000000000000000000000000000000000F4
:100D000000000000000000000000000000000000E3
:100D100000000000000000000000000000000000D3
:100D200000000000000000000000000000000000C3
:100D300000000000000000000000000000000000B3
:100D400000000000000000000000000000000000A3
:100D50000000000000000000000000000000000093
:100D60000000000000000000000000000000000083
:100D70000000000000000000000000000000000073
:100D80000000000000000000000000000000000063
:100D90000000000000000000000000000000000053
:100DA0000000000000000000000000000000000043
:100DB0000000000000000000000000000000000033
:100DC0000000000000000000000000000000000023
:100DD0000000000000000000000000000000000013
:100DE0000000000000000000000000000000000003
:100DF00000000000000000000000000000000000F3
:100E000000000000000000000000000000000000E2
:100E100000000000000000000000000000000000D2
:100E200000000000000000000000000000000000C2
:100E300000000000000000000000000000000000B2
:100E400000000000000000000000000000000000A2
:100E50000000000000000000000000000000000092
:100E60000000000000000000000000000000000082
:100E70000000000000000000000000000000000072
:100E80000000000000000000000000000000000062
:100E90000000000000000000000000000000000052
:100EA0000000000000000000000000000000000042
:100EB0000000000000000000000000000000000032
:100EC0000000000000000000000000000000000022
:100ED0000000000000000000000000000000000012
:100EE0000000000000000000000000000000000002
:100EF00000000000000000000000000000000000F2
:100F000000000000000000000000000000000000E1
:100F100000000000000000000000000000000000D1
:100F200000000000000000000000000000000000C1
:100F300000000000000000000000000000000000B1
:100F400000000000000000000000000000000000A1
:100F50000000000000000000000000000000000091
:100F60000000000000000000000000000000000081
:100F70000000000000000000000000000000000071
:100F80000000000000000000000000000000000061
:100F90000000000000000000000000000000000051
:100FA0000000000000000000000000000000000041
:100FB0000000000000000000000000000000000031
:100FC0000000000000000000000000000000000021
:100FD0000000000000000000000000000000000011
:100FE0000000000000000000000000000000000001
:100FF00000000000000000000000000000000000F1
:1010000000000000000000000000000000000000E0
:1010100000000000000000000000000000000000D0
:1010200000000000000000000000000000000000C0
:1010300000000000000000000000000000000000B0
:1010400000000000000000000000000000000000A0
:101050000000000000000000000000000000000090
:101060000000000000000000000000000000000080
:101070000000000000000000000000000000000070
:101080000000000000000000000000000000000060
:101090000000000000000000000000000000000050
:1010A0000000000000000000000000000000000040
:1010B0000000000000000000000000000000000030
:1010C0000000000000000000000000000000000020
:1010D0000000000000000000000000000000000010
:1010E0000000000000000000000000000000000000
:1010F00000000000000000000000000000000000F0
:1011000000000000000000000000000000000000DF
:1011100000000000000000000000000000000000CF
:1011200000000000000000000000000000000000BF
:1011300000000000000000000000000000000000AF
:10114000000000000000000000000000000000009F
:10115000000000000000000000000000000000008F
:10116000000000000000000000000000000000007F
:10117000000000000000000000000000000000006F
:10118000000000000000000000000000000000005F
:10119000000000000000000000000000000000004F
:1011A000000000000000000000000000000000003F
:1011B000000000000000000000000000000000002F
:1011C000000000000000000000000000000000001F
:1011D000000000000000000000000000000000000F
:1011E00000000000000000000000000000000000FF
:1011F00000000000000000000000000000000000EF
:1012000000000000000000000000000000000000DE
:1012100000000000000000000000000000000000CE
:1012200000000000000000000000000000000000BE
:1012300000000000000000000000000000000000AE
:10124000000000000000000000000000000000009E
:10125000000000000000000000000000000000008E
:10126000000000000000000000000000000000007E
:10127000000000000000000000000000000000006E
:10128000000000000000000000000000000000005E
:10129000000000000000000000000000000000004E
:1012A000000000000000000000000000000000003E
:1012B000000000000000000000000000000000002E
:1012C000000000000000000000000000000000001E
:1012D000000000000000000000000000000000000E
:1012E00000000000000000000000000000000000FE
:1012F00000000000000000000000000000000000EE
:1013000000000000000000000000000000000000DD
:1013100000000000000000000000000000000000CD
:1013200000000000000000000000000000000000BD
:1013300000000000000000000000000000000000AD
:10134000000000000000000000000000000000009D
:10135000000000000000000000000000000000008D
:10136000000000000000000000000000000000007D
:10137000000000000000000000000000000000006D
:10138000000000000000000000000000000000005D
:10139000000000000000000000000000000000004D
:1013A000000000000000000000000000000000003D
:1013B000000000000000000000000000000000002D
:1013C000000000000000000000000000000000001D
:1013D000000000000000000000000000000000000D
:1013E00000000000000000000000000000000000FD
:1013F000000000000000000000FC0300FDA8FBB896
:10140000A55A010D0182034153454300000000002D
:101410000000000053372B204C6974650000000069
:1014200000000000000000000000000000000000BC
:101430000000000000000000323130313135000082
:1014400000000000485838333132312D410000008F
:10145000000000000000000000000000000000008C
:10146000000000000000000000000000000000007C
:1014700000000000C3EB3824000000000000000062
:10148000000000000000000000000000000000005C
:10149000000000000000000000000000000000004C
:1014A000000000000000000000000000000000003C
:1014B000000000000000000000000000000000002C
:1014C000000000000000000000000000000000001C
:1014D000000000000000000000000000000000000C
:1014E00000000000000000000000000000000000FC
:1014F00000000000000000000000000000000000EC
:101500000D003F81430004036420151D481428AAE0
:1015100000000000000A2D2D2D462005051A64113B
:101520001153530C64376437140C04111100000874
:1015300018126C090C090A041409FF1400000014A5
:101540001414FF14080F0000000000220E00FFFF1B
:101550000A0414000003030303030A01000000004F
:1015600000000000001E200401787802080408052D
:101570003C280A02F4000A0006402D2D2D002D2DD6
:101580002D00000000530F00115A230047340004BF
:10159000560DD4530F000000000000007828000012
:1015A000000000160A14800000000000001900006E
:1015B0000000500C0064282515500F030028A21EBF
:1015C00006FF551E328004040423212119196432B8
:1015D0000005192300201944846533009600000992
:1015E000060A0A783C50320000006488888888889F
:1015F000000F1E5030000000000000050600000033
:101600001E0000000002D005000A05FF0A03E803DF
:10161000E8030201F40000030300000000000002E0
:10162000141414141870000011110484300F048471
:1016300000002804848B18181820202000000000C7
:101640000000000000140AFF00000000000000007D
:101650000000000000010A06641E0A140528230089
:1016600052520A0F2A8A060864361AF0640E2808B5
:1016700014050AF000000000000000000000000057
:1016800000000000FF09FF0900000000000000004A
:10169000000000000000000000000000FF09FF093A
:1016A000000000000000000000000000000000003A
:1016B000000000003F063F060000000000000000A0
:1016C0000000000000000000000000003F063F0690
:1016D000000000000000000000000000000000000A
:1016E00000000000000000000000000000000000FA
:1016F00000000000640C64FF96961930C8FFB45ACD
:1017000005FF0000000000000000C232C786000094
:1017100000000000000000000000000000000000C9
:1017200000000000000000000000000000000000B9
:1017300000000000000000000000000000000000A9
:101740000000000000000000000000000000000099
:101750000000000000000000000000000000000089
:101760000000000000000000000000000000000079
:101770000000000000000000000000000000000069
:101780000000000000000000000000000000000059
:101790000000000000000000000000000000000049
:1017A0000000000000000000000000000000000039
:1017B0000000000000000000000000000000000029
:1017C0000000000000000000000000000000000019
:1017D0000000000000000000000000000000000009
:1017E00000000000000000000000000000000000F9
:1017F00000000000000000000000000000000000E9
:1018000000000000000000000000000000000000D8
:1018100000000000000000000000000000000000C8
:1018200000000000000000000000000000000000B8
:1018300000000000000000000000000000000000A8
:101840000000000000000000000000000000000098
:101850000000000000000000000000000000000088
:101860000000000000000000000000000000000078
:101870000000000000000000000000000000000068
:101880000000000000000000000000000000000058
:101890000000000000000000000000000000000048
:1018A0000000000000000000000000000000000038
:1018B0000000000000000000000000000000000028
:1018C0000000000000000000000000000000000018
:1018D0000000000000000000000000000000000008
:1018E00000000000000000000000000000000000F8
:1018F00000000000000000000000000000000000E8
:1019000000000000000000000000000000000000D7
:1019100000000000000000000000000000000000C7
:1019200000000000000000000000000000000000B7
:1019300000000000000000000000000000000000A7
:101940000000000000000000000000000000000097
:101950000000000000000000000000000000000087
:101960000000000000000000000000000000000077
:101970000000000000000000000000000000000067
:101980000000000000000000000000000000000057
:101990000000000000000000000000000000000047
:1019A0000000000000000000000000000000000037
:1019B0000000000000000000000000000000000027
:1019C0000000000000000000000000000000000017
:1019D0000000000000000000000000000000000007
:1019E00000000000000000000000000000000000F7
:1019F00000000000000000000000000000000000E7
:101A000000000000000000000000000000000000D6
:101A100000000000000000000000000000000000C6
:101A200000000000000000000000000000000000B6
:101A300000000000000000000000000000000000A6
:101A40000000000000000000000000000000000096
:101A50000000000000000000000000000000000086
:101A60000000000000000000000000000000000076
:101A70000000000000000000000000000000000066
:101A80000000000000000000000000000000000056
:101A90000000000000000000000000000000000046
:101AA0000000000000000000000000000000000036
:101AB0000000000000000000000000000000000026
:101AC0000000000000000000000000000000000016
:101AD0000000000000000000000000000000000006
:101AE00000000000000000000000000000000000F6
:101AF00000000000000000000000000000000000E6
:101B000000000000000000000000000000000000D5
:101B100000000000000000000000000000000000C5
:101B200000000000000000000000000000000000B5
:101B300000000000000000000000000000000000A5
:101B40000000000000000000000000000000000095
:101B50000000000000000000000000000000000085
:101B60000000000000000000000000000000000075
:101B70000000000000000000000000000000000065
:101B80000000000000000000000000000000000055
:101B90000000000000000000000000000000000045
:101BA0000000000000000000000000000000000035
:101BB0000000000000000000000000000000000025
:101BC0000000000000000000000000000000000015
:101BD0000000000000000000000000000000000005
:101BE00000000000000000000000000000000000F5
:101BF00000000000000000000000000000000000E5
:101C000000000000000000000000000000000000D4
:101C100000000000000000000000000000000000C4
:101C200000000000000000000000000000000000B4
:101C300000000000000000000000000000000000A4
:101C40000000000000000000000000000000000094
:101C50000000000000000000000000000000000084
:101C60000000000000000000000000000000000074
:101C70000000000000000000000000000000000064
:101C80000000000000000000000000000000000054
:101C90000000000000000000000000000000000044
:101CA0000000000000000000000000000000000034
:101CB0000000000000000000000000000000000024
:101CC0000000000000000000000000000000000014
:101CD0000000000000000000000000000000000004
:101CE00000000000000000000000000000000000F4
:101CF00000000000000000000000000000000000E4
:101D000000000000000000000000000000000000D3
:101D100000000000000000000000000000000000C3
:101D200000000000000000000000000000000000B3
:101D300000000000000000000000000000000000A3
:101D40000000000000000000000000000000000093
:101D50000000000000000000000000000000000083
:101D60000000000000000000000000000000000073
:101D70000000000000000000000000000000000063
:101D80000000000000000000000000000000000053
:101D90000000000000000000000000000000000043
:101DA0000000000000000000000000000000000033
:101DB0000000000000000000000000000000000023
:101DC0000000000000000000000000000000000013
:101DD00000000000000064646464646415B432F6BA
:101DE0000F1E3C32010A32FF0809050302040202F9
:101DF000080C501413132F23000000008C7A842346
:101E000000000000000000000000000000000000D2
:101E100000000000000000000000000000000000C2
:101E200000000000000000000000000000000000B2
:101E300000000000000000000000000000000000A2
:101E4000000000000000000026003900240C360CC1
:101E5000FF34004500FF37002600FF36002400FF56
:101E6000FF00000000000000000000000000000073
:101E70000000000000000000000000000000000062
:101E8000050200FA00FA01C20320012C1920004BC0
:101E90003232000001F40096C8181801F420000541
:101EA0000805FF0000000000000000000000000026
:101EB000EB06876A00000000000000000000000040
:101EC0000000000000000000000000000000000012
:101ED0000000000000000000000000000000000002
:101EE00000000000000000000000000000000000F2
:101EF00000000000000000000000000000000000E2
:101F0000DAF70B94010000800900FC0400000000D7
:101F100018010100000000000000000000000000A7
:101F200000000000000000000000000000000000B1
:101F300000000000000000000000000000000000A1
:101F40000000000000000000000000000000000091
:101F50000000000000000000000000000000000081
:101F60000000000000000000000000000000000071
:101F70000000000000000000000000000000000061
:101F80000000000000000000000000000000000051
:101F90000000000000000000000000000000000041
:101FA0000000000000000000000000000000000031
:101FB0000000000000000000000000000000000021
:101FC0000000000000000000000000000000000011
:101FD0000000000000000000000000000000000001
:101FE00000000000000000000000000000000000F1
:101FF0000000000000000000000000000000A55AE2
:1020000000000000000000000000000000000000D0
:1020100000000000000000000000000000000000C0
:1020200000000000000000000000000000000000B0
:1020300000000000000000000000000000000000A0
:102040000000000000000000000000000000000090
:102050000000000000000000000000000000000080
:102060000000000000000000000000000000000070
:102070000000000000000000000000000000000060
:102080000000000000000000000000000000000050
:102090000000000000000000000000000000000040
:1020A0000000000000000000000000000000000030
:1020B0000000000000000000000000000000000020
:1020C0000000000000000000000000000000000010
:1020D0000000000000000000000000000000000000
:1020E00000000000000000000000000000000000F0
:1020F00000000000000000000000000000000000E0
:1021000000000000000000000000000000000000CF
:1021100000000000000000000000000000000000BF
:1021200000000000000000000000000000000000AF
:10213000000000000000000000000000000000009F
:10214000000000000000000000000000000000008F
:10215000000000000000000000000000000000007F
:10216000000000000000000000000000000000006F
:10217000000000000000000000000000000000005F
:10218000000000000000000000000000000000004F
:10219000000000000000000000000000000000003F
:1021A000000000000000000000000000000000002F
:1021B000000000000000000000000000000000001F
:1021C000000000000000000000000000000000000F
:1021D00000000000000000000000000000000000FF
:1021E00000000000000000000000000000000000EF
:1021F00000000000000000000000000000000000DF
:1022000000000000000000000000000000000000CE
:1022100000000000000000000000000000000000BE
:1022200000000000000000000000000000000000AE
:10223000000000000000000000000000000000009E
:10224000000000000000000000000000000000008E
:10225000000000000000000000000000000000007E
:10226000000000000000000000000000000000006E
:10227000000000000000000000000000000000005E
:10228000000000000000000000000000000000004E
:10229000000000000000000000000000000000003E
:1022A000000000000000000000000000000000002E
:1022B000000000000000000000000000000000001E
:1022C000000000000000000000000000000000000E
:1022D00000000000000000000000000000000000FE
:1022E00000000000000000000000000000000000EE
:1022F00000000000000000000000000000000000DE
:1023000000000000000000000000000000000000CD
:1023100000000000000000000000000000000000BD
:1023200000000000000000000000000000000000AD
:10233000000000000000000000000000000000009D
:10234000000000000000000000000000000000008D
:10235000000000000000000000000000000000007D
:10236000000000000000000000000000000000006D
:10237000000000000000000000000000000000005D
:10238000000000000000000000000000000000004D
:10239000000000000000000000000000000000003D
:1023A000000000000000000000000000000000002D
:1023B000000000000000000000000000000000001D
:1023C000000000000000000000000000000000000D
:1023D00000000000000000000000000000000000FD
:1023E00000000000000000000000000000000000ED
:1023F00000000000000000000000000000000000DD
:1024000000000000000000000000000000000000CC
:1024100000000000000000000000000000000000BC
:1024200000000000000000000000000000000000AC
:10243000000000000000000000000000000000009C
:10244000000000000000000000000000000000008C
:10245000000000000000000000000000000000007C
:10246000000000000000000000000000000000006C
:10247000000000000000000000000000000000005C
:10248000000000000000000000000000000000004C
:10249000000000000000000000000000000000003C
:1024A000000000000000000000000000000000002C
:1024B000000000000000000000000000000000001C
:1024C000000000000000000000000000000000000C
:1024D00000000000000000000000000000000000FC
:1024E00000000000000000000000000000000000EC
:1024F00000000000000000000000000000000000DC
:1025000000000000000000000000000000000000CB
:1025100000000000000000000000000000000000BB
:1025200000000000000000000000000000000000AB
:10253000000000000000000000000000000000009B
:10254000000000000000000000000000000000008B
:10255000000000000000000000000000000000007B
:10256000000000000000000000000000000000006B
:10257000000000000000000000000000000000005B
:10258000000000000000000000000000000000004B
:10259000000000000000000000000000000000003B
:1025A000000000000000000000000000000000002B
:1025B000000000000000000000000000000000001B
:1025C000000000000000000000000000000000000B
:1025D00000000000000000000000000000000000FB
:1025E00000000000000000000000000000000000EB
:1025F00000000000000000000000000000000000DB
:1026000000000000000000000000000000000000CA
:1026100000000000000000000000000000000000BA
:1026200000000000000000000000000000000000AA
:10263000000000000000000000000000000000009A
:10264000000000000000000000000000000000008A
:10265000000000000000000000000000000000007A
:10266000000000000000000000000000000000006A
:10267000000000000000000000000000000000005A
:10268000000000000000000000000000000000004A
:10269000000000000000000000000000000000003A
:1026A000000000000000000000000000000000002A
:1026B000000000000000000000000000000000001A
:1026C000000000000000000000000000000000000A
:1026D00000000000000000000000000000000000FA
:1026E00000000000000000000000000000000000EA
:1026F00000000000000000000000000000000000DA
:1027000000000000000000000000000000000000C9
:1027100000000000000000000000000000000000B9
:1027200000000000000000000000000000000000A9
:102730000000000000000000000000000000000099
:102740000000000000000000000000000000000089
:102750000000000000000000000000000000000079
:102760000000000000000000000000000000000069
:102770000000000000000000000000000000000059
:102780000000000000000000000000000000000049
:102790000000000000000000000000000000000039
:1027A0000000000000000000000000000000000029
:1027B0000000000000000000000000000000000019
:1027C0000000000000000000000000000000000009
:1027D00000000000000000000000000000000000F9
:1027E00000000000000000000000000000000000E9
:1027F00000000000000000000000000000000000D9
:1028000000000000000000000000000000000000C8
:1028100000000000000000000000000000000000B8
:1028200000000000000000000000000000000000A8
:102830000000000000000000000000000000000098
:102840000000000000000000000000000000000088
:102850000000000000000000000000000000000078
:102860000000000000000000000000000000000068
:102870000000000000000000000000000000000058
:102880000000000000000000000000000000000048
:102890000000000000000000000000000000000038
:1028A0000000000000000000000000000000000028
:1028B0000000000000000000000000000000000018
:1028C0000000000000000000000000000000000008
:1028D00000000000000000000000000000000000F8
:1028E00000000000000000000000000000000000E8
:1028F00000000000000000000000000000000000D8
:1029000000000000000000000000000000000000C7
:1029100000000000000000000000000000000000B7
:1029200000000000000000000000000000000000A7
:102930000000000000000000000000000000000097
:102940000000000000000000000000000000000087
:102950000000000000000000000000000000000077
:102960000000000000000000000000000000000067
:102970000000000000000000000000000000000057
:102980000000000000000000000000000000000047
:102990000000000000000000000000000000000037
:1029A0000000000000000000000000000000000027
:1029B0000000000000000000000000000000000017
:1029C0000000000000000000000000000000000007
:1029D00000000000000000000000000000000000F7
:1029E00000000000000000000000000000000000E7
:1029F00000000000000000000000000000000000D7
:102A000000000000000000000000000000000000C6
:102A100000000000000000000000000000000000B6
:102A200000000000000000000000000000000000A6
:102A30000000000000000000000000000000000096
:102A40000000000000000000000000000000000086
:102A50000000000000000000000000000000000076
:102A60000000000000000000000000000000000066
:102A70000000000000000000000000000000000056
:102A80000000000000000000000000000000000046
:102A90000000000000000000000000000000000036
:102AA0000000000000000000000000000000000026
:102AB0000000000000000000000000000000000016
:102AC0000000000000000000000000000000000006
:102AD00000000000000000000000000000000000F6
:102AE00000000000000000000000000000000000E6
:102AF00000000000000000000000000000000000D6
:102B000000000000000000000000000000000000C5
:102B100000000000000000000000000000000000B5
:102B200000000000000000000000000000000000A5
:102B30000000000000000000000000000000000095
:102B40000000000000000000000000000000000085
:102B50000000000000000000000000000000000075
:102B60000000000000000000000000000000000065
:102B70000000000000000000000000000000000055
:102B80000000000000000000000000000000000045
:102B90000000000000000000000000000000000035
:102BA0000000000000000000000000000000000025
:102BB0000000000000000000000000000000000015
:102BC0000000000000000000000000000000000005
:102BD00000000000000000000000000000000000F5
:102BE00000000000000000000000000000000000E5
:102BF00000000000000000000000000000000000D5
:102C000000000000000000000000000000000000C4
:102C100000000000000000000000000000000000B4
:102C200000000000000000000000000000000000A4
:102C30000000000000000000000000000000000094
:102C40000000000000000000000000000000000084
:102C50000000000000000000000000000000000074
:102C60000000000000000000000000000000000064
:102C70000000000000000000000000000000000054
:102C80000000000000000000000000000000000044
:102C90000000000000000000000000000000000034
:102CA0000000000000000000000000000000000024
:102CB0000000000000000000000000000000000014
:102CC0000000000000000000000000000000000004
:102CD00000000000000000000000000000000000F4
:102CE00000000000000000000000000000000000E4
:102CF00000000000000000000000000000000000D4
:102D000000000000000000000000000000000000C3
:102D100000000000000000000000000000000000B3
:102D200000000000000000000000000000000000A3
:102D30000000000000000000000000000000000093
:102D40000000000000000000000000000000000083
:102D50000000000000000000000000000000000073
:102D60000000000000000000000000000000000063
:102D70000000000000000000000000000000000053
:102D80000000000000000000000000000000000043
:102D90000000000000000000000000000000000033
:102DA0000000000000000000000000000000000023
:102DB0000000000000000000000000000000000013
:102DC0000000000000000000000000000000000003
:102DD00000000000000000000000000000000000F3
:102DE00000000000000000000000000000000000E3
:102DF00000000000000000000000000000000000D3
:102E000000000000000000000000000000000000C2
:102E100000000000000000000000000000000000B2
:102E200000000000000000000000000000000000A2
:102E30000000000000000000000000000000000092
:102E40000000000000000000000000000000000082
:102E50000000000000000000000000000000000072
:102E60000000000000000000000000000000000062
:102E70000000000000000000000000000000000052
:102E80000000000000000000000000000000000042
:102E90000000000000000000000000000000000032
:102EA0000000000000000000000000000000000022
:102EB0000000000000000000000000000000000012
:102EC0000000000000000000000000000000000002
:102ED00000000000000000000000000000000000F2
:102EE00000000000000000000000000000000000E2
:102EF00000000000000000000000000000000000D2
:102F000000000000000000000000000000000000C1
:102F100000000000000000000000000000000000B1
:102F200000000000000000000000000000000000A1
:102F30000000000000000000000000000000000091
:102F40000000000000000000000000000000000081
:102F50000000000000000000000000000000000071
:102F60000000000000000000000000000000000061
:102F70000000000000000000000000000000000051
:102F80000000000000000000000000000000000041
:102F90000000000000000000000000000000000031
:102FA0000000000000000000000000000000000021
:102FB0000000000000000000000000000000000011
:102FC0000000000000000000000000000000000001
:102FD00000000000000000000000000000000000F1
:102FE00000000000000000000000000000000000E1
:102FF00000000000000000000000000000000000D1
:1030000000000000000000000000000000000000C0
:1030100000000000000000000000000000000000B0
:1030200000000000000000000000000000000000A0
:103030000000000000000000000000000000000090
:103040000000000000000000000000000000000080
:103050000000000000000000000000000000000070
:103060000000000000000000000000000000000060
:103070000000000000000000000000000000000050
:103080000000000000000000000000000000000040
:103090000000000000000000000000000000000030
:1030A0000000000000000000000000000000000020
:1030B0000000000000000000000000000000000010
:1030C0000000000000000000000000000000000000
:1030D00000000000000000000000000000000000F0
:1030E00000000000000000000000000000000000E0
:1030F00000000000000000000000000000000000D0
:1031000000000000000000000000000000000000BF
:1031100000000000000000000000000000000000AF
:10312000000000000000000000000000000000009F
:10313000000000000000000000000000000000008F
:10314000000000000000000000000000000000007F
:10315000000000000000000000000000000000006F
:10316000000000000000000000000000000000005F
:10317000000000000000000000000000000000004F
:10318000000000000000000000000000000000003F
:10319000000000000000000000000000000000002F
:1031A000000000000000000000000000000000001F
:1031B000000000000000000000000000000000000F
:1031C00000000000000000000000000000000000FF
:1031D00000000000000000000000000000000000EF
:1031E00000000000000000000000000000000000DF
:1031F00000000000000000000000000000000000CF
:1032000000000000000000000000000000000000BE
:1032100000000000000000000000000000000000AE
:10322000000000000000000000000000000000009E
:10323000000000000000000000000000000000008E
:10324000000000000000000000000000000000007E
:10325000000000000000000000000000000000006E
:10326000000000000000000000000000000000005E
:10327000000000000000000000000000000000004E
:10328000000000000000000000000000000000003E
:10329000000000000000000000000000000000002E
:1032A000000000000000000000000000000000001E
:1032B000000000000000000000000000000000000E
:1032C00000000000000000000000000000000000FE
:1032D00000000000000000000000000000000000EE
:1032E00000000000000000000000000000000000DE
:1032F00000000000000000000000000000000000CE
:1033000000000000000000000000000000000000BD
:1033100000000000000000000000000000000000AD
:10332000000000000000000000000000000000009D
:10333000000000000000000000000000000000008D
:10334000000000000000000000000000000000007D
:10335000000000000000000000000000000000006D
:10336000000000000000000000000000000000005D
:10337000000000000000000000000000000000004D
:10338000000000000000000000000000000000003D
:10339000000000000000000000000000000000002D
:1033A000000000000000000000000000000000001D
:1033B000000000000000000000000000000000000D
:1033C00000000000000000000000000000000000FD
:1033D00000000000000000000000000000000000ED
:1033E00000000000000000000000000000000000DD
:1033F00000000000000000000000000000000000CD
:1034000000000000000000000000000000000000BC
:1034100000000000000000000000000000000000AC
:10342000000000000000000000000000000000009C
:10343000000000000000000000000000000000008C
:10344000000000000000000000000000000000007C
:10345000000000000000000000000000000000006C
:10346000000000000000000000000000000000005C
:10347000000000000000000000000000000000004C
:10348000000000000000000000000000000000003C
:10349000000000000000000000000000000000002C
:1034A000000000000000000000000000000000001C
:1034B000000000000000000000000000000000000C
:1034C00000000000000000000000000000000000FC
:1034D00000000000000000000000000000000000EC
:1034E00000000000000000000000000000000000DC
:1034F00000000000000000000000000000000000CC
:1035000000000000000000000000000000000000BB
:1035100000000000000000000000000000000000AB
:10352000000000000000000000000000000000009B
:10353000000000000000000000000000000000008B
:10354000000000000000000000000000000000007B
:10355000000000000000000000000000000000006B
:10356000000000000000000000000000000000005B
:10357000000000000000000000000000000000004B
:10358000000000000000000000000000000000003B
:10359000000000000000000000000000000000002B
:1035A000000000000000000000000000000000001B
:1035B000000000000000000000000000000000000B
:1035C00000000000000000000000000000000000FB
:1035D00000000000000000000000000000000000EB
:1035E00000000000000000000000000000000000DB
:1035F00000000000000000000000000000000000CB
:1036000000000000000000000000000000000000BA
:1036100000000000000000000000000000000000AA
:10362000000000000000000000000000000000009A
:10363000000000000000000000000000000000008A
:10364000000000000000000000000000000000007A
:10365000000000000000000000000000000000006A
:10366000000000000000000000000000000000005A
:10367000000000000000000000000000000000004A
:10368000000000000000000000000000000000003A
:10369000000000000000000000000000000000002A
:1036A000000000000000000000000000000000001A
:1036B000000000000000000000000000000000000A
:1036C00000000000000000000000000000000000FA
:1036D00000000000000000000000000000000000EA
:1036E00000000000000000000000000000000000DA
:1036F00000000000000000000000000000000000CA
:1037000000000000000000000000000000000000B9
:1037100000000000000000000000000000000000A9
:103720000000000000000000000000000000000099
:103730000000000000000000000000000000000089
:103740000000000000000000000000000000000079
:103750000000000000000000000000000000000069
:103760000000000000000000000000000000000059
:103770000000000000000000000000000000000049
:103780000000000000000000000000000000000039
:103790000000000000000000000000000000000029
:1037A0000000000000000000000000000000000019
:1037B0000000000000000000000000000000000009
:1037C00000000000000000000000000000000000F9
:1037D00000000000000000000000000000000000E9
:1037E00000000000000000000000000000000000D9
:1037F00000000000000000000000000000000000C9
:1038000000000000000000000000000000000000B8
:1038100000000000000000000000000000000000A8
:103820000000000000000000000000000000000098
:103830000000000000000000000000000000000088
:103840000000000000000000000000000000000078
:103850000000000000000000000000000000000068
:103860000000000000000000000000000000000058
:103870000000000000000000000000000000000048
:103880000000000000000000000000000000000038
:103890000000000000000000000000000000000028
:1038A0000000000000000000000000000000000018
:1038B0000000000000000000000000000000000008
:1038C00000000000000000000000000000000000F8
:1038D00000000000000000000000000000000000E8
:1038E00000000000000000000000000000000000D8
:1038F00000000000000000000000000000000000C8
:1039000000000000000000000000000000000000B7
:1039100000000000000000000000000000000000A7
:103920000000000000000000000000000000000097
:103930000000000000000000000000000000000087
:103940000000000000000000000000000000000077
:103950000000000000000000000000000000000067
:103960000000000000000000000000000000000057
:103970000000000000000000000000000000000047
:103980000000000000000000000000000000000037
:103990000000000000000000000000000000000027
:1039A0000000000000000000000000000000000017
:1039B0000000000000000000000000000000000007
:1039C00000000000000000000000000000000000F7
:1039D00000000000000000000000000000000000E7
:1039E00000000000000000000000000000000000D7
:1039F00000000000000000000000000000000000C7
:103A000000000000000000000000000000000000B6
:103A100000000000000000000000000000000000A6
:103A20000000000000000000000000000000000096
:103A30000000000000000000000000000000000086
:103A40000000000000000000000000000000000076
:103A50000000000000000000000000000000000066
:103A60000000000000000000000000000000000056
:103A70000000000000000000000000000000000046
:103A80000000000000000000000000000000000036
:103A90000000000000000000000000000000000026
:103AA0000000000000000000000000000000000016
:103AB0000000000000000000000000000000000006
:103AC00000000000000000000000000000000000F6
:103AD00000000000000000000000000000000000E6
:103AE00000000000000000000000000000000000D6
:103AF00000000000000000000000000000000000C6
:103B000000000000000000000000000000000000B5
:103B100000000000000000000000000000000000A5
:103B20000000000000000000000000000000000095
:103B30000000000000000000000000000000000085
:103B40000000000000000000000000000000000075
:103B50000000000000000000000000000000000065
:103B60000000000000000000000000000000000055
:103B70000000000000000000000000000000000045
:103B80000000000000000000000000000000000035
:103B90000000000000000000000000000000000025
:103BA0000000000000000000000000000000000015
:103BB0000000000000000000000000000000000005
:103BC00000000000000000000000000000000000F5
:103BD00000000000000000000000000000000000E5
:103BE00000000000000000000000000000000000D5
:103BF00000000000000000000000000000000000C5
:103C000000000000000000000000000000000000B4
:103C100000000000000000000000000000000000A4
:103C20000000000000000000000000000000000094
:103C30000000000000000000000000000000000084
:103C40000000000000000000000000000000000074
:103C50000000000000000000000000000000000064
:103C60000000000000000000000000000000000054
:103C70000000000000000000000000000000000044
:103C80000000000000000000000000000000000034
:103C90000000000000000000000000000000000024
:103CA0000000000000000000000000000000000014
:103CB0000000000000000000000000000000000004
:103CC00000000000000000000000000000000000F4
:103CD00000000000000000000000000000000000E4
:103CE00000000000000000000000000000000000D4
:103CF00000000000000000000000000000000000C4
:103D000000000000000000000000000000000000B3
:103D100000000000000000000000000000000000A3
:103D20000000000000000000000000000000000093
:103D30000000000000000000000000000000000083
:103D40000000000000000000000000000000000073
:103D50000000000000000000000000000000000063
:103D60000000000000000000000000000000000053
:103D70000000000000000000000000000000000043
:103D80000000000000000000000000000000000033
:103D90000000000000000000000000000000000023
:103DA0000000000000000000000000000000000013
:103DB0000000000000000000000000000000000003
:103DC00000000000000000000000000000000000F3
:103DD00000000000000000000000000000000000E3
:103DE00000000000000000000000000000000000D3
:103DF00000000000000000000000000000000000C3
:103E000000000000000000000000000000000000B2
:103E100000000000000000000000000000000000A2
:103E20000000000000000000000000000000000092
:103E30000000000000000000000000000000000082
:103E40000000000000000000000000000000000072
:103E50000000000000000000000000000000000062
:103E60000000000000000000000000000000000052
:103E70000000000000000000000000000000000042
:103E80000000000000000000000000000000000032
:103E90000000000000000000000000000000000022
:103EA0000000000000000000000000000000000012
:103EB0000000000000000000000000000000000002
:103EC00000000000000000000000000000000000F2
:103ED00000000000000000000000000000000000E2
:103EE00000000000000000000000000000000000D2
:103EF00000000000000000000000000000000000C2
:103F000000000000000000000000000000000000B1
:103F100000000000000000000000000000000000A1
:103F20000000000000000000000000000000000091
:103F30000000000000000000000000000000000081
:103F40000000000000000000000000000000000071
:103F50000000000000000000000000000000000061
:103F60000000000000000000000000000000000051
:103F70000000000000000000000000000000000041
:103F80000000000000000000000000000000000031
:103F90000000000000000000000000000000000021
:103FA0000000000000000000000000000000000011
:103FB0000000000000000000000000000000000001
:103FC00000000000000000000000000000000000F1
:103FD00000000000000000000000000000000000E1
:103FE00000000000000000000000000000000000D1
:103FF00000000000000000000000000000000000C1
:1040000000000000000000000000000000000000B0
:1040100000000000000000000000000000000000A0
:104020000000000000000000000000000000000090
:104030000000000000000000000000000000000080
:104040000000000000000000000000000000000070
:104050000000000000000000000000000000000060
:104060000000000000000000000000000000000050
:104070000000000000000000000000000000000040
:104080000000000000000000000000000000000030
:104090000000000000000000000000000000000020
:1040A0000000000000000000000000000000000010
:1040B0000000000000000000000000000000000000
:1040C00000000000000000000000000000000000F0
:1040D00000000000000000000000000000000000E0
:1040E00000000000000000000000000000000000D0
:1040F00000000000000000000000000000000000C0
:1041000000000000000000000000000000000000AF
:10411000000000000000000000000000000000009F
:10412000000000000000000000000000000000008F
:10413000000000000000000000000000000000007F
:10414000000000000000000000000000000000006F
:10415000000000000000000000000000000000005F
:10416000000000000000000000000000000000004F
:10417000000000000000000000000000000000003F
:10418000000000000000000000000000000000002F
:10419000000000000000000000000000000000001F
:1041A000000000000000000000000000000000000F
:1041B00000000000000000000000000000000000FF
:1041C00000000000000000000000000000000000EF
:1041D00000000000000000000000000000000000DF
:1041E00000000000000000000000000000000000CF
:1041F00000000000000000000000000000000000BF
:1042000000000000000000000000000000000000AE
:10421000000000000000000000000000000000009E
:10422000000000000000000000000000000000008E
:10423000000000000000000000000000000000007E
:10424000000000000000000000000000000000006E
:10425000000000000000000000000000000000005E
:10426000000000000000000000000000000000004E
:10427000000000000000000000000000000000003E
:10428000000000000000000000000000000000002E
:10429000000000000000000000000000000000001E
:1042A000000000000000000000000000000000000E
:1042B00000000000000000000000000000000000FE
:1042C00000000000000000000000000000000000EE
:1042D00000000000000000000000000000000000DE
:1042E00000000000000000000000000000000000CE
:1042F00000000000000000000000000000000000BE
:1043000000000000000000000000000000000000AD
:10431000000000000000000000000000000000009D
:10432000000000000000000000000000000000008D
:10433000000000000000000000000000000000007D
:10434000000000000000000000000000000000006D
:10435000000000000000000000000000000000005D
:10436000000000000000000000000000000000004D
:10437000000000000000000000000000000000003D
:10438000000000000000000000000000000000002D
:10439000000000000000000000000000000000001D
:1043A000000000000000000000000000000000000D
:1043B00000000000000000000000000000000000FD
:1043C00000000000000000000000000000000000ED
:1043D00000000000000000000000000000000000DD
:1043E00000000000000000000000000000000000CD
:1043F00000000000000000000000000000000000BD
:1044000000000000000000000000000000000000AC
:10441000000000000000000000000000000000009C
:10442000000000000000000000000000000000008C
:10443000000000000000000000000000000000007C
:10444000000000000000000000000000000000006C
:10445000000000000000000000000000000000005C
:10446000000000000000000000000000000000004C
:10447000000000000000000000000000000000003C
:10448000000000000000000000000000000000002C
:10449000000000000000000000000000000000001C
:1044A000000000000000000000000000000000000C
:1044B00000000000000000000000000000000000FC
:1044C00000000000000000000000000000000000EC
:1044D00000000000000000000000000000000000DC
:1044E00000000000000000000000000000000000CC
:1044F00000000000000000000000000000000000BC
:1045000000000000000000000000000000000000AB
:10451000000000000000000000000000000000009B
:10452000000000000000000000000000000000008B
:10453000000000000000000000000000000000007B
:10454000000000000000000000000000000000006B
:10455000000000000000000000000000000000005B
:10456000000000000000000000000000000000004B
:10457000000000000000000000000000000000003B
:10458000000000000000000000000000000000002B
:10459000000000000000000000000000000000001B
:1045A000000000000000000000000000000000000B
:1045B00000000000000000000000000000000000FB
:1045C00000000000000000000000000000000000EB
:1045D00000000000000000000000000000000000DB
:1045E00000000000000000000000000000000000CB
:1045F00000000000000000000000000000000000BB
:1046000000000000000000000000000000000000AA
:10461000000000000000000000000000000000009A
:10462000000000000000000000000000000000008A
:10463000000000000000000000000000000000007A
:10464000000000000000000000000000000000006A
:10465000000000000000000000000000000000005A
:10466000000000000000000000000000000000004A
:10467000000000000000000000000000000000003A
:10468000000000000000000000000000000000002A
:10469000000000000000000000000000000000001A
:1046A000000000000000000000000000000000000A
:1046B00000000000000000000000000000000000FA
:1046C00000000000000000000000000000000000EA
:1046D00000000000000000000000000000000000DA
:1046E00000000000000000000000000000000000CA
:1046F00000000000000000000000000000000000BA
:1047000000000000000000000000000000000000A9
:104710000000000000000000000000000000000099
:104720000000000000000000000000000000000089
:104730000000000000000000000000000000000079
:104740000000000000000000000000000000000069
:104750000000000000000000000000000000000059
:104760000000000000000000000000000000000049
:104770000000000000000000000000000000000039
:104780000000000000000000000000000000000029
:104790000000000000000000000000000000000019
:1047A0000000000000000000000000000000000009
:1047B00000000000000000000000000000000000F9
:1047C00000000000000000000000000000000000E9
:1047D00000000000000000000000000000000000D9
:1047E00000000000000000000000000000000000C9
:1047F00000000000000000000000000000000000B9
:1048000000000000000000000000000000000000A8
:104810000000000000000000000000000000000098
:104820000000000000000000000000000000000088
:104830000000000000000000000000000000000078
:104840000000000000000000000000000000000068
:104850000000000000000000000000000000000058
:104860000000000000000000000000000000000048
:104870000000000000000000000000000000000038
:104880000000000000000000000000000000000028
:104890000000000000000000000000000000000018
:1048A0000000000000000000000000000000000008
:1048B00000000000000000000000000000000000F8
:1048C00000000000000000000000000000000000E8
:1048D00000000000000000000000000000000000D8
:1048E00000000000000000000000000000000000C8
:1048F00000000000000000000000000000000000B8
:1049000000000000000000000000000000000000A7
:104910000000000000000000000000000000000097
:104920000000000000000000000000000000000087
:104930000000000000000000000000000000000077
:104940000000000000000000000000000000000067
:104950000000000000000000000000000000000057
:104960000000000000000000000000000000000047
:104970000000000000000000000000000000000037
:104980000000000000000000000000000000000027
:104990000000000000000000000000000000000017
:1049A0000000000000000000000000000000000007
:1049B00000000000000000000000000000000000F7
:1049C00000000000000000000000000000000000E7
:1049D00000000000000000000000000000000000D7
:1049E00000000000000000000000000000000000C7
:1049F00000000000000000000000000000000000B7
:104A000000000000000000000000000000000000A6
:104A10000000000000000000000000000000000096
:104A20000000000000000000000000000000000086
:104A30000000000000000000000000000000000076
:104A40000000000000000000000000000000000066
:104A50000000000000000000000000000000000056
:104A60000000000000000000000000000000000046
:104A70000000000000000000000000000000000036
:104A80000000000000000000000000000000000026
:104A90000000000000000000000000000000000016
:104AA0000000000000000000000000000000000006
:104AB00000000000000000000000000000000000F6
:104AC00000000000000000000000000000000000E6
:104AD00000000000000000000000000000000000D6
:104AE00000000000000000000000000000000000C6
:104AF00000000000000000000000000000000000B6
:104B000000000000000000000000000000000000A5
:104B10000000000000000000000000000000000095
:104B20000000000000000000000000000000000085
:104B30000000000000000000000000000000000075
:104B40000000000000000000000000000000000065
:104B50000000000000000000000000000000000055
:104B60000000000000000000000000000000000045
:104B70000000000000000000000000000000000035
:104B80000000000000000000000000000000000025
:104B90000000000000000000000000000000000015
:104BA0000000000000000000000000000000000005
:104BB00000000000000000000000000000000000F5
:104BC00000000000000000000000000000000000E5
:104BD00000000000000000000000000000000000D5
:104BE00000000000000000000000000000000000C5
:104BF00000000000000000000000000000000000B5
:104C000000000000000000000000000000000000A4
:104C10000000000000000000000000000000000094
:104C20000000000000000000000000000000000084
:104C30000000000000000000000000000000000074
:104C40000000000000000000000000000000000064
:104C50000000000000000000000000000000000054
:104C60000000000000000000000000000000000044
:104C70000000000000000000000000000000000034
:104C80000000000000000000000000000000000024
:104C90000000000000000000000000000000000014
:104CA0000000000000000000000000000000000004
:104CB00000000000000000000000000000000000F4
:104CC00000000000000000000000000000000000E4
:104CD00000000000000000000000000000000000D4
:104CE00000000000000000000000000000000000C4
:104CF00000000000000000000000000000000000B4
:104D000000000000000000000000000000000000A3
:104D10000000000000000000000000000000000093
:104D20000000000000000000000000000000000083
:104D30000000000000000000000000000000000073
:104D40000000000000000000000000000000000063
:104D50000000000000000000000000000000000053
:104D60000000000000000000000000000000000043
:104D70000000000000000000000000000000000033
:104D80000000000000000000000000000000000023
:104D90000000000000000000000000000000000013
:104DA0000000000000000000000000000000000003
:104DB00000000000000000000000000000000000F3
:104DC00000000000000000000000000000000000E3
:104DD00000000000000000000000000000000000D3
:104DE00000000000000000000000000000000000C3
:104DF00000000000000000000000000000000000B3
:104E000000000000000000000000000000000000A2
:104E10000000000000000000000000000000000092
:104E20000000000000000000000000000000000082
:104E30000000000000000000000000000000000072
:104E40000000000000000000000000000000000062
:104E50000000000000000000000000000000000052
:104E60000000000000000000000000000000000042
:104E70000000000000000000000000000000000032
:104E80000000000000000000000000000000000022
:104E90000000000000000000000000000000000012
:104EA0000000000000000000000000000000000002
:104EB00000000000000000000000000000000000F2
:104EC00000000000000000000000000000000000E2
:104ED00000000000000000000000000000000000D2
:104EE00000000000000000000000000000000000C2
:104EF00000000000000000000000000000000000B2
:104F000000000000000000000000000000000000A1
:104F10000000000000000000000000000000000091
:104F20000000000000000000000000000000000081
:104F30000000000000000000000000000000000071
:104F40000000000000000000000000000000000061
:104F50000000000000000000000000000000000051
:104F60000000000000000000000000000000000041
:104F70000000000000000000000000000000000031
:104F80000000000000000000000000000000000021
:104F90000000000000000000000000000000000011
:104FA0000000000000000000000000000000000001
:104FB00000000000000000000000000000000000F1
:104FC00000000000000000000000000000000000E1
:104FD00000000000000000000000000000000000D1
:104FE00000000000000000000000000000000000C1
:104FF00000000000000000000000000000000000B1
:1050000000000000000000000000000000000000A0
:105010000000000000000000000000000000000090
:105020000000000000000000000000000000000080
:105030000000000000000000000000000000000070
:105040000000000000000000000000000000000060
:105050000000000000000000000000000000000050
:105060000000000000000000000000000000000040
:105070000000000000000000000000000000000030
:105080000000000000000000000000000000000020
:105090000000000000000000000000000000000010
:1050A0000000000000000000000000000000000000
:1050B00000000000000000000000000000000000F0
:1050C00000000000000000000000000000000000E0
:1050D00000000000000000000000000000000000D0
:1050E00000000000000000000000000000000000C0
:1050F00000000000000000000000000000000000B0
:10510000000000000000000000000000000000009F
:10511000000000000000000000000000000000008F
:10512000000000000000000000000000000000007F
:10513000000000000000000000000000000000006F
:10514000000000000000000000000000000000005F
:10515000000000000000000000000000000000004F
:10516000000000000000000000000000000000003F
:10517000000000000000000000000000000000002F
:10518000000000000000000000000000000000001F
:10519000000000000000000000000000000000000F
:1051A00000000000000000000000000000000000FF
:1051B00000000000000000000000000000000000EF
:1051C00000000000000000000000000000000000DF
:1051D00000000000000000000000000000000000CF
:1051E00000000000000000000000000000000000BF
:1051F00000000000000000000000000000000000AF
:10520000000000000000000000000000000000009E
:10521000000000000000000000000000000000008E
:10522000000000000000000000000000000000007E
:10523000000000000000000000000000000000006E
:10524000000000000000000000000000000000005E
:10525000000000000000000000000000000000004E
:10526000000000000000000000000000000000003E
:10527000000000000000000000000000000000002E
:10528000000000000000000000000000000000001E
:10529000000000000000000000000000000000000E
:1052A00000000000000000000000000000000000FE
:1052B00000000000000000000000000000000000EE
:1052C00000000000000000000000000000000000DE
:1052D00000000000000000000000000000000000CE
:1052E00000000000000000000000000000000000BE
:1052F00000000000000000000000000000000000AE
:10530000000000000000000000000000000000009D
:10531000000000000000000000000000000000008D
:10532000000000000000000000000000000000007D
:10533000000000000000000000000000000000006D
:10534000000000000000000000000000000000005D
:10535000000000000000000000000000000000004D
:10536000000000000000000000000000000000003D
:10537000000000000000000000000000000000002D
:10538000000000000000000000000000000000001D
:10539000000000000000000000000000000000000D
:1053A00000000000000000000000000000000000FD
:1053B00000000000000000000000000000000000ED
:1053C00000000000000000000000000000000000DD
:1053D00000000000000000000000000000000000CD
:1053E00000000000000000000000000000000000BD
:1053F00000000000000000000000000000000000AD
:10540000000000000000000000000000000000009C
:10541000000000000000000000000000000000008C
:10542000000000000000000000000000000000007C
:10543000000000000000000000000000000000006C
:10544000000000000000000000000000000000005C
:10545000000000000000000000000000000000004C
:10546000000000000000000000000000000000003C
:10547000000000000000000000000000000000002C
:10548000000000000000000000000000000000001C
:10549000000000000000000000000000000000000C
:1054A00000000000000000000000000000000000FC
:1054B00000000000000000000000000000000000EC
:1054C00000000000000000000000000000000000DC
:1054D00000000000000000000000000000000000CC
:1054E00000000000000000000000000000000000BC
:1054F00000000000000000000000000000000000AC
:10550000000000000000000000000000000000009B
:10551000000000000000000000000000000000008B
:10552000000000000000000000000000000000007B
:10553000000000000000000000000000000000006B
:10554000000000000000000000000000000000005B
:10555000000000000000000000000000000000004B
:10556000000000000000000000000000000000003B
:10557000000000000000000000000000000000002B
:10558000000000000000000000000000000000001B
:10559000000000000000000000000000000000000B
:1055A00000000000000000000000000000000000FB
:1055B00000000000000000000000000000000000EB
:1055C00000000000000000000000000000000000DB
:1055D00000000000000000000000000000000000CB
:1055E00000000000000000000000000000000000BB
:1055F00000000000000000000000000000000000AB
:10560000000000000000000000000000000000009A
:10561000000000000000000000000000000000008A
:10562000000000000000000000000000000000007A
:10563000000000000000000000000000000000006A
:10564000000000000000000000000000000000005A
:10565000000000000000000000000000000000004A
:10566000000000000000000000000000000000003A
:10567000000000000000000000000000000000002A
:10568000000000000000000000000000000000001A
:10569000000000000000000000000000000000000A
:1056A00000000000000000000000000000000000FA
:1056B00000000000000000000000000000000000EA
:1056C00000000000000000000000000000000000DA
:1056D00000000000000000000000000000000000CA
:1056E00000000000000000000000000000000000BA
:1056F00000000000000000000000000000000000AA
:105700000000000000000000000000000000000099
:105710000000000000000000000000000000000089
:105720000000000000000000000000000000000079
:105730000000000000000000000000000000000069
:105740000000000000000000000000000000000059
:105750000000000000000000000000000000000049
:105760000000000000000000000000000000000039
:105770000000000000000000000000000000000029
:105780000000000000000000000000000000000019
:105790000000000000000000000000000000000009
:1057A00000000000000000000000000000000000F9
:1057B00000000000000000000000000000000000E9
:1057C00000000000000000000000000000000000D9
:1057D00000000000000000000000000000000000C9
:1057E00000000000000000000000000000000000B9
:1057F00000000000000000000000000000000000A9
:105800000000000000000000000000000000000098
:105810000000000000000000000000000000000088
:105820000000000000000000000000000000000078
:105830000000000000000000000000000000000068
:105840000000000000000000000000000000000058
:105850000000000000000000000000000000000048
:105860000000000000000000000000000000000038
:105870000000000000000000000000000000000028
:105880000000000000000000000000000000000018
:105890000000000000000000000000000000000008
:1058A00000000000000000000000000000000000F8
:1058B00000000000000000000000000000000000E8
:1058C00000000000000000000000000000000000D8
:1058D00000000000000000000000000000000000C8
:1058E00000000000000000000000000000000000B8
:1058F00000000000000000000000000000000000A8
:105900000000000000000000000000000000000097
:105910000000000000000000000000000000000087
:105920000000000000000000000000000000000077
:105930000000000000000000000000000000000067
:105940000000000000000000000000000000000057
:105950000000000000000000000000000000000047
:105960000000000000000000000000000000000037
:105970000000000000000000000000000000000027
:105980000000000000000000000000000000000017
:105990000000000000000000000000000000000007
:1059A00000000000000000000000000000000000F7
:1059B00000000000000000000000000000000000E7
:1059C00000000000000000000000000000000000D7
:1059D00000000000000000000000000000000000C7
:1059E00000000000000000000000000000000000B7
:1059F00000000000000000000000000000000000A7
:105A00000000000000000000000000000000000096
:105A10000000000000000000000000000000000086
:105A20000000000000000000000000000000000076
:105A30000000000000000000000000000000000066
:105A40000000000000000000000000000000000056
:105A50000000000000000000000000000000000046
:105A60000000000000000000000000000000000036
:105A70000000000000000000000000000000000026
:105A80000000000000000000000000000000000016
:105A90000000000000000000000000000000000006
:105AA00000000000000000000000000000000000F6
:105AB00000000000000000000000000000000000E6
:105AC00000000000000000000000000000000000D6
:105AD00000000000000000000000000000000000C6
:105AE00000000000000000000000000000000000B6
:105AF00000000000000000000000000000000000A6
:105B00000000000000000000000000000000000095
:105B10000000000000000000000000000000000085
:105B20000000000000000000000000000000000075
:105B30000000000000000000000000000000000065
:105B40000000000000000000000000000000000055
:105B50000000000000000000000000000000000045
:105B60000000000000000000000000000000000035
:105B70000000000000000000000000000000000025
:105B80000000000000000000000000000000000015
:105B90000000000000000000000000000000000005
:105BA00000000000000000000000000000000000F5
:105BB00000000000000000000000000000000000E5
:105BC00000000000000000000000000000000000D5
:105BD00000000000000000000000000000000000C5
:105BE00000000000000000000000000000000000B5
:105BF00000000000000000000000000000000000A5
:105C00000000000000000000000000000000000094
:105C10000000000000000000000000000000000084
:105C20000000000000000000000000000000000074
:105C30000000000000000000000000000000000064
:105C40000000000000000000000000000000000054
:105C50000000000000000000000000000000000044
:105C60000000000000000000000000000000000034
:105C70000000000000000000000000000000000024
:105C80000000000000000000000000000000000014
:105C90000000000000000000000000000000000004
:105CA00000000000000000000000000000000000F4
:105CB00000000000000000000000000000000000E4
:105CC00000000000000000000000000000000000D4
:105CD00000000000000000000000000000000000C4
:105CE00000000000000000000000000000000000B4
:105CF00000000000000000000000000000000000A4
:105D00000000000000000000000000000000000093
:105D10000000000000000000000000000000000083
:105D20000000000000000000000000000000000073
:105D30000000000000000000000000000000000063
:105D40000000000000000000000000000000000053
:105D50000000000000000000000000000000000043
:105D60000000000000000000000000000000000033
:105D70000000000000000000000000000000000023
:105D80000000000000000000000000000000000013
:105D90000000000000000000000000000000000003
:105DA00000000000000000000000000000000000F3
:105DB00000000000000000000000000000000000E3
:105DC00000000000000000000000000000000000D3
:105DD00000000000000000000000000000000000C3
:105DE00000000000000000000000000000000000B3
:105DF00000000000000000000000000000000000A3
:105E00000000000000000000000000000000000092
:105E10000000000000000000000000000000000082
:105E20000000000000000000000000000000000072
:105E30000000000000000000000000000000000062
:105E40000000000000000000000000000000000052
:105E50000000000000000000000000000000000042
:105E60000000000000000000000000000000000032
:105E70000000000000000000000000000000000022
:105E80000000000000000000000000000000000012
:105E90000000000000000000000000000000000002
:105EA00000000000000000000000000000000000F2
:105EB00000000000000000000000000000000000E2
:105EC00000000000000000000000000000000000D2
:105ED00000000000000000000000000000000000C2
:105EE00000000000000000000000000000000000B2
:105EF00000000000000000000000000000000000A2
:105F00000000000000000000000000000000000091
:105F10000000000000000000000000000000000081
:105F20000000000000000000000000000000000071
:105F30000000000000000000000000000000000061
:105F40000000000000000000000000000000000051
:105F50000000000000000000000000000000000041
:105F60000000000000000000000000000000000031
:105F70000000000000000000000000000000000021
:105F80000000000000000000000000000000000011
:105F90000000000000000000000000000000000001
:105FA00000000000000000000000000000000000F1
:105FB00000000000000000000000000000000000E1
:105FC00000000000000000000000000000000000D1
:105FD00000000000000000000000000000000000C1
:105FE00000000000000000000000000000000000B1
:105FF00000000000000000000000000000000000A1
:106000000000000000000000000000000000000090
:106010000000000000000000000000000000000080
:106020000000000000000000000000000000000070
:106030000000000000000000000000000000000060
:106040000000000000000000000000000000000050
:106050000000000000000000000000000000000040
:106060000000000000000000000000000000000030
:106070000000000000000000000000000000000020
:106080000000000000000000000000000000000010
:106090000000000000000000000000000000000000
:1060A00000000000000000000000000000000000F0
:1060B00000000000000000000000000000000000E0
:1060C00000000000000000000000000000000000D0
:1060D00000000000000000000000000000000000C0
:1060E00000000000000000000000000000000000B0
:1060F00000000000000000000000000000000000A0
:10610000000000000000000000000000000000008F
:10611000000000000000000000000000000000007F
:10612000000000000000000000000000000000006F
:10613000000000000000000000000000000000005F
:10614000000000000000000000000000000000004F
:10615000000000000000000000000000000000003F
:10616000000000000000000000000000000000002F
:10617000000000000000000000000000000000001F
:10618000000000000000000000000000000000000F
:1061900000000000000000000000000000000000FF
:1061A00000000000000000000000000000000000EF
:1061B00000000000000000000000000000000000DF
:1061C00000000000000000000000000000000000CF
:1061D00000000000000000000000000000000000BF
:1061E00000000000000000000000000000000000AF
:1061F000000000000000000000000000000000009F
:10620000000000000000000000000000000000008E
:10621000000000000000000000000000000000007E
:10622000000000000000000000000000000000006E
:10623000000000000000000000000000000000005E
:10624000000000000000000000000000000000004E
:10625000000000000000000000000000000000003E
:10626000000000000000000000000000000000002E
:10627000000000000000000000000000000000001E
:10628000000000000000000000000000000000000E
:1062900000000000000000000000000000000000FE
:1062A00000000000000000000000000000000000EE
:1062B00000000000000000000000000000000000DE
:1062C00000000000000000000000000000000000CE
:1062D00000000000000000000000000000000000BE
:1062E00000000000000000000000000000000000AE
:1062F000000000000000000000000000000000009E
:10630000000000000000000000000000000000008D
:10631000000000000000000000000000000000007D
:10632000000000000000000000000000000000006D
:10633000000000000000000000000000000000005D
:10634000000000000000000000000000000000004D
:10635000000000000000000000000000000000003D
:10636000000000000000000000000000000000002D
:10637000000000000000000000000000000000001D
:10638000000000000000000000000000000000000D
:1063900000000000000000000000000000000000FD
:1063A00000000000000000000000000000000000ED
:1063B00000000000000000000000000000000000DD
:1063C00000000000000000000000000000000000CD
:1063D00000000000000000000000000000000000BD
:1063E00000000000000000000000000000000000AD
:1063F000000000000000000000000000000000009D
:10640000000000000000000000000000000000008C
:10641000000000000000000000000000000000007C
:10642000000000000000000000000000000000006C
:10643000000000000000000000000000000000005C
:10644000000000000000000000000000000000004C
:10645000000000000000000000000000000000003C
:10646000000000000000000000000000000000002C
:10647000000000000000000000000000000000001C
:10648000000000000000000000000000000000000C
:1064900000000000000000000000000000000000FC
:1064A00000000000000000000000000000000000EC
:1064B00000000000000000000000000000000000DC
:1064C00000000000000000000000000000000000CC
:1064D00000000000000000000000000000000000BC
:1064E00000000000000000000000000000000000AC
:1064F000000000000000000000000000000000009C
:10650000000000000000000000000000000000008B
:10651000000000000000000000000000000000007B
:10652000000000000000000000000000000000006B
:10653000000000000000000000000000000000005B
:10654000000000000000000000000000000000004B
:10655000000000000000000000000000000000003B
:10656000000000000000000000000000000000002B
:10657000000000000000000000000000000000001B
:10658000000000000000000000000000000000000B
:1065900000000000000000000000000000000000FB
:1065A00000000000000000000000000000000000EB
:1065B00000000000000000000000000000000000DB
:1065C00000000000000000000000000000000000CB
:1065D00000000000000000000000000000000000BB
:1065E00000000000000000000000000000000000AB
:1065F000000000000000000000000000000000009B
:10660000000000000000000000000000000000008A
:10661000000000000000000000000000000000007A
:10662000000000000000000000000000000000006A
:10663000000000000000000000000000000000005A
:10664000000000000000000000000000000000004A
:10665000000000000000000000000000000000003A
:10666000000000000000000000000000000000002A
:10667000000000000000000000000000000000001A
:10668000000000000000000000000000000000000A
:1066900000000000000000000000000000000000FA
:1066A00000000000000000000000000000000000EA
:1066B00000000000000000000000000000000000DA
:1066C00000000000000000000000000000000000CA
:1066D00000000000000000000000000000000000BA
:1066E00000000000000000000000000000000000AA
:1066F000000000000000000000000000000000009A
:106700000000000000000000000000000000000089
:106710000000000000000000000000000000000079
:106720000000000000000000000000000000000069
:106730000000000000000000000000000000000059
:106740000000000000000000000000000000000049
:106750000000000000000000000000000000000039
:106760000000000000000000000000000000000029
:106770000000000000000000000000000000000019
:106780000000000000000000000000000000000009
:1067900000000000000000000000000000000000F9
:1067A00000000000000000000000000000000000E9
:1067B00000000000000000000000000000000000D9
:1067C00000000000000000000000000000000000C9
:1067D00000000000000000000000000000000000B9
:1067E00000000000000000000000000000000000A9
:1067F0000000000000000000000000000000000099
:106800000000000000000000000000000000000088
:106810000000000000000000000000000000000078
:106820000000000000000000000000000000000068
:106830000000000000000000000000000000000058
:106840000000000000000000000000000000000048
:106850000000000000000000000000000000000038
:106860000000000000000000000000000000000028
:106870000000000000000000000000000000000018
:106880000000000000000000000000000000000008
:1068900000000000000000000000000000000000F8
:1068A00000000000000000000000000000000000E8
:1068B00000000000000000000000000000000000D8
:1068C00000000000000000000000000000000000C8
:1068D00000000000000000000000000000000000B8
:1068E00000000000000000000000000000000000A8
:1068F0000000000000000000000000000000000098
:106900000000000000000000000000000000000087
:106910000000000000000000000000000000000077
:106920000000000000000000000000000000000067
:106930000000000000000000000000000000000057
:106940000000000000000000000000000000000047
:106950000000000000000000000000000000000037
:106960000000000000000000000000000000000027
:106970000000000000000000000000000000000017
:106980000000000000000000000000000000000007
:1069900000000000000000000000000000000000F7
:1069A00000000000000000000000000000000000E7
:1069B00000000000000000000000000000000000D7
:1069C00000000000000000000000000000000000C7
:1069D00000000000000000000000000000000000B7
:1069E00000000000000000000000000000000000A7
:1069F0000000000000000000000000000000000097
:106A00000000000000000000000000000000000086
:106A10000000000000000000000000000000000076
:106A20000000000000000000000000000000000066
:106A30000000000000000000000000000000000056
:106A40000000000000000000000000000000000046
:106A50000000000000000000000000000000000036
:106A60000000000000000000000000000000000026
:106A70000000000000000000000000000000000016
:106A80000000000000000000000000000000000006
:106A900000000000000000000000000000000000F6
:106AA00000000000000000000000000000000000E6
:106AB00000000000000000000000000000000000D6
:106AC00000000000000000000000000000000000C6
:106AD00000000000000000000000000000000000B6
:106AE00000000000000000000000000000000000A6
:106AF0000000000000000000000000000000000096
:106B00000000000000000000000000000000000085
:106B10000000000000000000000000000000000075
:106B20000000000000000000000000000000000065
:106B30000000000000000000000000000000000055
:106B40000000000000000000000000000000000045
:106B50000000000000000000000000000000000035
:106B60000000000000000000000000000000000025
:106B70000000000000000000000000000000000015
:106B80000000000000000000000000000000000005
:106B900000000000000000000000000000000000F5
:106BA00000000000000000000000000000000000E5
:106BB00000000000000000000000000000000000D5
:106BC00000000000000000000000000000000000C5
:106BD00000000000000000000000000000000000B5
:106BE00000000000000000000000000000000000A5
:106BF0000000000000000000000000000000000095
:106C00000000000000000000000000000000000084
:106C10000000000000000000000000000000000074
:106C20000000000000000000000000000000000064
:106C30000000000000000000000000000000000054
:106C40000000000000000000000000000000000044
:106C50000000000000000000000000000000000034
:106C60000000000000000000000000000000000024
:106C70000000000000000000000000000000000014
:106C80000000000000000000000000000000000004
:106C900000000000000000000000000000000000F4
:106CA00000000000000000000000000000000000E4
:106CB00000000000000000000000000000000000D4
:106CC00000000000000000000000000000000000C4
:106CD00000000000000000000000000000000000B4
:106CE00000000000000000000000000000000000A4
:106CF0000000000000000000000000000000000094
:106D00000000000000000000000000000000000083
:106D10000000000000000000000000000000000073
:106D20000000000000000000000000000000000063
:106D30000000000000000000000000000000000053
:106D40000000000000000000000000000000000043
:106D50000000000000000000000000000000000033
:106D60000000000000000000000000000000000023
:106D70000000000000000000000000000000000013
:106D80000000000000000000000000000000000003
:106D900000000000000000000000000000000000F3
:106DA00000000000000000000000000000000000E3
:106DB00000000000000000000000000000000000D3
:106DC00000000000000000000000000000000000C3
:106DD00000000000000000000000000000000000B3
:106DE00000000000000000000000000000000000A3
:106DF0000000000000000000000000000000000093
:106E00000000000000000000000000000000000082
:106E10000000000000000000000000000000000072
:106E20000000000000000000000000000000000062
:106E30000000000000000000000000000000000052
:106E40000000000000000000000000000000000042
:106E50000000000000000000000000000000000032
:106E60000000000000000000000000000000000022
:106E70000000000000000000000000000000000012
:106E80000000000000000000000000000000000002
:106E900000000000000000000000000000000000F2
:106EA00000000000000000000000000000000000E2
:106EB00000000000000000000000000000000000D2
:106EC00000000000000000000000000000000000C2
:106ED00000000000000000000000000000000000B2
:106EE00000000000000000000000000000000000A2
:106EF0000000000000000000000000000000000092
:106F00000000000000000000000000000000000081
:106F10000000000000000000000000000000000071
:106F20000000000000000000000000000000000061
:106F30000000000000000000000000000000000051
:106F40000000000000000000000000000000000041
:106F50000000000000000000000000000000000031
:106F60000000000000000000000000000000000021
:106F70000000000000000000000000000000000011
:106F80000000000000000000000000000000000001
:106F900000000000000000000000000000000000F1
:106FA00000000000000000000000000000000000E1
:106FB00000000000000000000000000000000000D1
:106FC00000000000000000000000000000000000C1
:106FD00000000000000000000000000000000000B1
:106FE00000000000000000000000000000000000A1
:106FF0000000000000000000000000000000000091
:107000000000000000000000000000000000000080
:107010000000000000000000000000000000000070
:107020000000000000000000000000000000000060
:107030000000000000000000000000000000000050
:107040000000000000000000000000000000000040
:107050000000000000000000000000000000000030
:107060000000000000000000000000000000000020
:107070000000000000000000000000000000000010
:107080000000000000000000000000000000000000
:1070900000000000000000000000000000000000F0
:1070A00000000000000000000000000000000000E0
:1070B00000000000000000000000000000000000D0
:1070C00000000000000000000000000000000000C0
:1070D00000000000000000000000000000000000B0
:1070E00000000000000000000000000000000000A0
:1070F0000000000000000000000000000000000090
:10710000000000000000000000000000000000007F
:10711000000000000000000000000000000000006F
:10712000000000000000000000000000000000005F
:10713000000000000000000000000000000000004F
:10714000000000000000000000000000000000003F
:10715000000000000000000000000000000000002F
:10716000000000000000000000000000000000001F
:10717000000000000000000000000000000000000F
:1071800000000000000000000000000000000000FF
:1071900000000000000000000000000000000000EF
:1071A00000000000000000000000000000000000DF
:1071B00000000000000000000000000000000000CF
:1071C00000000000000000000000000000000000BF
:1071D00000000000000000000000000000000000AF
:1071E000000000000000000000000000000000009F
:1071F000000000000000000000000000000000008F
:10720000000000000000000000000000000000007E
:10721000000000000000000000000000000000006E
:10722000000000000000000000000000000000005E
:10723000000000000000000000000000000000004E
:10724000000000000000000000000000000000003E
:10725000000000000000000000000000000000002E
:10726000000000000000000000000000000000001E
:10727000000000000000000000000000000000000E
:1072800000000000000000000000000000000000FE
:1072900000000000000000000000000000000000EE
:1072A00000000000000000000000000000000000DE
:1072B00000000000000000000000000000000000CE
:1072C00000000000000000000000000000000000BE
:1072D00000000000000000000000000000000000AE
:1072E000000000000000000000000000000000009E
:1072F000000000000000000000000000000000008E
:10730000000000000000000000000000000000007D
:10731000000000000000000000000000000000006D
:10732000000000000000000000000000000000005D
:10733000000000000000000000000000000000004D
:10734000000000000000000000000000000000003D
:10735000000000000000000000000000000000002D
:10736000000000000000000000000000000000001D
:10737000000000000000000000000000000000000D
:1073800000000000000000000000000000000000FD
:1073900000000000000000000000000000000000ED
:1073A00000000000000000000000000000000000DD
:1073B00000000000000000000000000000000000CD
:1073C00000000000000000000000000000000000BD
:1073D00000000000000000000000000000000000AD
:1073E000000000000000000000000000000000009D
:1073F000000000000000000000000000000000008D
:10740000000000000000000000000000000000007C
:10741000000000000000000000000000000000006C
:10742000000000000000000000000000000000005C
:10743000000000000000000000000000000000004C
:10744000000000000000000000000000000000003C
:10745000000000000000000000000000000000002C
:10746000000000000000000000000000000000001C
:10747000000000000000000000000000000000000C
:1074800000000000000000000000000000000000FC
:1074900000000000000000000000000000000000EC
:1074A00000000000000000000000000000000000DC
:1074B00000000000000000000000000000000000CC
:1074C00000000000000000000000000000000000BC
:1074D00000000000000000000000000000000000AC
:1074E000000000000000000000000000000000009C
:1074F000000000000000000000000000000000008C
:10750000000000000000000000000000000000007B
:10751000000000000000000000000000000000006B
:10752000000000000000000000000000000000005B
:10753000000000000000000000000000000000004B
:10754000000000000000000000000000000000003B
:10755000000000000000000000000000000000002B
:10756000000000000000000000000000000000001B
:10757000000000000000000000000000000000000B
:1075800000000000000000000000000000000000FB
:1075900000000000000000000000000000000000EB
:1075A00000000000000000000000000000000000DB
:1075B00000000000000000000000000000000000CB
:1075C00000000000000000000000000000000000BB
:1075D00000000000000000000000000000000000AB
:1075E000000000000000000000000000000000009B
:1075F000000000000000000000000000000000008B
:10760000000000000000000000000000000000007A
:10761000000000000000000000000000000000006A
:10762000000000000000000000000000000000005A
:10763000000000000000000000000000000000004A
:10764000000000000000000000000000000000003A
:10765000000000000000000000000000000000002A
:10766000000000000000000000000000000000001A
:10767000000000000000000000000000000000000A
:1076800000000000000000000000000000000000FA
:1076900000000000000000000000000000000000EA
:1076A00000000000000000000000000000000000DA
:1076B00000000000000000000000000000000000CA
:1076C00000000000000000000000000000000000BA
:1076D00000000000000000000000000000000000AA
:1076E000000000000000000000000000000000009A
:1076F000000000000000000000000000000000008A
:107700000000000000000000000000000000000079
:107710000000000000000000000000000000000069
:107720000000000000000000000000000000000059
:107730000000000000000000000000000000000049
:107740000000000000000000000000000000000039
:107750000000000000000000000000000000000029
:107760000000000000000000000000000000000019
:107770000000000000000000000000000000000009
:1077800000000000000000000000000000000000F9
:1077900000000000000000000000000000000000E9
:1077A00000000000000000000000000000000000D9
:1077B00000000000000000000000000000000000C9
:1077C00000000000000000000000000000000000B9
:1077D00000000000000000000000000000000000A9
:1077E0000000000000000000000000000000000099
:1077F0000000000000000000000000000000000089
:107800000000000000000000000000000000000078
:107810000000000000000000000000000000000068
:107820000000000000000000000000000000000058
:107830000000000000000000000000000000000048
:107840000000000000000000000000000000000038
:107850000000000000000000000000000000000028
:107860000000000000000000000000000000000018
:107870000000000000000000000000000000000008
:1078800000000000000000000000000000000000F8
:1078900000000000000000000000000000000000E8
:1078A00000000000000000000000000000000000D8
:1078B00000000000000000000000000000000000C8
:1078C00000000000000000000000000000000000B8
:1078D00000000000000000000000000000000000A8
:1078E0000000000000000000000000000000000098
:1078F0000000000000000000000000000000000088
:107900000000000000000000000000000000000077
:107910000000000000000000000000000000000067
:107920000000000000000000000000000000000057
:107930000000000000000000000000000000000047
:107940000000000000000000000000000000000037
:107950000000000000000000000000000000000027
:107960000000000000000000000000000000000017
:107970000000000000000000000000000000000007
:1079800000000000000000000000000000000000F7
:1079900000000000000000000000000000000000E7
:1079A00000000000000000000000000000000000D7
:1079B00000000000000000000000000000000000C7
:1079C00000000000000000000000000000000000B7
:1079D00000000000000000000000000000000000A7
:1079E0000000000000000000000000000000000097
:1079F0000000000000000000000000000000000087
:107A00000000000000000000000000000000000076
:107A10000000000000000000000000000000000066
:107A20000000000000000000000000000000000056
:107A30000000000000000000000000000000000046
:107A40000000000000000000000000000000000036
:107A50000000000000000000000000000000000026
:107A60000000000000000000000000000000000016
:107A70000000000000000000000000000000000006
:107A800000000000000000000000000000000000F6
:107A900000000000000000000000000000000000E6
:107AA00000000000000000000000000000000000D6
:107AB00000000000000000000000000000000000C6
:107AC00000000000000000000000000000000000B6
:107AD00000000000000000000000000000000000A6
:107AE0000000000000000000000000000000000096
:107AF0000000000000000000000000000000000086
:107B00000000000000000000000000000000000075
:107B10000000000000000000000000000000000065
:107B20000000000000000000000000000000000055
:107B30000000000000000000000000000000000045
:107B40000000000000000000000000000000000035
:107B50000000000000000000000000000000000025
:107B60000000000000000000000000000000000015
:107B70000000000000000000000000000000000005
:107B800000000000000000000000000000000000F5
:107B900000000000000000000000000000000000E5
:107BA00000000000000000000000000000000000D5
:107BB00000000000000000000000000000000000C5
:107BC00000000000000000000000000000000000B5
:107BD00000000000000000000000000000000000A5
:107BE0000000000000000000000000000000000095
:107BF0000000000000000000000000000000000085
:107C00000000000000000000000000000000000074
:107C10000000000000000000000000000000000064
:107C20000000000000000000000000000000000054
:107C30000000000000000000000000000000000044
:107C40000000000000000000000000000000000034
:107C50000000000000000000000000000000000024
:107C60000000000000000000000000000000000014
:107C70000000000000000000000000000000000004
:107C800000000000000000000000000000000000F4
:107C900000000000000000000000000000000000E4
:107CA00000000000000000000000000000000000D4
:107CB00000000000000000000000000000000000C4
:107CC00000000000000000000000000000000000B4
:107CD00000000000000000000000000000000000A4
:107CE0000000000000000000000000000000000094
:107CF0000000000000000000000000000000000084
:107D00000000000000000000000000000000000073
:107D10000000000000000000000000000000000063
:107D20000000000000000000000000000000000053
:107D30000000000000000000000000000000000043
:107D40000000000000000000000000000000000033
:107D50000000000000000000000000000000000023
:107D60000000000000000000000000000000000013
:107D70000000000000000000000000000000000003
:107D800000000000000000000000000000000000F3
:107D900000000000000000000000000000000000E3
:107DA00000000000000000000000000000000000D3
:107DB00000000000000000000000000000000000C3
:107DC00000000000000000000000000000000000B3
:107DD00000000000000000000000000000000000A3
:107DE0000000000000000000000000000000000093
:107DF0000000000000000000000000000000000083
:107E00000000000000000000000000000000000072
:107E10000000000000000000000000000000000062
:107E20000000000000000000000000000000000052
:107E30000000000000000000000000000000000042
:107E40000000000000000000000000000000000032
:107E50000000000000000000000000000000000022
:107E60000000000000000000000000000000000012
:107E70000000000000000000000000000000000002
:107E800000000000000000000000000000000000F2
:107E900000000000000000000000000000000000E2
:107EA00000000000000000000000000000000000D2
:107EB00000000000000000000000000000000000C2
:107EC00000000000000000000000000000000000B2
:107ED00000000000000000000000000000000000A2
:107EE0000000000000000000000000000000000092
:107EF0000000000000000000000000000000000082
:107F00000000000000000000000000000000000071
:107F10000000000000000000000000000000000061
:107F20000000000000000000000000000000000051
:107F30000000000000000000000000000000000041
:107F40000000000000000000000000000000000031
:107F50000000000000000000000000000000000021
:107F60000000000000000000000000000000000011
:107F70000000000000000000000000000000000001
:107F800000000000000000000000000000000000F1
:107F900000000000000000000000000000000000E1
:107FA00000000000000000000000000000000000D1
:107FB00000000000000000000000000000000000C1
:107FC00000000000000000000000000000000000B1
:107FD00000000000000000000000000000000000A1
:107FE0000000000000000000000000000000000091
:107FF0000000000000000000000000000000000081
:108000000000000000000000000000000000000070
:108010000000000000000000000000000000000060
:108020000000000000000000000000000000000050
:108030000000000000000000000000000000000040
:108040000000000000000000000000000000000030
:108050000000000000000000000000000000000020
:108060000000000000000000000000000000000010
:108070000000000000000000000000000000000000
:1080800000000000000000000000000000000000F0
:1080900000000000000000000000000000000000E0
:1080A00000000000000000000000000000000000D0
:1080B00000000000000000000000000000000000C0
:1080C00000000000000000000000000000000000B0
:1080D00000000000000000000000000000000000A0
:1080E0000000000000000000000000000000000090
:1080F0000000000000000000000000000000000080
:10810000000000000000000000000000000000006F
:10811000000000000000000000000000000000005F
:10812000000000000000000000000000000000004F
:10813000000000000000000000000000000000003F
:10814000000000000000000000000000000000002F
:10815000000000000000000000000000000000001F
:10816000000000000000000000000000000000000F
:1081700000000000000000000000000000000000FF
:1081800000000000000000000000000000000000EF
:1081900000000000000000000000000000000000DF
:1081A00000000000000000000000000000000000CF
:1081B00000000000000000000000000000000000BF
:1081C00000000000000000000000000000000000AF
:1081D000000000000000000000000000000000009F
:1081E000000000000000000000000000000000008F
:1081F000000000000000000000000000000000007F
:10820000000000000000000000000000000000006E
:10821000000000000000000000000000000000005E
:10822000000000000000000000000000000000004E
:10823000000000000000000000000000000000003E
:10824000000000000000000000000000000000002E
:10825000000000000000000000000000000000001E
:10826000000000000000000000000000000000000E
:1082700000000000000000000000000000000000FE
:1082800000000000000000000000000000000000EE
:1082900000000000000000000000000000000000DE
:1082A00000000000000000000000000000000000CE
:1082B00000000000000000000000000000000000BE
:1082C00000000000000000000000000000000000AE
:1082D000000000000000000000000000000000009E
:1082E000000000000000000000000000000000008E
:1082F000000000000000000000000000000000007E
:10830000000000000000000000000000000000006D
:10831000000000000000000000000000000000005D
:10832000000000000000000000000000000000004D
:10833000000000000000000000000000000000003D
:10834000000000000000000000000000000000002D
:10835000000000000000000000000000000000001D
:10836000000000000000000000000000000000000D
:1083700000000000000000000000000000000000FD
:1083800000000000000000000000000000000000ED
:1083900000000000000000000000000000000000DD
:1083A00000000000000000000000000000000000CD
:1083B00000000000000000000000000000000000BD
:1083C00000000000000000000000000000000000AD
:1083D000000000000000000000000000000000009D
:1083E000000000000000000000000000000000008D
:1083F000000000000000000000000000000000007D
:10840000000000000000000000000000000000006C
:10841000000000000000000000000000000000005C
:10842000000000000000000000000000000000004C
:10843000000000000000000000000000000000003C
:10844000000000000000000000000000000000002C
:10845000000000000000000000000000000000001C
:10846000000000000000000000000000000000000C
:1084700000000000000000000000000000000000FC
:1084800000000000000000000000000000000000EC
:1084900000000000000000000000000000000000DC
:1084A00000000000000000000000000000000000CC
:1084B00000000000000000000000000000000000BC
:1084C00000000000000000000000000000000000AC
:1084D000000000000000000000000000000000009C
:1084E000000000000000000000000000000000008C
:1084F000000000000000000000000000000000007C
:10850000000000000000000000000000000000006B
:10851000000000000000000000000000000000005B
:10852000000000000000000000000000000000004B
:10853000000000000000000000000000000000003B
:10854000000000000000000000000000000000002B
:10855000000000000000000000000000000000001B
:10856000000000000000000000000000000000000B
:1085700000000000000000000000000000000000FB
:1085800000000000000000000000000000000000EB
:1085900000000000000000000000000000000000DB
:1085A00000000000000000000000000000000000CB
:1085B00000000000000000000000000000000000BB
:1085C00000000000000000000000000000000000AB
:1085D000000000000000000000000000000000009B
:1085E000000000000000000000000000000000008B
:1085F000000000000000000000000000000000007B
:10860000000000000000000000000000000000006A
:10861000000000000000000000000000000000005A
:10862000000000000000000000000000000000004A
:10863000000000000000000000000000000000003A
:10864000000000000000000000000000000000002A
:10865000000000000000000000000000000000001A
:10866000000000000000000000000000000000000A
:1086700000000000000000000000000000000000FA
:1086800000000000000000000000000000000000EA
:1086900000000000000000000000000000000000DA
:1086A00000000000000000000000000000000000CA
:1086B00000000000000000000000000000000000BA
:1086C00000000000000000000000000000000000AA
:1086D000000000000000000000000000000000009A
:1086E000000000000000000000000000000000008A
:1086F000000000000000000000000000000000007A
:108700000000000000000000000000000000000069
:108710000000000000000000000000000000000059
:108720000000000000000000000000000000000049
:108730000000000000000000000000000000000039
:108740000000000000000000000000000000000029
:108750000000000000000000000000000000000019
:108760000000000000000000000000000000000009
:1087700000000000000000000000000000000000F9
:1087800000000000000000000000000000000000E9
:1087900000000000000000000000000000000000D9
:1087A00000000000000000000000000000000000C9
:1087B00000000000000000000000000000000000B9
:1087C00000000000000000000000000000000000A9
:1087D0000000000000000000000000000000000099
:1087E0000000000000000000000000000000000089
:1087F0000000000000000000000000000000000079
:108800000000000000000000000000000000000068
:108810000000000000000000000000000000000058
:108820000000000000000000000000000000000048
:108830000000000000000000000000000000000038
:108840000000000000000000000000000000000028
:108850000000000000000000000000000000000018
:108860000000000000000000000000000000000008
:1088700000000000000000000000000000000000F8
:1088800000000000000000000000000000000000E8
:1088900000000000000000000000000000000000D8
:1088A00000000000000000000000000000000000C8
:1088B00000000000000000000000000000000000B8
:1088C00000000000000000000000000000000000A8
:1088D0000000000000000000000000000000000098
:1088E0000000000000000000000000000000000088
:1088F0000000000000000000000000000000000078
:108900000000000000000000000000000000000067
:108910000000000000000000000000000000000057
:108920000000000000000000000000000000000047
:108930000000000000000000000000000000000037
:108940000000000000000000000000000000000027
:108950000000000000000000000000000000000017
:108960000000000000000000000000000000000007
:1089700000000000000000000000000000000000F7
:1089800000000000000000000000000000000000E7
:1089900000000000000000000000000000000000D7
:1089A00000000000000000000000000000000000C7
:1089B00000000000000000000000000000000000B7
:1089C00000000000000000000000000000000000A7
:1089D0000000000000000000000000000000000097
:1089E0000000000000000000000000000000000087
:1089F0000000000000000000000000000000000077
:108A00000000000000000000000000000000000066
:108A10000000000000000000000000000000000056
:108A20000000000000000000000000000000000046
:108A30000000000000000000000000000000000036
:108A40000000000000000000000000000000000026
:108A50000000000000000000000000000000000016
:108A60000000000000000000000000000000000006
:108A700000000000000000000000000000000000F6
:108A800000000000000000000000000000000000E6
:108A900000000000000000000000000000000000D6
:108AA00000000000000000000000000000000000C6
:108AB00000000000000000000000000000000000B6
:108AC00000000000000000000000000000000000A6
:108AD0000000000000000000000000000000000096
:108AE0000000000000000000000000000000000086
:108AF0000000000000000000000000000000000076
:108B00000000000000000000000000000000000065
:108B10000000000000000000000000000000000055
:108B20000000000000000000000000000000000045
:108B30000000000000000000000000000000000035
:108B40000000000000000000000000000000000025
:108B50000000000000000000000000000000000015
:108B60000000000000000000000000000000000005
:108B700000000000000000000000000000000000F5
:108B800000000000000000000000000000000000E5
:108B900000000000000000000000000000000000D5
:108BA00000000000000000000000000000000000C5
:108BB00000000000000000000000000000000000B5
:108BC00000000000000000000000000000000000A5
:108BD0000000000000000000000000000000000095
:108BE0000000000000000000000000000000000085
:108BF0000000000000000000000000000000000075
:108C00000000000000000000000000000000000064
:108C10000000000000000000000000000000000054
:108C20000000000000000000000000000000000044
:108C30000000000000000000000000000000000034
:108C40000000000000000000000000000000000024
:108C50000000000000000000000000000000000014
:108C60000000000000000000000000000000000004
:108C700000000000000000000000000000000000F4
:108C800000000000000000000000000000000000E4
:108C900000000000000000000000000000000000D4
:108CA00000000000000000000000000000000000C4
:108CB00000000000000000000000000000000000B4
:108CC00000000000000000000000000000000000A4
:108CD0000000000000000000000000000000000094
:108CE0000000000000000000000000000000000084
:108CF0000000000000000000000000000000000074
:108D00000000000000000000000000000000000063
:108D10000000000000000000000000000000000053
:108D20000000000000000000000000000000000043
:108D30000000000000000000000000000000000033
:108D40000000000000000000000000000000000023
:108D50000000000000000000000000000000000013
:108D60000000000000000000000000000000000003
:108D700000000000000000000000000000000000F3
:108D800000000000000000000000000000000000E3
:108D900000000000000000000000000000000000D3
:108DA00000000000000000000000000000000000C3
:108DB00000000000000000000000000000000000B3
:108DC00000000000000000000000000000000000A3
:108DD0000000000000000000000000000000000093
:108DE0000000000000000000000000000000000083
:108DF0000000000000000000000000000000000073
:108E00000000000000000000000000000000000062
:108E10000000000000000000000000000000000052
:108E20000000000000000000000000000000000042
:108E30000000000000000000000000000000000032
:108E40000000000000000000000000000000000022
:108E50000000000000000000000000000000000012
:108E60000000000000000000000000000000000002
:108E700000000000000000000000000000000000F2
:108E800000000000000000000000000000000000E2
:108E900000000000000000000000000000000000D2
:108EA00000000000000000000000000000000000C2
:108EB00000000000000000000000000000000000B2
:108EC00000000000000000000000000000000000A2
:108ED0000000000000000000000000000000000092
:108EE0000000000000000000000000000000000082
:108EF0000000000000000000000000000000000072
:108F00000000000000000000000000000000000061
:108F10000000000000000000000000000000000051
:108F20000000000000000000000000000000000041
:108F30000000000000000000000000000000000031
:108F40000000000000000000000000000000000021
:108F50000000000000000000000000000000000011
:108F60000000000000000000000000000000000001
:108F700000000000000000000000000000000000F1
:108F800000000000000000000000000000000000E1
:108F900000000000000000000000000000000000D1
:108FA00000000000000000000000000000000000C1
:108FB00000000000000000000000000000000000B1
:108FC00000000000000000000000000000000000A1
:108FD0000000000000000000000000000000000091
:108FE0000000000000000000000000000000000081
:108FF0000000000000000000000000000000000071
:109000000000000000000000000000000000000060
:109010000000000000000000000000000000000050
:109020000000000000000000000000000000000040
:109030000000000000000000000000000000000030
:109040000000000000000000000000000000000020
:109050000000000000000000000000000000000010
:109060000000000000000000000000000000000000
:1090700000000000000000000000000000000000F0
:1090800000000000000000000000000000000000E0
:1090900000000000000000000000000000000000D0
:1090A00000000000000000000000000000000000C0
:1090B00000000000000000000000000000000000B0
:1090C00000000000000000000000000000000000A0
:1090D0000000000000000000000000000000000090
:1090E0000000000000000000000000000000000080
:1090F0000000000000000000000000000000000070
:10910000000000000000000000000000000000005F
:10911000000000000000000000000000000000004F
:10912000000000000000000000000000000000003F
:10913000000000000000000000000000000000002F
:10914000000000000000000000000000000000001F
:10915000000000000000000000000000000000000F
:1091600000000000000000000000000000000000FF
:1091700000000000000000000000000000000000EF
:1091800000000000000000000000000000000000DF
:1091900000000000000000000000000000000000CF
:1091A00000000000000000000000000000000000BF
:1091B00000000000000000000000000000000000AF
:1091C000000000000000000000000000000000009F
:1091D000000000000000000000000000000000008F
:1091E000000000000000000000000000000000007F
:1091F000000000000000000000000000000000006F
:10920000000000000000000000000000000000005E
:10921000000000000000000000000000000000004E
:10922000000000000000000000000000000000003E
:10923000000000000000000000000000000000002E
:10924000000000000000000000000000000000001E
:10925000000000000000000000000000000000000E
:1092600000000000000000000000000000000000FE
:1092700000000000000000000000000000000000EE
:1092800000000000000000000000000000000000DE
:1092900000000000000000000000000000000000CE
:1092A00000000000000000000000000000000000BE
:1092B00000000000000000000000000000000000AE
:1092C000000000000000000000000000000000009E
:1092D000000000000000000000000000000000008E
:1092E000000000000000000000000000000000007E
:1092F000000000000000000000000000000000006E
:10930000000000000000000000000000000000005D
:10931000000000000000000000000000000000004D
:10932000000000000000000000000000000000003D
:10933000000000000000000000000000000000002D
:10934000000000000000000000000000000000001D
:10935000000000000000000000000000000000000D
:1093600000000000000000000000000000000000FD
:1093700000000000000000000000000000000000ED
:1093800000000000000000000000000000000000DD
:1093900000000000000000000000000000000000CD
:1093A00000000000000000000000000000000000BD
:1093B00000000000000000000000000000000000AD
:1093C000000000000000000000000000000000009D
:1093D000000000000000000000000000000000008D
:1093E000000000000000000000000000000000007D
:1093F000000000000000000000000000000000006D
:10940000000000000000000000000000000000005C
:10941000000000000000000000000000000000004C
:10942000000000000000000000000000000000003C
:10943000000000000000000000000000000000002C
:10944000000000000000000000000000000000001C
:10945000000000000000000000000000000000000C
:1094600000000000000000000000000000000000FC
:1094700000000000000000000000000000000000EC
:1094800000000000000000000000000000000000DC
:1094900000000000000000000000000000000000CC
:1094A00000000000000000000000000000000000BC
:1094B00000000000000000000000000000000000AC
:1094C000000000000000000000000000000000009C
:1094D000000000000000000000000000000000008C
:1094E000000000000000000000000000000000007C
:1094F000000000000000000000000000000000006C
:10950000000000000000000000000000000000005B
:10951000000000000000000000000000000000004B
:10952000000000000000000000000000000000003B
:10953000000000000000000000000000000000002B
:10954000000000000000000000000000000000001B
:10955000000000000000000000000000000000000B
:1095600000000000000000000000000000000000FB
:1095700000000000000000000000000000000000EB
:1095800000000000000000000000000000000000DB
:1095900000000000000000000000000000000000CB
:1095A00000000000000000000000000000000000BB
:1095B00000000000000000000000000000000000AB
:1095C000000000000000000000000000000000009B
:1095D000000000000000000000000000000000008B
:1095E000000000000000000000000000000000007B
:1095F000000000000000000000000000000000006B
:10960000000000000000000000000000000000005A
:10961000000000000000000000000000000000004A
:10962000000000000000000000000000000000003A
:10963000000000000000000000000000000000002A
:10964000000000000000000000000000000000001A
:10965000000000000000000000000000000000000A
:1096600000000000000000000000000000000000FA
:1096700000000000000000000000000000000000EA
:1096800000000000000000000000000000000000DA
:1096900000000000000000000000000000000000CA
:1096A00000000000000000000000000000000000BA
:1096B00000000000000000000000000000000000AA
:1096C000000000000000000000000000000000009A
:1096D000000000000000000000000000000000008A
:1096E000000000000000000000000000000000007A
:1096F000000000000000000000000000000000006A
:109700000000000000000000000000000000000059
:109710000000000000000000000000000000000049
:109720000000000000000000000000000000000039
:109730000000000000000000000000000000000029
:109740000000000000000000000000000000000019
:109750000000000000000000000000000000000009
:1097600000000000000000000000000000000000F9
:1097700000000000000000000000000000000000E9
:1097800000000000000000000000000000000000D9
:1097900000000000000000000000000000000000C9
:1097A00000000000000000000000000000000000B9
:1097B00000000000000000000000000000000000A9
:1097C0000000000000000000000000000000000099
:1097D0000000000000000000000000000000000089
:1097E0000000000000000000000000000000000079
:1097F0000000000000000000000000000000000069
:109800000000000000000000000000000000000058
:109810000000000000000000000000000000000048
:109820000000000000000000000000000000000038
:109830000000000000000000000000000000000028
:109840000000000000000000000000000000000018
:109850000000000000000000000000000000000008
:1098600000000000000000000000000000000000F8
:1098700000000000000000000000000000000000E8
:1098800000000000000000000000000000000000D8
:1098900000000000000000000000000000000000C8
:1098A00000000000000000000000000000000000B8
:1098B00000000000000000000000000000000000A8
:1098C0000000000000000000000000000000000098
:1098D0000000000000000000000000000000000088
:1098E0000000000000000000000000000000000078
:1098F0000000000000000000000000000000000068
:109900000000000000000000000000000000000057
:109910000000000000000000000000000000000047
:109920000000000000000000000000000000000037
:109930000000000000000000000000000000000027
:109940000000000000000000000000000000000017
:109950000000000000000000000000000000000007
:1099600000000000000000000000000000000000F7
:1099700000000000000000000000000000000000E7
:1099800000000000000000000000000000000000D7
:1099900000000000000000000000000000000000C7
:1099A00000000000000000000000000000000000B7
:1099B00000000000000000000000000000000000A7
:1099C0000000000000000000000000000000000097
:1099D0000000000000000000000000000000000087
:1099E0000000000000000000000000000000000077
:1099F0000000000000000000000000000000000067
:109A00000000000000000000000000000000000056
:109A10000000000000000000000000000000000046
:109A20000000000000000000000000000000000036
:109A30000000000000000000000000000000000026
:109A40000000000000000000000000000000000016
:109A50000000000000000000000000000000000006
:109A600000000000000000000000000000000000F6
:109A700000000000000000000000000000000000E6
:109A800000000000000000000000000000000000D6
:109A900000000000000000000000000000000000C6
:109AA00000000000000000000000000000000000B6
:109AB00000000000000000000000000000000000A6
:109AC0000000000000000000000000000000000096
:109AD0000000000000000000000000000000000086
:109AE0000000000000000000000000000000000076
:109AF0000000000000000000000000000000000066
:109B00000000000000000000000000000000000055
:109B10000000000000000000000000000000000045
:109B20000000000000000000000000000000000035
:109B30000000000000000000000000000000000025
:109B40000000000000000000000000000000000015
:109B50000000000000000000000000000000000005
:109B600000000000000000000000000000000000F5
:109B700000000000000000000000000000000000E5
:109B800000000000000000000000000000000000D5
:109B900000000000000000000000000000000000C5
:109BA00000000000000000000000000000000000B5
:109BB00000000000000000000000000000000000A5
:109BC0000000000000000000000000000000000095
:109BD0000000000000000000000000000000000085
:109BE0000000000000000000000000000000000075
:109BF0000000000000000000000000000000000065
:109C00000000000000000000000000000000000054
:109C10000000000000000000000000000000000044
:109C20000000000000000000000000000000000034
:109C30000000000000000000000000000000000024
:109C40000000000000000000000000000000000014
:109C50000000000000000000000000000000000004
:109C600000000000000000000000000000000000F4
:109C700000000000000000000000000000000000E4
:109C800000000000000000000000000000000000D4
:109C900000000000000000000000000000000000C4
:109CA00000000000000000000000000000000000B4
:109CB00000000000000000000000000000000000A4
:109CC0000000000000000000000000000000000094
:109CD0000000000000000000000000000000000084
:109CE0000000000000000000000000000000000074
:109CF0000000000000000000000000000000000064
:109D00000000000000000000000000000000000053
:109D10000000000000000000000000000000000043
:109D20000000000000000000000000000000000033
:109D30000000000000000000000000000000000023
:109D40000000000000000000000000000000000013
:109D50000000000000000000000000000000000003
:109D600000000000000000000000000000000000F3
:109D700000000000000000000000000000000000E3
:109D800000000000000000000000000000000000D3
:109D900000000000000000000000000000000000C3
:109DA00000000000000000000000000000000000B3
:109DB00000000000000000000000000000000000A3
:109DC0000000000000000000000000000000000093
:109DD0000000000000000000000000000000000083
:109DE0000000000000000000000000000000000073
:109DF0000000000000000000000000000000000063
:109E00000000000000000000000000000000000052
:109E10000000000000000000000000000000000042
:109E20000000000000000000000000000000000032
:109E30000000000000000000000000000000000022
:109E40000000000000000000000000000000000012
:109E50000000000000000000000000000000000002
:109E600000000000000000000000000000000000F2
:109E700000000000000000000000000000000000E2
:109E800000000000000000000000000000000000D2
:109E900000000000000000000000000000000000C2
:109EA00000000000000000000000000000000000B2
:109EB00000000000000000000000000000000000A2
:109EC0000000000000000000000000000000000092
:109ED0000000000000000000000000000000000082
:109EE0000000000000000000000000000000000072
:109EF0000000000000000000000000000000000062
:109F00000000000000000000000000000000000051
:109F10000000000000000000000000000000000041
:109F20000000000000000000000000000000000031
:109F30000000000000000000000000000000000021
:109F40000000000000000000000000000000000011
:109F50000000000000000000000000000000000001
:109F600000000000000000000000000000000000F1
:109F700000000000000000000000000000000000E1
:109F800000000000000000000000000000000000D1
:109F900000000000000000000000000000000000C1
:109FA00000000000000000000000000000000000B1
:109FB00000000000000000000000000000000000A1
:109FC0000000000000000000000000000000000091
:109FD0000000000000000000000000000000000081
:109FE0000000000000000000000000000000000071
:109FF0000000000000000000000000000000000061
:10A000000000000000000000000000000000000050
:10A010000000000000000000000000000000000040
:10A020000000000000000000000000000000000030
:10A030000000000000000000000000000000000020
:10A040000000000000000000000000000000000010
:10A050000000000000000000000000000000000000
:10A0600000000000000000000000000000000000F0
:10A0700000000000000000000000000000000000E0
:10A0800000000000000000000000000000000000D0
:10A0900000000000000000000000000000000000C0
:10A0A00000000000000000000000000000000000B0
:10A0B00000000000000000000000000000000000A0
:10A0C0000000000000000000000000000000000090
:10A0D0000000000000000000000000000000000080
:10A0E0000000000000000000000000000000000070
:10A0F0000000000000000000000000000000000060
:10A10000000000000000000000000000000000004F
:10A11000000000000000000000000000000000003F
:10A12000000000000000000000000000000000002F
:10A13000000000000000000000000000000000001F
:10A14000000000000000000000000000000000000F
:10A1500000000000000000000000000000000000FF
:10A1600000000000000000000000000000000000EF
:10A1700000000000000000000000000000000000DF
:10A1800000000000000000000000000000000000CF
:10A1900000000000000000000000000000000000BF
:10A1A00000000000000000000000000000000000AF
:10A1B000000000000000000000000000000000009F
:10A1C000000000000000000000000000000000008F
:10A1D000000000000000000000000000000000007F
:10A1E000000000000000000000000000000000006F
:10A1F000000000000000000000000000000000005F
:10A20000000000000000000000000000000000004E
:10A21000000000000000000000000000000000003E
:10A22000000000000000000000000000000000002E
:10A23000000000000000000000000000000000001E
:10A24000000000000000000000000000000000000E
:10A2500000000000000000000000000000000000FE
:10A2600000000000000000000000000000000000EE
:10A2700000000000000000000000000000000000DE
:10A2800000000000000000000000000000000000CE
:10A2900000000000000000000000000000000000BE
:10A2A00000000000000000000000000000000000AE
:10A2B000000000000000000000000000000000009E
:10A2C000000000000000000000000000000000008E
:10A2D000000000000000000000000000000000007E
:10A2E000000000000000000000000000000000006E
:10A2F000000000000000000000000000000000005E
:10A30000000000000000000000000000000000004D
:10A31000000000000000000000000000000000003D
:10A32000000000000000000000000000000000002D
:10A33000000000000000000000000000000000001D
:10A34000000000000000000000000000000000000D
:10A3500000000000000000000000000000000000FD
:10A3600000000000000000000000000000000000ED
:10A3700000000000000000000000000000000000DD
:10A3800000000000000000000000000000000000CD
:10A3900000000000000000000000000000000000BD
:10A3A00000000000000000000000000000000000AD
:10A3B000000000000000000000000000000000009D
:10A3C000000000000000000000000000000000008D
:10A3D000000000000000000000000000000000007D
:10A3E000000000000000000000000000000000006D
:10A3F000000000000000000000000000000000005D
:10A40000000000000000000000000000000000004C
:10A41000000000000000000000000000000000003C
:10A42000000000000000000000000000000000002C
:10A43000000000000000000000000000000000001C
:10A44000000000000000000000000000000000000C
:10A4500000000000000000000000000000000000FC
:10A4600000000000000000000000000000000000EC
:10A4700000000000000000000000000000000000DC
:10A4800000000000000000000000000000000000CC
:10A4900000000000000000000000000000000000BC
:10A4A00000000000000000000000000000000000AC
:10A4B000000000000000000000000000000000009C
:10A4C000000000000000000000000000000000008C
:10A4D000000000000000000000000000000000007C
:10A4E000000000000000000000000000000000006C
:10A4F000000000000000000000000000000000005C
:10A50000000000000000000000000000000000004B
:10A51000000000000000000000000000000000003B
:10A52000000000000000000000000000000000002B
:10A53000000000000000000000000000000000001B
:10A54000000000000000000000000000000000000B
:10A5500000000000000000000000000000000000FB
:10A5600000000000000000000000000000000000EB
:10A5700000000000000000000000000000000000DB
:10A5800000000000000000000000000000000000CB
:10A5900000000000000000000000000000000000BB
:10A5A00000000000000000000000000000000000AB
:10A5B000000000000000000000000000000000009B
:10A5C000000000000000000000000000000000008B
:10A5D000000000000000000000000000000000007B
:10A5E000000000000000000000000000000000006B
:10A5F000000000000000000000000000000000005B
:10A60000000000000000000000000000000000004A
:10A61000000000000000000000000000000000003A
:10A62000000000000000000000000000000000002A
:10A63000000000000000000000000000000000001A
:10A64000000000000000000000000000000000000A
:10A6500000000000000000000000000000000000FA
:10A6600000000000000000000000000000000000EA
:10A6700000000000000000000000000000000000DA
:10A6800000000000000000000000000000000000CA
:10A6900000000000000000000000000000000000BA
:10A6A00000000000000000000000000000000000AA
:10A6B000000000000000000000000000000000009A
:10A6C000000000000000000000000000000000008A
:10A6D000000000000000000000000000000000007A
:10A6E000000000000000000000000000000000006A
:10A6F000000000000000000000000000000000005A
:10A700000000000000000000000000000000000049
:10A710000000000000000000000000000000000039
:10A720000000000000000000000000000000000029
:10A730000000000000000000000000000000000019
:10A740000000000000000000000000000000000009
:10A7500000000000000000000000000000000000F9
:10A7600000000000000000000000000000000000E9
:10A7700000000000000000000000000000000000D9
:10A7800000000000000000000000000000000000C9
:10A7900000000000000000000000000000000000B9
:10A7A00000000000000000000000000000000000A9
:10A7B0000000000000000000000000000000000099
:10A7C0000000000000000000000000000000000089
:10A7D0000000000000000000000000000000000079
:10A7E0000000000000000000000000000000000069
:10A7F0000000000000000000000000000000000059
:10A800000000000000000000000000000000000048
:10A810000000000000000000000000000000000038
:10A820000000000000000000000000000000000028
:10A830000000000000000000000000000000000018
:10A840000000000000000000000000000000000008
:10A8500000000000000000000000000000000000F8
:10A8600000000000000000000000000000000000E8
:10A8700000000000000000000000000000000000D8
:10A8800000000000000000000000000000000000C8
:10A8900000000000000000000000000000000000B8
:10A8A00000000000000000000000000000000000A8
:10A8B0000000000000000000000000000000000098
:10A8C0000000000000000000000000000000000088
:10A8D0000000000000000000000000000000000078
:10A8E0000000000000000000000000000000000068
:10A8F0000000000000000000000000000000000058
:10A900000000000000000000000000000000000047
:10A910000000000000000000000000000000000037
:10A920000000000000000000000000000000000027
:10A930000000000000000000000000000000000017
:10A940000000000000000000000000000000000007
:10A9500000000000000000000000000000000000F7
:10A9600000000000000000000000000000000000E7
:10A9700000000000000000000000000000000000D7
:10A9800000000000000000000000000000000000C7
:10A9900000000000000000000000000000000000B7
:10A9A00000000000000000000000000000000000A7
:10A9B0000000000000000000000000000000000097
:10A9C0000000000000000000000000000000000087
:10A9D0000000000000000000000000000000000077
:10A9E0000000000000000000000000000000000067
:10A9F0000000000000000000000000000000000057
:10AA00000000000000000000000000000000000046
:10AA10000000000000000000000000000000000036
:10AA20000000000000000000000000000000000026
:10AA30000000000000000000000000000000000016
:10AA40000000000000000000000000000000000006
:10AA500000000000000000000000000000000000F6
:10AA600000000000000000000000000000000000E6
:10AA700000000000000000000000000000000000D6
:10AA800000000000000000000000000000000000C6
:10AA900000000000000000000000000000000000B6
:10AAA00000000000000000000000000000000000A6
:10AAB0000000000000000000000000000000000096
:10AAC0000000000000000000000000000000000086
:10AAD0000000000000000000000000000000000076
:10AAE0000000000000000000000000000000000066
:10AAF0000000000000000000000000000000000056
:10AB00000000000000000000000000000000000045
:10AB10000000000000000000000000000000000035
:10AB20000000000000000000000000000000000025
:10AB30000000000000000000000000000000000015
:10AB40000000000000000000000000000000000005
:10AB500000000000000000000000000000000000F5
:10AB600000000000000000000000000000000000E5
:10AB700000000000000000000000000000000000D5
:10AB800000000000000000000000000000000000C5
:10AB900000000000000000000000000000000000B5
:10ABA00000000000000000000000000000000000A5
:10ABB0000000000000000000000000000000000095
:10ABC0000000000000000000000000000000000085
:10ABD0000000000000000000000000000000000075
:10ABE0000000000000000000000000000000000065
:10ABF0000000000000000000000000000000000055
:10AC00000000000000000000000000000000000044
:10AC10000000000000000000000000000000000034
:10AC20000000000000000000000000000000000024
:10AC30000000000000000000000000000000000014
:10AC40000000000000000000000000000000000004
:10AC500000000000000000000000000000000000F4
:10AC600000000000000000000000000000000000E4
:10AC700000000000000000000000000000000000D4
:10AC800000000000000000000000000000000000C4
:10AC900000000000000000000000000000000000B4
:10ACA00000000000000000000000000000000000A4
:10ACB0000000000000000000000000000000000094
:10ACC0000000000000000000000000000000000084
:10ACD0000000000000000000000000000000000074
:10ACE0000000000000000000000000000000000064
:10ACF0000000000000000000000000000000000054
:10AD00000000000000000000000000000000000043
:10AD10000000000000000000000000000000000033
:10AD20000000000000000000000000000000000023
:10AD30000000000000000000000000000000000013
:10AD40000000000000000000000000000000000003
:10AD500000000000000000000000000000000000F3
:10AD600000000000000000000000000000000000E3
:10AD700000000000000000000000000000000000D3
:10AD800000000000000000000000000000000000C3
:10AD900000000000000000000000000000000000B3
:10ADA00000000000000000000000000000000000A3
:10ADB0000000000000000000000000000000000093
:10ADC0000000000000000000000000000000000083
:10ADD0000000000000000000000000000000000073
:10ADE0000000000000000000000000000000000063
:10ADF0000000000000000000000000000000000053
:10AE00000000000000000000000000000000000042
:10AE10000000000000000000000000000000000032
:10AE20000000000000000000000000000000000022
:10AE30000000000000000000000000000000000012
:10AE40000000000000000000000000000000000002
:10AE500000000000000000000000000000000000F2
:10AE600000000000000000000000000000000000E2
:10AE700000000000000000000000000000000000D2
:10AE800000000000000000000000000000000000C2
:10AE900000000000000000000000000000000000B2
:10AEA00000000000000000000000000000000000A2
:10AEB0000000000000000000000000000000000092
:10AEC0000000000000000000000000000000000082
:10AED0000000000000000000000000000000000072
:10AEE0000000000000000000000000000000000062
:10AEF0000000000000000000000000000000000052
:10AF00000000000000000000000000000000000041
:10AF10000000000000000000000000000000000031
:10AF20000000000000000000000000000000000021
:10AF30000000000000000000000000000000000011
:10AF40000000000000000000000000000000000001
:10AF500000000000000000000000000000000000F1
:10AF600000000000000000000000000000000000E1
:10AF700000000000000000000000000000000000D1
:10AF800000000000000000000000000000000000C1
:10AF900000000000000000000000000000000000B1
:10AFA00000000000000000000000000000000000A1
:10AFB0000000000000000000000000000000000091
:10AFC0000000000000000000000000000000000081
:10AFD0000000000000000000000000000000000071
:10AFE0000000000000000000000000000000000061
:10AFF0000000000000000000000000000000000051
:10B000000000000000000000000000000000000040
:10B010000000000000000000000000000000000030
:10B020000000000000000000000000000000000020
:10B030000000000000000000000000000000000010
:10B040000000000000000000000000000000000000
:10B0500000000000000000000000000000000000F0
:10B0600000000000000000000000000000000000E0
:10B0700000000000000000000000000000000000D0
:10B0800000000000000000000000000000000000C0
:10B0900000000000000000000000000000000000B0
:10B0A00000000000000000000000000000000000A0
:10B0B0000000000000000000000000000000000090
:10B0C0000000000000000000000000000000000080
:10B0D0000000000000000000000000000000000070
:10B0E0000000000000000000000000000000000060
:10B0F0000000000000000000000000000000000050
:10B10000000000000000000000000000000000003F
:10B11000000000000000000000000000000000002F
:10B12000000000000000000000000000000000001F
:10B13000000000000000000000000000000000000F
:10B1400000000000000000000000000000000000FF
:10B1500000000000000000000000000000000000EF
:10B1600000000000000000000000000000000000DF
:10B1700000000000000000000000000000000000CF
:10B1800000000000000000000000000000000000BF
:10B1900000000000000000000000000000000000AF
:10B1A000000000000000000000000000000000009F
:10B1B000000000000000000000000000000000008F
:10B1C000000000000000000000000000000000007F
:10B1D000000000000000000000000000000000006F
:10B1E000000000000000000000000000000000005F
:10B1F000000000000000000000000000000000004F
:10B20000000000000000000000000000000000003E
:10B21000000000000000000000000000000000002E
:10B22000000000000000000000000000000000001E
:10B23000000000000000000000000000000000000E
:10B2400000000000000000000000000000000000FE
:10B2500000000000000000000000000000000000EE
:10B2600000000000000000000000000000000000DE
:10B2700000000000000000000000000000000000CE
:10B2800000000000000000000000000000000000BE
:10B2900000000000000000000000000000000000AE
:10B2A000000000000000000000000000000000009E
:10B2B000000000000000000000000000000000008E
:10B2C000000000000000000000000000000000007E
:10B2D000000000000000000000000000000000006E
:10B2E000000000000000000000000000000000005E
:10B2F000000000000000000000000000000000004E
:10B30000000000000000000000000000000000003D
:10B31000000000000000000000000000000000002D
:10B32000000000000000000000000000000000001D
:10B33000000000000000000000000000000000000D
:10B3400000000000000000000000000000000000FD
:10B3500000000000000000000000000000000000ED
:10B3600000000000000000000000000000000000DD
:10B3700000000000000000000000000000000000CD
:10B3800000000000000000000000000000000000BD
:10B3900000000000000000000000000000000000AD
:10B3A000000000000000000000000000000000009D
:10B3B000000000000000000000000000000000008D
:10B3C000000000000000000000000000000000007D
:10B3D000000000000000000000000000000000006D
:10B3E000000000000000000000000000000000005D
:10B3F000000000000000000000000000000000004D
:10B40000000000000000000000000000000000003C
:10B41000000000000000000000000000000000002C
:10B42000000000000000000000000000000000001C
:10B43000000000000000000000000000000000000C
:10B4400000000000000000000000000000000000FC
:10B4500000000000000000000000000000000000EC
:10B4600000000000000000000000000000000000DC
:10B4700000000000000000000000000000000000CC
:10B4800000000000000000000000000000000000BC
:10B4900000000000000000000000000000000000AC
:10B4A000000000000000000000000000000000009C
:10B4B000000000000000000000000000000000008C
:10B4C000000000000000000000000000000000007C
:10B4D000000000000000000000000000000000006C
:10B4E000000000000000000000000000000000005C
:10B4F000000000000000000000000000000000004C
:10B50000000000000000000000000000000000003B
:10B51000000000000000000000000000000000002B
:10B52000000000000000000000000000000000001B
:10B53000000000000000000000000000000000000B
:10B5400000000000000000000000000000000000FB
:10B5500000000000000000000000000000000000EB
:10B5600000000000000000000000000000000000DB
:10B5700000000000000000000000000000000000CB
:10B5800000000000000000000000000000000000BB
:10B5900000000000000000000000000000000000AB
:10B5A000000000000000000000000000000000009B
:10B5B000000000000000000000000000000000008B
:10B5C000000000000000000000000000000000007B
:10B5D000000000000000000000000000000000006B
:10B5E000000000000000000000000000000000005B
:10B5F000000000000000000000000000000000004B
:10B60000000000000000000000000000000000003A
:10B61000000000000000000000000000000000002A
:10B62000000000000000000000000000000000001A
:10B63000000000000000000000000000000000000A
:10B6400000000000000000000000000000000000FA
:10B6500000000000000000000000000000000000EA
:10B6600000000000000000000000000000000000DA
:10B6700000000000000000000000000000000000CA
:10B6800000000000000000000000000000000000BA
:10B6900000000000000000000000000000000000AA
:10B6A000000000000000000000000000000000009A
:10B6B000000000000000000000000000000000008A
:10B6C000000000000000000000000000000000007A
:10B6D000000000000000000000000000000000006A
:10B6E000000000000000000000000000000000005A
:10B6F000000000000000000000000000000000004A
:10B700000000000000000000000000000000000039
:10B710000000000000000000000000000000000029
:10B720000000000000000000000000000000000019
:10B730000000000000000000000000000000000009
:10B7400000000000000000000000000000000000F9
:10B7500000000000000000000000000000000000E9
:10B7600000000000000000000000000000000000D9
:10B7700000000000000000000000000000000000C9
:10B7800000000000000000000000000000000000B9
:10B7900000000000000000000000000000000000A9
:10B7A0000000000000000000000000000000000099
:10B7B0000000000000000000000000000000000089
:10B7C0000000000000000000000000000000000079
:10B7D0000000000000000000000000000000000069
:10B7E0000000000000000000000000000000000059
:10B7F0000000000000000000000000000000000049
:10B800000000000000000000000000000000000038
:10B810000000000000000000000000000000000028
:10B820000000000000000000000000000000000018
:10B830000000000000000000000000000000000008
:10B8400000000000000000000000000000000000F8
:10B8500000000000000000000000000000000000E8
:10B8600000000000000000000000000000000000D8
:10B8700000000000000000000000000000000000C8
:10B8800000000000000000000000000000000000B8
:10B8900000000000000000000000000000000000A8
:10B8A0000000000000000000000000000000000098
:10B8B0000000000000000000000000000000000088
:10B8C0000000000000000000000000000000000078
:10B8D0000000000000000000000000000000000068
:10B8E0000000000000000000000000000000000058
:10B8F0000000000000000000000000000000000048
:10B900000000000000000000000000000000000037
:10B910000000000000000000000000000000000027
:10B920000000000000000000000000000000000017
:10B930000000000000000000000000000000000007
:10B9400000000000000000000000000000000000F7
:10B9500000000000000000000000000000000000E7
:10B9600000000000000000000000000000000000D7
:10B9700000000000000000000000000000000000C7
:10B9800000000000000000000000000000000000B7
:10B9900000000000000000000000000000000000A7
:10B9A0000000000000000000000000000000000097
:10B9B0000000000000000000000000000000000087
:10B9C0000000000000000000000000000000000077
:10B9D0000000000000000000000000000000000067
:10B9E0000000000000000000000000000000000057
:10B9F0000000000000000000000000000000000047
:10BA00000000000000000000000000000000000036
:10BA10000000000000000000000000000000000026
:10BA20000000000000000000000000000000000016
:10BA30000000000000000000000000000000000006
:10BA400000000000000000000000000000000000F6
:10BA500000000000000000000000000000000000E6
:10BA600000000000000000000000000000000000D6
:10BA700000000000000000000000000000000000C6
:10BA800000000000000000000000000000000000B6
:10BA900000000000000000000000000000000000A6
:10BAA0000000000000000000000000000000000096
:10BAB0000000000000000000000000000000000086
:10BAC0000000000000000000000000000000000076
:10BAD0000000000000000000000000000000000066
:10BAE0000000000000000000000000000000000056
:10BAF0000000000000000000000000000000000046
:10BB00000000000000000000000000000000000035
:10BB10000000000000000000000000000000000025
:10BB20000000000000000000000000000000000015
:10BB30000000000000000000000000000000000005
:10BB400000000000000000000000000000000000F5
:10BB500000000000000000000000000000000000E5
:10BB600000000000000000000000000000000000D5
:10BB700000000000000000000000000000000000C5
:10BB800000000000000000000000000000000000B5
:10BB900000000000000000000000000000000000A5
:10BBA0000000000000000000000000000000000095
:10BBB0000000000000000000000000000000000085
:10BBC0000000000000000000000000000000000075
:10BBD0000000000000000000000000000000000065
:10BBE0000000000000000000000000000000000055
:10BBF0000000000000000000000000000000000045
:10BC00000000000000000000000000000000000034
:10BC10000000000000000000000000000000000024
:10BC20000000000000000000000000000000000014
:10BC30000000000000000000000000000000000004
:10BC400000000000000000000000000000000000F4
:10BC500000000000000000000000000000000000E4
:10BC600000000000000000000000000000000000D4
:10BC700000000000000000000000000000000000C4
:10BC800000000000000000000000000000000000B4
:10BC900000000000000000000000000000000000A4
:10BCA0000000000000000000000000000000000094
:10BCB0000000000000000000000000000000000084
:10BCC0000000000000000000000000000000000074
:10BCD0000000000000000000000000000000000064
:10BCE0000000000000000000000000000000000054
:10BCF0000000000000000000000000000000000044
:10BD00000000000000000000000000000000000033
:10BD10000000000000000000000000000000000023
:10BD20000000000000000000000000000000000013
:10BD30000000000000000000000000000000000003
:10BD400000000000000000000000000000000000F3
:10BD500000000000000000000000000000000000E3
:10BD600000000000000000000000000000000000D3
:10BD700000000000000000000000000000000000C3
:10BD800000000000000000000000000000000000B3
:10BD900000000000000000000000000000000000A3
:10BDA0000000000000000000000000000000000093
:10BDB0000000000000000000000000000000000083
:10BDC0000000000000000000000000000000000073
:10BDD0000000000000000000000000000000000063
:10BDE0000000000000000000000000000000000053
:10BDF0000000000000000000000000000000000043
:10BE00000000000000000000000000000000000032
:10BE10000000000000000000000000000000000022
:10BE20000000000000000000000000000000000012
:10BE30000000000000000000000000000000000002
:10BE400000000000000000000000000000000000F2
:10BE500000000000000000000000000000000000E2
:10BE600000000000000000000000000000000000D2
:10BE700000000000000000000000000000000000C2
:10BE800000000000000000000000000000000000B2
:10BE900000000000000000000000000000000000A2
:10BEA0000000000000000000000000000000000092
:10BEB0000000000000000000000000000000000082
:10BEC0000000000000000000000000000000000072
:10BED0000000000000000000000000000000000062
:10BEE0000000000000000000000000000000000052
:10BEF0000000000000000000000000000000000042
:10BF00000000000000000000000000000000000031
:10BF10000000000000000000000000000000000021
:10BF20000000000000000000000000000000000011
:10BF30000000000000000000000000000000000001
:10BF400000000000000000000000000000000000F1
:10BF500000000000000000000000000000000000E1
:10BF600000000000000000000000000000000000D1
:10BF700000000000000000000000000000000000C1
:10BF800000000000000000000000000000000000B1
:10BF900000000000000000000000000000000000A1
:10BFA0000000000000000000000000000000000091
:10BFB0000000000000000000000000000000000081
:10BFC0000000000000000000000000000000000071
:10BFD0000000000000000000000000000000000061
:10BFE0000000000000000000000000000000000051
:10BFF0000000000000000000000000000000000041
:10C000000000000000000000000000000000000030
:10C010000000000000000000000000000000000020
:10C020000000000000000000000000000000000010
:10C030000000000000000000000000000000000000
:10C0400000000000000000000000000000000000F0
:10C0500000000000000000000000000000000000E0
:10C0600000000000000000000000000000000000D0
:10C0700000000000000000000000000000000000C0
:10C0800000000000000000000000000000000000B0
:10C0900000000000000000000000000000000000A0
:10C0A0000000000000000000000000000000000090
:10C0B0000000000000000000000000000000000080
:10C0C0000000000000000000000000000000000070
:10C0D0000000000000000000000000000000000060
:10C0E0000000000000000000000000000000000050
:10C0F0000000000000000000000000000000000040
:10C10000000000000000000000000000000000002F
:10C11000000000000000000000000000000000001F
:10C12000000000000000000000000000000000000F
:10C1300000000000000000000000000000000000FF
:10C1400000000000000000000000000000000000EF
:10C1500000000000000000000000000000000000DF
:10C1600000000000000000000000000000000000CF
:10C1700000000000000000000000000000000000BF
:10C1800000000000000000000000000000000000AF
:10C19000000000000000000000000000000000009F
:10C1A000000000000000000000000000000000008F
:10C1B000000000000000000000000000000000007F
:10C1C000000000000000000000000000000000006F
:10C1D000000000000000000000000000000000005F
:10C1E000000000000000000000000000000000004F
:10C1F000000000000000000000000000000000003F
:10C20000000000000000000000000000000000002E
:10C21000000000000000000000000000000000001E
:10C22000000000000000000000000000000000000E
:10C2300000000000000000000000000000000000FE
:10C2400000000000000000000000000000000000EE
:10C2500000000000000000000000000000000000DE
:10C2600000000000000000000000000000000000CE
:10C2700000000000000000000000000000000000BE
:10C2800000000000000000000000000000000000AE
:10C29000000000000000000000000000000000009E
:10C2A000000000000000000000000000000000008E
:10C2B000000000000000000000000000000000007E
:10C2C000000000000000000000000000000000006E
:10C2D000000000000000000000000000000000005E
:10C2E000000000000000000000000000000000004E
:10C2F000000000000000000000000000000000003E
:10C30000000000000000000000000000000000002D
:10C31000000000000000000000000000000000001D
:10C32000000000000000000000000000000000000D
:10C3300000000000000000000000000000000000FD
:10C3400000000000000000000000000000000000ED
:10C3500000000000000000000000000000000000DD
:10C3600000000000000000000000000000000000CD
:10C3700000000000000000000000000000000000BD
:10C3800000000000000000000000000000000000AD
:10C39000000000000000000000000000000000009D
:10C3A000000000000000000000000000000000008D
:10C3B000000000000000000000000000000000007D
:10C3C000000000000000000000000000000000006D
:10C3D000000000000000000000000000000000005D
:10C3E000000000000000000000000000000000004D
:10C3F000000000000000000000000000000000003D
:10C40000000000000000000000000000000000002C
:10C41000000000000000000000000000000000001C
:10C42000000000000000000000000000000000000C
:10C4300000000000000000000000000000000000FC
:10C4400000000000000000000000000000000000EC
:10C4500000000000000000000000000000000000DC
:10C4600000000000000000000000000000000000CC
:10C4700000000000000000000000000000000000BC
:10C4800000000000000000000000000000000000AC
:10C49000000000000000000000000000000000009C
:10C4A000000000000000000000000000000000008C
:10C4B000000000000000000000000000000000007C
:10C4C000000000000000000000000000000000006C
:10C4D000000000000000000000000000000000005C
:10C4E000000000000000000000000000000000004C
:10C4F000000000000000000000000000000000003C
:10C50000000000000000000000000000000000002B
:10C51000000000000000000000000000000000001B
:10C52000000000000000000000000000000000000B
:10C5300000000000000000000000000000000000FB
:10C5400000000000000000000000000000000000EB
:10C5500000000000000000000000000000000000DB
:10C5600000000000000000000000000000000000CB
:10C5700000000000000000000000000000000000BB
:10C5800000000000000000000000000000000000AB
:10C59000000000000000000000000000000000009B
:10C5A000000000000000000000000000000000008B
:10C5B000000000000000000000000000000000007B
:10C5C000000000000000000000000000000000006B
:10C5D000000000000000000000000000000000005B
:10C5E000000000000000000000000000000000004B
:10C5F000000000000000000000000000000000003B
:10C60000000000000000000000000000000000002A
:10C61000000000000000000000000000000000001A
:10C62000000000000000000000000000000000000A
:10C6300000000000000000000000000000000000FA
:10C6400000000000000000000000000000000000EA
:10C6500000000000000000000000000000000000DA
:10C6600000000000000000000000000000000000CA
:10C6700000000000000000000000000000000000BA
:10C6800000000000000000000000000000000000AA
:10C69000000000000000000000000000000000009A
:10C6A000000000000000000000000000000000008A
:10C6B000000000000000000000000000000000007A
:10C6C000000000000000000000000000000000006A
:10C6D000000000000000000000000000000000005A
:10C6E000000000000000000000000000000000004A
:10C6F000000000000000000000000000000000003A
:10C700000000000000000000000000000000000029
:10C710000000000000000000000000000000000019
:10C720000000000000000000000000000000000009
:10C7300000000000000000000000000000000000F9
:10C7400000000000000000000000000000000000E9
:10C7500000000000000000000000000000000000D9
:10C7600000000000000000000000000000000000C9
:10C7700000000000000000000000000000000000B9
:10C7800000000000000000000000000000000000A9
:10C790000000000000000000000000000000000099
:10C7A0000000000000000000000000000000000089
:10C7B0000000000000000000000000000000000079
:10C7C0000000000000000000000000000000000069
:10C7D0000000000000000000000000000000000059
:10C7E0000000000000000000000000000000000049
:10C7F0000000000000000000000000000000000039
:10C800000000000000000000000000000000000028
:10C810000000000000000000000000000000000018
:10C820000000000000000000000000000000000008
:10C8300000000000000000000000000000000000F8
:10C8400000000000000000000000000000000000E8
:10C8500000000000000000000000000000000000D8
:10C8600000000000000000000000000000000000C8
:10C8700000000000000000000000000000000000B8
:10C8800000000000000000000000000000000000A8
:10C890000000000000000000000000000000000098
:10C8A0000000000000000000000000000000000088
:10C8B0000000000000000000000000000000000078
:10C8C0000000000000000000000000000000000068
:10C8D0000000000000000000000000000000000058
:10C8E0000000000000000000000000000000000048
:10C8F0000000000000000000000000000000000038
:10C900000000000000000000000000000000000027
:10C910000000000000000000000000000000000017
:10C920000000000000000000000000000000000007
:10C9300000000000000000000000000000000000F7
:10C9400000000000000000000000000000000000E7
:10C9500000000000000000000000000000000000D7
:10C9600000000000000000000000000000000000C7
:10C9700000000000000000000000000000000000B7
:10C9800000000000000000000000000000000000A7
:10C990000000000000000000000000000000000097
:10C9A0000000000000000000000000000000000087
:10C9B0000000000000000000000000000000000077
:10C9C0000000000000000000000000000000000067
:10C9D0000000000000000000000000000000000057
:10C9E0000000000000000000000000000000000047
:10C9F0000000000000000000000000000000000037
:10CA00000000000000000000000000000000000026
:10CA10000000000000000000000000000000000016
:10CA20000000000000000000000000000000000006
:10CA300000000000000000000000000000000000F6
:10CA400000000000000000000000000000000000E6
:10CA500000000000000000000000000000000000D6
:10CA600000000000000000000000000000000000C6
:10CA700000000000000000000000000000000000B6
:10CA800000000000000000000000000000000000A6
:10CA90000000000000000000000000000000000096
:10CAA0000000000000000000000000000000000086
:10CAB0000000000000000000000000000000000076
:10CAC0000000000000000000000000000000000066
:10CAD0000000000000000000000000000000000056
:10CAE0000000000000000000000000000000000046
:10CAF0000000000000000000000000000000000036
:10CB00000000000000000000000000000000000025
:10CB10000000000000000000000000000000000015
:10CB20000000000000000000000000000000000005
:10CB300000000000000000000000000000000000F5
:10CB400000000000000000000000000000000000E5
:10CB500000000000000000000000000000000000D5
:10CB600000000000000000000000000000000000C5
:10CB700000000000000000000000000000000000B5
:10CB800000000000000000000000000000000000A5
:10CB90000000000000000000000000000000000095
:10CBA0000000000000000000000000000000000085
:10CBB0000000000000000000000000000000000075
:10CBC0000000000000000000000000000000000065
:10CBD0000000000000000000000000000000000055
:10CBE0000000000000000000000000000000000045
:10CBF0000000000000000000000000000000000035
:10CC00000000000000000000000000000000000024
:10CC10000000000000000000000000000000000014
:10CC20000000000000000000000000000000000004
:10CC300000000000000000000000000000000000F4
:10CC400000000000000000000000000000000000E4
:10CC500000000000000000000000000000000000D4
:10CC600000000000000000000000000000000000C4
:10CC700000000000000000000000000000000000B4
:10CC800000000000000000000000000000000000A4
:10CC90000000000000000000000000000000000094
:10CCA0000000000000000000000000000000000084
:10CCB0000000000000000000000000000000000074
:10CCC0000000000000000000000000000000000064
:10CCD0000000000000000000000000000000000054
:10CCE0000000000000000000000000000000000044
:10CCF0000000000000000000000000000000000034
:10CD00000000000000000000000000000000000023
:10CD10000000000000000000000000000000000013
:10CD20000000000000000000000000000000000003
:10CD300000000000000000000000000000000000F3
:10CD400000000000000000000000000000000000E3
:10CD500000000000000000000000000000000000D3
:10CD600000000000000000000000000000000000C3
:10CD700000000000000000000000000000000000B3
:10CD800000000000000000000000000000000000A3
:10CD90000000000000000000000000000000000093
:10CDA0000000000000000000000000000000000083
:10CDB0000000000000000000000000000000000073
:10CDC0000000000000000000000000000000000063
:10CDD0000000000000000000000000000000000053
:10CDE0000000000000000000000000000000000043
:10CDF0000000000000000000000000000000000033
:10CE00000000000000000000000000000000000022
:10CE10000000000000000000000000000000000012
:10CE20000000000000000000000000000000000002
:10CE300000000000000000000000000000000000F2
:10CE400000000000000000000000000000000000E2
:10CE500000000000000000000000000000000000D2
:10CE600000000000000000000000000000000000C2
:10CE700000000000000000000000000000000000B2
:10CE800000000000000000000000000000000000A2
:10CE90000000000000000000000000000000000092
:10CEA0000000000000000000000000000000000082
:10CEB0000000000000000000000000000000000072
:10CEC0000000000000000000000000000000000062
:10CED0000000000000000000000000000000000052
:10CEE0000000000000000000000000000000000042
:10CEF0000000000000000000000000000000000032
:10CF00000000000000000000000000000000000021
:10CF10000000000000000000000000000000000011
:10CF20000000000000000000000000000000000001
:10CF300000000000000000000000000000000000F1
:10CF400000000000000000000000000000000000E1
:10CF500000000000000000000000000000000000D1
:10CF600000000000000000000000000000000000C1
:10CF700000000000000000000000000000000000B1
:10CF800000000000000000000000000000000000A1
:10CF90000000000000000000000000000000000091
:10CFA0000000000000000000000000000000000081
:10CFB0000000000000000000000000000000000071
:10CFC0000000000000000000000000000000000061
:10CFD0000000000000000000000000000000000051
:10CFE0000000000000000000000000000000000041
:10CFF0000000000000000000000000000000000031
:10D000000000000000000000000000000000000020
:10D010000000000000000000000000000000000010
:10D020000000000000000000000000000000000000
:10D0300000000000000000000000000000000000F0
:10D0400000000000000000000000000000000000E0
:10D0500000000000000000000000000000000000D0
:10D0600000000000000000000000000000000000C0
:10D0700000000000000000000000000000000000B0
:10D0800000000000000000000000000000000000A0
:10D090000000000000000000000000000000000090
:10D0A0000000000000000000000000000000000080
:10D0B0000000000000000000000000000000000070
:10D0C0000000000000000000000000000000000060
:10D0D0000000000000000000000000000000000050
:10D0E0000000000000000000000000000000000040
:10D0F0000000000000000000000000000000000030
:10D10000000000000000000000000000000000001F
:10D11000000000000000000000000000000000000F
:10D1200000000000000000000000000000000000FF
:10D1300000000000000000000000000000000000EF
:10D1400000000000000000000000000000000000DF
:10D1500000000000000000000000000000000000CF
:10D1600000000000000000000000000000000000BF
:10D1700000000000000000000000000000000000AF
:10D18000000000000000000000000000000000009F
:10D19000000000000000000000000000000000008F
:10D1A000000000000000000000000000000000007F
:10D1B000000000000000000000000000000000006F
:10D1C000000000000000000000000000000000005F
:10D1D000000000000000000000000000000000004F
:10D1E000000000000000000000000000000000003F
:10D1F000000000000000000000000000000000002F
:10D20000000000000000000000000000000000001E
:10D21000000000000000000000000000000000000E
:10D2200000000000000000000000000000000000FE
:10D2300000000000000000000000000000000000EE
:10D2400000000000000000000000000000000000DE
:10D2500000000000000000000000000000000000CE
:10D2600000000000000000000000000000000000BE
:10D2700000000000000000000000000000000000AE
:10D28000000000000000000000000000000000009E
:10D29000000000000000000000000000000000008E
:10D2A000000000000000000000000000000000007E
:10D2B000000000000000000000000000000000006E
:10D2C000000000000000000000000000000000005E
:10D2D000000000000000000000000000000000004E
:10D2E000000000000000000000000000000000003E
:10D2F000000000000000000000000000000000002E
:10D30000000000000000000000000000000000001D
:10D31000000000000000000000000000000000000D
:10D3200000000000000000000000000000000000FD
:10D3300000000000000000000000000000000000ED
:10D3400000000000000000000000000000000000DD
:10D3500000000000000000000000000000000000CD
:10D3600000000000000000000000000000000000BD
:10D3700000000000000000000000000000000000AD
:10D38000000000000000000000000000000000009D
:10D39000000000000000000000000000000000008D
:10D3A000000000000000000000000000000000007D
:10D3B000000000000000000000000000000000006D
:10D3C000000000000000000000000000000000005D
:10D3D000000000000000000000000000000000004D
:10D3E000000000000000000000000000000000003D
:10D3F000000000000000000000000000000000002D
:10D40000000000000000000000000000000000001C
:10D41000000000000000000000000000000000000C
:10D4200000000000000000000000000000000000FC
:10D4300000000000000000000000000000000000EC
:10D4400000000000000000000000000000000000DC
:10D4500000000000000000000000000000000000CC
:10D4600000000000000000000000000000000000BC
:10D4700000000000000000000000000000000000AC
:10D48000000000000000000000000000000000009C
:10D49000000000000000000000000000000000008C
:10D4A000000000000000000000000000000000007C
:10D4B000000000000000000000000000000000006C
:10D4C000000000000000000000000000000000005C
:10D4D000000000000000000000000000000000004C
:10D4E000000000000000000000000000000000003C
:10D4F000000000000000000000000000000000002C
:10D50000000000000000000000000000000000001B
:10D51000000000000000000000000000000000000B
:10D5200000000000000000000000000000000000FB
:10D5300000000000000000000000000000000000EB
:10D5400000000000000000000000000000000000DB
:10D5500000000000000000000000000000000000CB
:10D5600000000000000000000000000000000000BB
:10D5700000000000000000000000000000000000AB
:10D58000000000000000000000000000000000009B
:10D59000000000000000000000000000000000008B
:10D5A000000000000000000000000000000000007B
:10D5B000000000000000000000000000000000006B
:10D5C000000000000000000000000000000000005B
:10D5D000000000000000000000000000000000004B
:10D5E000000000000000000000000000000000003B
:10D5F000000000000000000000000000000000002B
:10D60000000000000000000000000000000000001A
:10D61000000000000000000000000000000000000A
:10D6200000000000000000000000000000000000FA
:10D6300000000000000000000000000000000000EA
:10D6400000000000000000000000000000000000DA
:10D6500000000000000000000000000000000000CA
:10D6600000000000000000000000000000000000BA
:10D6700000000000000000000000000000000000AA
:10D68000000000000000000000000000000000009A
:10D69000000000000000000000000000000000008A
:10D6A000000000000000000000000000000000007A
:10D6B000000000000000000000000000000000006A
:10D6C000000000000000000000000000000000005A
:10D6D000000000000000000000000000000000004A
:10D6E000000000000000000000000000000000003A
:10D6F000000000000000000000000000000000002A
:10D700000000000000000000000000000000000019
:10D710000000000000000000000000000000000009
:10D7200000000000000000000000000000000000F9
:10D7300000000000000000000000000000000000E9
:10D7400000000000000000000000000000000000D9
:10D7500000000000000000000000000000000000C9
:10D7600000000000000000000000000000000000B9
:10D7700000000000000000000000000000000000A9
:10D780000000000000000000000000000000000099
:10D790000000000000000000000000000000000089
:10D7A0000000000000000000000000000000000079
:10D7B0000000000000000000000000000000000069
:10D7C0000000000000000000000000000000000059
:10D7D0000000000000000000000000000000000049
:10D7E0000000000000000000000000000000000039
:10D7F0000000000000000000000000000000000029
:10D800000000000000000000000000000000000018
:10D810000000000000000000000000000000000008
:10D8200000000000000000000000000000000000F8
:10D8300000000000000000000000000000000000E8
:10D8400000000000000000000000000000000000D8
:10D8500000000000000000000000000000000000C8
:10D8600000000000000000000000000000000000B8
:10D8700000000000000000000000000000000000A8
:10D880000000000000000000000000000000000098
:10D890000000000000000000000000000000000088
:10D8A0000000000000000000000000000000000078
:10D8B0000000000000000000000000000000000068
:10D8C0000000000000000000000000000000000058
:10D8D0000000000000000000000000000000000048
:10D8E0000000000000000000000000000000000038
:10D8F0000000000000000000000000000000000028
:10D900000000000000000000000000000000000017
:10D910000000000000000000000000000000000007
:10D9200000000000000000000000000000000000F7
:10D9300000000000000000000000000000000000E7
:10D9400000000000000000000000000000000000D7
:10D9500000000000000000000000000000000000C7
:10D9600000000000000000000000000000000000B7
:10D9700000000000000000000000000000000000A7
:10D980000000000000000000000000000000000097
:10D990000000000000000000000000000000000087
:10D9A0000000000000000000000000000000000077
:10D9B0000000000000000000000000000000000067
:10D9C0000000000000000000000000000000000057
:10D9D0000000000000000000000000000000000047
:10D9E0000000000000000000000000000000000037
:10D9F0000000000000000000000000000000000027
:10DA00000000000000000000000000000000000016
:10DA10000000000000000000000000000000000006
:10DA200000000000000000000000000000000000F6
:10DA300000000000000000000000000000000000E6
:10DA400000000000000000000000000000000000D6
:10DA500000000000000000000000000000000000C6
:10DA600000000000000000000000000000000000B6
:10DA700000000000000000000000000000000000A6
:10DA80000000000000000000000000000000000096
:10DA90000000000000000000000000000000000086
:10DAA0000000000000000000000000000000000076
:10DAB0000000000000000000000000000000000066
:10DAC0000000000000000000000000000000000056
:10DAD0000000000000000000000000000000000046
:10DAE0000000000000000000000000000000000036
:10DAF0000000000000000000000000000000000026
:10DB00000000000000000000000000000000000015
:10DB10000000000000000000000000000000000005
:10DB200000000000000000000000000000000000F5
:10DB300000000000000000000000000000000000E5
:10DB400000000000000000000000000000000000D5
:10DB500000000000000000000000000000000000C5
:10DB600000000000000000000000000000000000B5
:10DB700000000000000000000000000000000000A5
:10DB80000000000000000000000000000000000095
:10DB90000000000000000000000000000000000085
:10DBA0000000000000000000000000000000000075
:10DBB0000000000000000000000000000000000065
:10DBC0000000000000000000000000000000000055
:10DBD0000000000000000000000000000000000045
:10DBE0000000000000000000000000000000000035
:10DBF0000000000000000000000000000000000025
:10DC00000000000000000000000000000000000014
:10DC10000000000000000000000000000000000004
:10DC200000000000000000000000000000000000F4
:10DC300000000000000000000000000000000000E4
:10DC400000000000000000000000000000000000D4
:10DC500000000000000000000000000000000000C4
:10DC600000000000000000000000000000000000B4
:10DC700000000000000000000000000000000000A4
:10DC80000000000000000000000000000000000094
:10DC90000000000000000000000000000000000084
:10DCA0000000000000000000000000000000000074
:10DCB0000000000000000000000000000000000064
:10DCC0000000000000000000000000000000000054
:10DCD0000000000000000000000000000000000044
:10DCE0000000000000000000000000000000000034
:10DCF0000000000000000000000000000000000024
:10DD00000000000000000000000000000000000013
:10DD10000000000000000000000000000000000003
:10DD200000000000000000000000000000000000F3
:10DD300000000000000000000000000000000000E3
:10DD400000000000000000000000000000000000D3
:10DD500000000000000000000000000000000000C3
:10DD600000000000000000000000000000000000B3
:10DD700000000000000000000000000000000000A3
:10DD80000000000000000000000000000000000093
:10DD90000000000000000000000000000000000083
:10DDA0000000000000000000000000000000000073
:10DDB0000000000000000000000000000000000063
:10DDC0000000000000000000000000000000000053
:10DDD0000000000000000000000000000000000043
:10DDE0000000000000000000000000000000000033
:10DDF0000000000000000000000000000000000023
:10DE00000000000000000000000000000000000012
:10DE10000000000000000000000000000000000002
:10DE200000000000000000000000000000000000F2
:10DE300000000000000000000000000000000000E2
:10DE400000000000000000000000000000000000D2
:10DE500000000000000000000000000000000000C2
:10DE600000000000000000000000000000000000B2
:10DE700000000000000000000000000000000000A2
:10DE80000000000000000000000000000000000092
:10DE90000000000000000000000000000000000082
:10DEA0000000000000000000000000000000000072
:10DEB0000000000000000000000000000000000062
:10DEC0000000000000000000000000000000000052
:10DED0000000000000000000000000000000000042
:10DEE0000000000000000000000000000000000032
:10DEF0000000000000000000000000000000000022
:10DF00000000000000000000000000000000000011
:10DF10000000000000000000000000000000000001
:10DF200000000000000000000000000000000000F1
:10DF300000000000000000000000000000000000E1
:10DF400000000000000000000000000000000000D1
:10DF500000000000000000000000000000000000C1
:10DF600000000000000000000000000000000000B1
:10DF700000000000000000000000000000000000A1
:10DF80000000000000000000000000000000000091
:10DF90000000000000000000000000000000000081
:10DFA0000000000000000000000000000000000071
:10DFB0000000000000000000000000000000000061
:10DFC0000000000000000000000000000000000051
:10DFD0000000000000000000000000000000000041
:10DFE0000000000000000000000000000000000031
:10DFF0000000000000000000000000000000000021
:10E000000000000000000000000000000000000010
:10E010000000000000000000000000000000000000
:10E0200000000000000000000000000000000000F0
:10E0300000000000000000000000000000000000E0
:10E0400000000000000000000000000000000000D0
:10E0500000000000000000000000000000000000C0
:10E0600000000000000000000000000000000000B0
:10E0700000000000000000000000000000000000A0
:10E080000000000000000000000000000000000090
:10E090000000000000000000000000000000000080
:10E0A0000000000000000000000000000000000070
:10E0B0000000000000000000000000000000000060
:10E0C0000000000000000000000000000000000050
:10E0D0000000000000000000000000000000000040
:10E0E0000000000000000000000000000000000030
:10E0F0000000000000000000000000000000000020
:10E10000000000000000000000000000000000000F
:10E1100000000000000000000000000000000000FF
:10E1200000000000000000000000000000000000EF
:10E1300000000000000000000000000000000000DF
:10E1400000000000000000000000000000000000CF
:10E1500000000000000000000000000000000000BF
:10E1600000000000000000000000000000000000AF
:10E17000000000000000000000000000000000009F
:10E18000000000000000000000000000000000008F
:10E19000000000000000000000000000000000007F
:10E1A000000000000000000000000000000000006F
:10E1B000000000000000000000000000000000005F
:10E1C000000000000000000000000000000000004F
:10E1D000000000000000000000000000000000003F
:10E1E000000000000000000000000000000000002F
:10E1F000000000000000000000000000000000001F
:10E20000000000000000000000000000000000000E
:10E2100000000000000000000000000000000000FE
:10E2200000000000000000000000000000000000EE
:10E2300000000000000000000000000000000000DE
:10E2400000000000000000000000000000000000CE
:10E2500000000000000000000000000000000000BE
:10E2600000000000000000000000000000000000AE
:10E27000000000000000000000000000000000009E
:10E28000000000000000000000000000000000008E
:10E29000000000000000000000000000000000007E
:10E2A000000000000000000000000000000000006E
:10E2B000000000000000000000000000000000005E
:10E2C000000000000000000000000000000000004E
:10E2D000000000000000000000000000000000003E
:10E2E000000000000000000000000000000000002E
:10E2F000000000000000000000000000000000001E
:10E30000000000000000000000000000000000000D
:10E3100000000000000000000000000000000000FD
:10E3200000000000000000000000000000000000ED
:10E3300000000000000000000000000000000000DD
:10E3400000000000000000000000000000000000CD
:10E3500000000000000000000000000000000000BD
:10E3600000000000000000000000000000000000AD
:10E37000000000000000000000000000000000009D
:10E38000000000000000000000000000000000008D
:10E39000000000000000000000000000000000007D
:10E3A000000000000000000000000000000000006D
:10E3B000000000000000000000000000000000005D
:10E3C000000000000000000000000000000000004D
:10E3D000000000000000000000000000000000003D
:10E3E000000000000000000000000000000000002D
:10E3F000000000000000000000000000000000001D
:10E40000000000000000000000000000000000000C
:10E4100000000000000000000000000000000000FC
:10E4200000000000000000000000000000000000EC
:10E4300000000000000000000000000000000000DC
:10E4400000000000000000000000000000000000CC
:10E4500000000000000000000000000000000000BC
:10E4600000000000000000000000000000000000AC
:10E47000000000000000000000000000000000009C
:10E48000000000000000000000000000000000008C
:10E49000000000000000000000000000000000007C
:10E4A000000000000000000000000000000000006C
:10E4B000000000000000000000000000000000005C
:10E4C000000000000000000000000000000000004C
:10E4D000000000000000000000000000000000003C
:10E4E000000000000000000000000000000000002C
:10E4F000000000000000000000000000000000001C
:10E50000000000000000000000000000000000000B
:10E5100000000000000000000000000000000000FB
:10E5200000000000000000000000000000000000EB
:10E5300000000000000000000000000000000000DB
:10E5400000000000000000000000000000000000CB
:10E5500000000000000000000000000000000000BB
:10E5600000000000000000000000000000000000AB
:10E57000000000000000000000000000000000009B
:10E58000000000000000000000000000000000008B
:10E59000000000000000000000000000000000007B
:10E5A000000000000000000000000000000000006B
:10E5B000000000000000000000000000000000005B
:10E5C000000000000000000000000000000000004B
:10E5D000000000000000000000000000000000003B
:10E5E000000000000000000000000000000000002B
:10E5F000000000000000000000000000000000001B
:10E60000000000000000000000000000000000000A
:10E6100000000000000000000000000000000000FA
:10E6200000000000000000000000000000000000EA
:10E6300000000000000000000000000000000000DA
:10E6400000000000000000000000000000000000CA
:10E6500000000000000000000000000000000000BA
:10E6600000000000000000000000000000000000AA
:10E67000000000000000000000000000000000009A
:10E68000000000000000000000000000000000008A
:10E69000000000000000000000000000000000007A
:10E6A000000000000000000000000000000000006A
:10E6B000000000000000000000000000000000005A
:10E6C000000000000000000000000000000000004A
:10E6D000000000000000000000000000000000003A
:10E6E000000000000000000000000000000000002A
:10E6F000000000000000000000000000000000001A
:10E700000000000000000000000000000000000009
:10E7100000000000000000000000000000000000F9
:10E7200000000000000000000000000000000000E9
:10E7300000000000000000000000000000000000D9
:10E7400000000000000000000000000000000000C9
:10E7500000000000000000000000000000000000B9
:10E7600000000000000000000000000000000000A9
:10E770000000000000000000000000000000000099
:10E780000000000000000000000000000000000089
:10E790000000000000000000000000000000000079
:10E7A0000000000000000000000000000000000069
:10E7B0000000000000000000000000000000000059
:10E7C0000000000000000000000000000000000049
:10E7D0000000000000000000000000000000000039
:10E7E0000000000000000000000000000000000029
:10E7F0000000000000000000000000000000000019
:10E800000000000000000000000000000000000008
:10E8100000000000000000000000000000000000F8
:10E8200000000000000000000000000000000000E8
:10E8300000000000000000000000000000000000D8
:10E8400000000000000000000000000000000000C8
:10E8500000000000000000000000000000000000B8
:10E8600000000000000000000000000000000000A8
:10E870000000000000000000000000000000000098
:10E880000000000000000000000000000000000088
:10E890000000000000000000000000000000000078
:10E8A0000000000000000000000000000000000068
:10E8B0000000000000000000000000000000000058
:10E8C0000000000000000000000000000000000048
:10E8D0000000000000000000000000000000000038
:10E8E0000000000000000000000000000000000028
:10E8F0000000000000000000000000000000000018
:10E900000000000000000000000000000000000007
:10E9100000000000000000000000000000000000F7
:10E9200000000000000000000000000000000000E7
:10E9300000000000000000000000000000000000D7
:10E9400000000000000000000000000000000000C7
:10E9500000000000000000000000000000000000B7
:10E9600000000000000000000000000000000000A7
:10E970000000000000000000000000000000000097
:10E980000000000000000000000000000000000087
:10E990000000000000000000000000000000000077
:10E9A0000000000000000000000000000000000067
:10E9B0000000000000000000000000000000000057
:10E9C0000000000000000000000000000000000047
:10E9D0000000000000000000000000000000000037
:10E9E0000000000000000000000000000000000027
:10E9F0000000000000000000000000000000000017
:10EA00000000000000000000000000000000000006
:10EA100000000000000000000000000000000000F6
:10EA200000000000000000000000000000000000E6
:10EA300000000000000000000000000000000000D6
:10EA400000000000000000000000000000000000C6
:10EA500000000000000000000000000000000000B6
:10EA600000000000000000000000000000000000A6
:10EA70000000000000000000000000000000000096
:10EA80000000000000000000000000000000000086
:10EA90000000000000000000000000000000000076
:10EAA0000000000000000000000000000000000066
:10EAB0000000000000000000000000000000000056
:10EAC0000000000000000000000000000000000046
:10EAD0000000000000000000000000000000000036
:10EAE0000000000000000000000000000000000026
:10EAF0000000000000000000000000000000000016
:10EB00000000000000000000000000000000000005
:10EB100000000000000000000000000000000000F5
:10EB200000000000000000000000000000000000E5
:10EB300000000000000000000000000000000000D5
:10EB400000000000000000000000000000000000C5
:10EB500000000000000000000000000000000000B5
:10EB600000000000000000000000000000000000A5
:10EB70000000000000000000000000000000000095
:10EB80000000000000000000000000000000000085
:10EB90000000000000000000000000000000000075
:10EBA0000000000000000000000000000000000065
:10EBB0000000000000000000000000000000000055
:10EBC0000000000000000000000000000000000045
:10EBD0000000000000000000000000000000000035
:10EBE0000000000000000000000000000000000025
:10EBF0000000000000000000000000000000000015
:10EC00000000000000000000000000000000000004
:10EC100000000000000000000000000000000000F4
:10EC200000000000000000000000000000000000E4
:10EC300000000000000000000000000000000000D4
:10EC400000000000000000000000000000000000C4
:10EC500000000000000000000000000000000000B4
:10EC600000000000000000000000000000000000A4
:10EC70000000000000000000000000000000000094
:10EC80000000000000000000000000000000000084
:10EC90000000000000000000000000000000000074
:10ECA0000000000000000000000000000000000064
:10ECB0000000000000000000000000000000000054
:10ECC0000000000000000000000000000000000044
:10ECD0000000000000000000000000000000000034
:10ECE0000000000000000000000000000000000024
:10ECF0000000000000000000000000000000000014
:10ED00000000000000000000000000000000000003
:10ED100000000000000000000000000000000000F3
:10ED200000000000000000000000000000000000E3
:10ED300000000000000000000000000000000000D3
:10ED400000000000000000000000000000000000C3
:10ED500000000000000000000000000000000000B3
:10ED600000000000000000000000000000000000A3
:10ED70000000000000000000000000000000000093
:10ED80000000000000000000000000000000000083
:10ED90000000000000000000000000000000000073
:10EDA0000000000000000000000000000000000063
:10EDB0000000000000000000000000000000000053
:10EDC0000000000000000000000000000000000043
:10EDD0000000000000000000000000000000000033
:10EDE0000000000000000000000000000000000023
:10EDF0000000000000000000000000000000000013
:10EE00000000000000000000000000000000000002
:10EE100000000000000000000000000000000000F2
:10EE200000000000000000000000000000000000E2
:10EE300000000000000000000000000000000000D2
:10EE400000000000000000000000000000000000C2
:10EE500000000000000000000000000000000000B2
:10EE600000000000000000000000000000000000A2
:10EE70000000000000000000000000000000000092
:10EE80000000000000000000000000000000000082
:10EE90000000000000000000000000000000000072
:10EEA0000000000000000000000000000000000062
:10EEB0000000000000000000000000000000000052
:10EEC0000000000000000000000000000000000042
:10EED0000000000000000000000000000000000032
:10EEE0000000000000000000000000000000000022
:10EEF0000000000000000000000000000000000012
:10EF00000000000000000000000000000000000001
:10EF100000000000000000000000000000000000F1
:10EF200000000000000000000000000000000000E1
:10EF300000000000000000000000000000000000D1
:10EF400000000000000000000000000000000000C1
:10EF500000000000000000000000000000000000B1
:10EF600000000000000000000000000000000000A1
:10EF70000000000000000000000000000000000091
:10EF80000000000000000000000000000000000081
:10EF90000000000000000000000000000000000071
:10EFA0000000000000000000000000000000000061
:10EFB0000000000000000000000000000000000051
:10EFC0000000000000000000000000000000000041
:10EFD0000000000000000000000000000000000031
:10EFE0000000000000000000000000000000000021
:10EFF0000000000000000000000000000000000011
:10F000000000000000000000000000000000000000
:10F0100000000000000000000000000000000000F0
:10F0200000000000000000000000000000000000E0
:10F0300000000000000000000000000000000000D0
:10F0400000000000000000000000000000000000C0
:10F0500000000000000000000000000000000000B0
:10F0600000000000000000000000000000000000A0
:10F070000000000000000000000000000000000090
:10F080000000000000000000000000000000000080
:10F090000000000000000000000000000000000070
:10F0A0000000000000000000000000000000000060
:10F0B0000000000000000000000000000000000050
:10F0C0000000000000000000000000000000000040
:10F0D0000000000000000000000000000000000030
:10F0E0000000000000000000000000000000000020
:10F0F0000000000000000000000000000000000010
:10F1000000000000000000000000000000000000FF
:10F1100000000000000000000000000000000000EF
:10F1200000000000000000000000000000000000DF
:10F1300000000000000000000000000000000000CF
:10F1400000000000000000000000000000000000BF
:10F1500000000000000000000000000000000000AF
:10F16000000000000000000000000000000000009F
:10F17000000000000000000000000000000000008F
:10F18000000000000000000000000000000000007F
:10F19000000000000000000000000000000000006F
:10F1A000000000000000000000000000000000005F
:10F1B000000000000000000000000000000000004F
:10F1C000000000000000000000000000000000003F
:10F1D000000000000000000000000000000000002F
:10F1E000000000000000000000000000000000001F
:10F1F000000000000000000000000000000000000F
:10F2000000000000000000000000000000000000FE
:10F2100000000000000000000000000000000000EE
:10F2200000000000000000000000000000000000DE
:10F2300000000000000000000000000000000000CE
:10F2400000000000000000000000000000000000BE
:10F2500000000000000000000000000000000000AE
:10F26000000000000000000000000000000000009E
:10F27000000000000000000000000000000000008E
:10F28000000000000000000000000000000000007E
:10F29000000000000000000000000000000000006E
:10F2A000000000000000000000000000000000005E
:10F2B000000000000000000000000000000000004E
:10F2C000000000000000000000000000000000003E
:10F2D000000000000000000000000000000000002E
:10F2E000000000000000000000000000000000001E
:10F2F000000000000000000000000000000000000E
:10F3000000000000000000000000000000000000FD
:10F3100000000000000000000000000000000000ED
:10F3200000000000000000000000000000000000DD
:10F3300000000000000000000000000000000000CD
:10F3400000000000000000000000000000000000BD
:10F3500000000000000000000000000000000000AD
:10F36000000000000000000000000000000000009D
:10F37000000000000000000000000000000000008D
:10F38000000000000000000000000000000000007D
:10F39000000000000000000000000000000000006D
:10F3A000000000000000000000000000000000005D
:10F3B000000000000000000000000000000000004D
:10F3C000000000000000000000000000000000003D
:10F3D000000000000000000000000000000000002D
:10F3E000000000000000000000000000000000001D
:10F3F000000000000000000000000000000000000D
:10F4000000000000000000000000000000000000FC
:10F4100000000000000000000000000000000000EC
:10F4200000000000000000000000000000000000DC
:10F4300000000000000000000000000000000000CC
:10F4400000000000000000000000000000000000BC
:10F4500000000000000000000000000000000000AC
:10F46000000000000000000000000000000000009C
:10F47000000000000000000000000000000000008C
:10F48000000000000000000000000000000000007C
:10F49000000000000000000000000000000000006C
:10F4A000000000000000000000000000000000005C
:10F4B000000000000000000000000000000000004C
:10F4C000000000000000000000000000000000003C
:10F4D000000000000000000000000000000000002C
:10F4E000000000000000000000000000000000001C
:10F4F000000000000000000000000000000000000C
:10F5000000000000000000000000000000000000FB
:10F5100000000000000000000000000000000000EB
:10F5200000000000000000000000000000000000DB
:10F5300000000000000000000000000000000000CB
:10F5400000000000000000000000000000000000BB
:10F5500000000000000000000000000000000000AB
:10F56000000000000000000000000000000000009B
:10F57000000000000000000000000000000000008B
:10F58000000000000000000000000000000000007B
:10F59000000000000000000000000000000000006B
:10F5A000000000000000000000000000000000005B
:10F5B000000000000000000000000000000000004B
:10F5C000000000000000000000000000000000003B
:10F5D000000000000000000000000000000000002B
:10F5E000000000000000000000000000000000001B
:10F5F000000000000000000000000000000000000B
:10F6000000000000000000000000000000000000FA
:10F6100000000000000000000000000000000000EA
:10F6200000000000000000000000000000000000DA
:10F6300000000000000000000000000000000000CA
:10F6400000000000000000000000000000000000BA
:10F6500000000000000000000000000000000000AA
:10F66000000000000000000000000000000000009A
:10F67000000000000000000000000000000000008A
:10F68000000000000000000000000000000000007A
:10F69000000000000000000000000000000000006A
:10F6A000000000000000000000000000000000005A
:10F6B000000000000000000000000000000000004A
:10F6C000000000000000000000000000000000003A
:10F6D000000000000000000000000000000000002A
:10F6E000000000000000000000000000000000001A
:10F6F000000000000000000000000000000000000A
:10F7000000000000000000000000000000000000F9
:10F7100000000000000000000000000000000000E9
:10F7200000000000000000000000000000000000D9
:10F7300000000000000000000000000000000000C9
:10F7400000000000000000000000000000000000B9
:10F7500000000000000000000000000000000000A9
:10F760000000000000000000000000000000000099
:10F770000000000000000000000000000000000089
:10F780000000000000000000000000000000000079
:10F790000000000000000000000000000000000069
:10F7A0000000000000000000000000000000000059
:10F7B0000000000000000000000000000000000049
:10F7C0000000000000000000000000000000000039
:10F7D0000000000000000000000000000000000029
:10F7E0000000000000000000000000000000000019
:10F7F0000000000000000000000000000000000009
:10F8000000000000000000000000000000000000F8
:10F8100000000000000000000000000000000000E8
:10F8200000000000000000000000000000000000D8
:10F8300000000000000000000000000000000000C8
:10F8400000000000000000000000000000000000B8
:10F8500000000000000000000000000000000000A8
:10F860000000000000000000000000000000000098
:10F870000000000000000000000000000000000088
:10F880000000000000000000000000000000000078
:10F890000000000000000000000000000000000068
:10F8A0000000000000000000000000000000000058
:10F8B0000000000000000000000000000000000048
:10F8C0000000000000000000000000000000000038
:10F8D0000000000000000000000000000000000028
:10F8E0000000000000000000000000000000000018
:10F8F0000000000000000000000000000000000008
:10F9000000000000000000000000000000000000F7
:10F9100000000000000000000000000000000000E7
:10F9200000000000000000000000000000000000D7
:10F9300000000000000000000000000000000000C7
:10F9400000000000000000000000000000000000B7
:10F9500000000000000000000000000000000000A7
:10F960000000000000000000000000000000000097
:10F970000000000000000000000000000000000087
:10F980000000000000000000000000000000000077
:10F990000000000000000000000000000000000067
:10F9A0000000000000000000000000000000000057
:10F9B0000000000000000000000000000000000047
:10F9C0000000000000000000000000000000000037
:10F9D0000000000000000000000000000000000027
:10F9E0000000000000000000000000000000000017
:10F9F0000000000000000000000000000000000007
:10FA000000000000000000000000000000000000F6
:10FA100000000000000000000000000000000000E6
:10FA200000000000000000000000000000000000D6
:10FA300000000000000000000000000000000000C6
:10FA400000000000000000000000000000000000B6
:10FA500000000000000000000000000000000000A6
:10FA60000000000000000000000000000000000096
:10FA70000000000000000000000000000000000086
:10FA80000000000000000000000000000000000076
:10FA90000000000000000000000000000000000066
:10FAA0000000000000000000000000000000000056
:10FAB0000000000000000000000000000000000046
:10FAC0000000000000000000000000000000000036
:10FAD0000000000000000000000000000000000026
:10FAE0000000000000000000000000000000000016
:10FAF0000000000000000000000000000000000006
:10FB000000000000000000000000000000000000F5
:10FB100000000000000000000000000000000000E5
:10FB200000000000000000000000000000000000D5
:10FB300000000000000000000000000000000000C5
:10FB400000000000000000000000000000000000B5
:10FB500000000000000000000000000000000000A5
:10FB60000000000000000000000000000000000095
:10FB70000000000000000000000000000000000085
:10FB80000000000000000000000000000000000075
:10FB90000000000000000000000000000000000065
:10FBA0000000000000000000000000000000000055
:10FBB0000000000000000000000000000000000045
:10FBC0000000000000000000000000000000000035
:10FBD0000000000000000000000000000000000025
:10FBE0000000000000000000000000000000000015
:10FBF0000000000000000000000000000000000005
:10FC000000000000000000000000000000000000F4
:10FC100000000000000000000000000000000000E4
:10FC200000000000000000000000000000000000D4
:10FC300000000000000000000000000000000000C4
:10FC400000000000000000000000000000000000B4
:10FC500000000000000000000000000000000000A4
:10FC60000000000000000000000000000000000094
:10FC70000000000000000000000000000000000084
:10FC80000000000000000000000000000000000074
:10FC90000000000000000000000000000000000064
:10FCA0000000000000000000000000000000000054
:10FCB0000000000000000000000000000000000044
:10FCC0000000000000000000000000000000000034
:10FCD0000000000000000000000000000000000024
:10FCE0000000000000000000000000000000000014
:10FCF0000000000000000000000000000000000004
:10FD000000000000000000000000000000000000F3
:10FD100000000000000000000000000000000000E3
:10FD200000000000000000000000000000000000D3
:10FD300000000000000000000000000000000000C3
:10FD400000000000000000000000000000000000B3
:10FD500000000000000000000000000000000000A3
:10FD60000000000000000000000000000000000093
:10FD70000000000000000000000000000000000083
:10FD80000000000000000000000000000000000073
:10FD90000000000000000000000000000000000063
:10FDA0000000000000000000000000000000000053
:10FDB0000000000000000000000000000000000043
:10FDC0000000000000000000000000000000000033
:10FDD0000000000000000000000000000000000023
:10FDE0000000000000000000000000000000000013
:10FDF0000000000000000000000000000000000003
:10FE000000000000000000000000000000000000F2
:10FE100000000000000000000000000000000000E2
:10FE200000000000000000000000000000000000D2
:10FE300000000000000000000000000000000000C2
:10FE400000000000000000000000000000000000B2
:10FE500000000000000000000000000000000000A2
:10FE60000000000000000000000000000000000092
:10FE70000000000000000000000000000000000082
:10FE80000000000000000000000000000000000072
:10FE90000000000000000000000000000000000062
:10FEA0000000000000000000000000000000000052
:10FEB0000000000000000000000000000000000042
:10FEC0000000000000000000000000000000000032
:10FED0000000000000000000000000000000000022
:10FEE0000000000000000000000000000000000012
:10FEF0000000000000000000000000000000000002
:10FF000000000000000000000000000000000000F1
:10FF100000000000000000000000000000000000E1
:10FF200000000000000000000000000000000000D1
:10FF300000000000000000000000000000000000C1
:10FF400000000000000000000000000000000000B1
:10FF500000000000000000000000000000000000A1
:10FF60000000000000000000000000000000000091
:10FF70000000000000000000000000000000000081
:10FF80000000000000000000000000000000000071
:10FF90000000000000000000000000000000000061
:10FFA0000000000000000000000000000000000051
:10FFB0000000000000000000000000000000000041
:10FFC0000000000000000000000000000000000031
:10FFD0000000000000000000000000000000000021
:10FFE0000000000000000000000000000000000011
:10FFF0000000000000000000000000000000000001
:020000023000CC
:1000000000000000000000000000000000000000F0
:1000100000000000000000000000000000000000E0
:1000200000000000000000000000000000000000D0
:1000300000000000000000000000000000000000C0
:1000400000000000000000000000000000000000B0
:1000500000000000000000000000000000000000A0
:100060000000000000000000000000000000000090
:100070000000000000000000000000000000000080
:100080000000000000000000000000000000000070
:100090000000000000000000000000000000000060
:1000A0000000000000000000000000000000000050
:1000B0000000000000000000000000000000000040
:1000C0000000000000000000000000000000000030
:1000D0000000000000000000000000000000000020
:1000E0000000000000000000000000000000000010
:1000F0000000000000000000000000000000000000
:1001000000000000000000000000000000000000EF
:1001100000000000000000000000000000000000DF
:1001200000000000000000000000000000000000CF
:1001300000000000000000000000000000000000BF
:1001400000000000000000000000000000000000AF
:10015000000000000000000000000000000000009F
:10016000000000000000000000000000000000008F
:10017000000000000000000000000000000000007F
:10018000000000000000000000000000000000006F
:10019000000000000000000000000000000000005F
:1001A000000000000000000000000000000000004F
:1001B000000000000000000000000000000000003F
:1001C000000000000000000000000000000000002F
:1001D000000000000000000000000000000000001F
:1001E000000000000000000000000000000000000F
:1001F00000000000000000000000000000000000FF
:1002000000000000000000000000000000000000EE
:1002100000000000000000000000000000000000DE
:1002200000000000000000000000000000000000CE
:1002300000000000000000000000000000000000BE
:1002400000000000000000000000000000000000AE
:10025000000000000000000000000000000000009E
:10026000000000000000000000000000000000008E
:10027000000000000000000000000000000000007E
:10028000000000000000000000000000000000006E
:10029000000000000000000000000000000000005E
:1002A000000000000000000000000000000000004E
:1002B000000000000000000000000000000000003E
:1002C000000000000000000000000000000000002E
:1002D000000000000000000000000000000000001E
:1002E000000000000000000000000000000000000E
:1002F00000000000000000000000000000000000FE
:1003000000000000000000000000000000000000ED
:1003100000000000000000000000000000000000DD
:1003200000000000000000000000000000000000CD
:1003300000000000000000000000000000000000BD
:1003400000000000000000000000000000000000AD
:10035000000000000000000000000000000000009D
:10036000000000000000000000000000000000008D
:10037000000000000000000000000000000000007D
:10038000000000000000000000000000000000006D
:10039000000000000000000000000000000000005D
:1003A000000000000000000000000000000000004D
:1003B000000000000000000000000000000000003D
:1003C000000000000000000000000000000000002D
:1003D000000000000000000000000000000000001D
:1003E000000000000000000000000000000000000D
:1003F00000000000000000000000000000000000FD
:1004000000000000000000000000000000000000EC
:1004100000000000000000000000000000000000DC
:1004200000000000000000000000000000000000CC
:1004300000000000000000000000000000000000BC
:1004400000000000000000000000000000000000AC
:10045000000000000000000000000000000000009C
:10046000000000000000000000000000000000008C
:10047000000000000000000000000000000000007C
:10048000000000000000000000000000000000006C
:10049000000000000000000000000000000000005C
:1004A000000000000000000000000000000000004C
:1004B000000000000000000000000000000000003C
:1004C000000000000000000000000000000000002C
:1004D000000000000000000000000000000000001C
:1004E000000000000000000000000000000000000C
:1004F00000000000000000000000000000000000FC
:1005000000000000000000000000000000000000EB
:1005100000000000000000000000000000000000DB
:1005200000000000000000000000000000000000CB
:1005300000000000000000000000000000000000BB
:1005400000000000000000000000000000000000AB
:10055000000000000000000000000000000000009B
:10056000000000000000000000000000000000008B
:10057000000000000000000000000000000000007B
:10058000000000000000000000000000000000006B
:10059000000000000000000000000000000000005B
:1005A000000000000000000000000000000000004B
:1005B000000000000000000000000000000000003B
:1005C000000000000000000000000000000000002B
:1005D000000000000000000000000000000000001B
:1005E000000000000000000000000000000000000B
:1005F00000000000000000000000000000000000FB
:1006000000000000000000000000000000000000EA
:1006100000000000000000000000000000000000DA
:1006200000000000000000000000000000000000CA
:1006300000000000000000000000000000000000BA
:1006400000000000000000000000000000000000AA
:10065000000000000000000000000000000000009A
:10066000000000000000000000000000000000008A
:10067000000000000000000000000000000000007A
:10068000000000000000000000000000000000006A
:10069000000000000000000000000000000000005A
:1006A000000000000000000000000000000000004A
:1006B000000000000000000000000000000000003A
:1006C000000000000000000000000000000000002A
:1006D000000000000000000000000000000000001A
:1006E000000000000000000000000000000000000A
:1006F00000000000000000000000000000000000FA
:1007000000000000000000000000000000000000E9
:1007100000000000000000000000000000000000D9
:1007200000000000000000000000000000000000C9
:1007300000000000000000000000000000000000B9
:1007400000000000000000000000000000000000A9
:100750000000000000000000000000000000000099
:100760000000000000000000000000000000000089
:100770000000000000000000000000000000000079
:100780000000000000000000000000000000000069
:100790000000000000000000000000000000000059
:1007A0000000000000000000000000000000000049
:1007B0000000000000000000000000000000000039
:1007C0000000000000000000000000000000000029
:1007D0000000000000000000000000000000000019
:1007E0000000000000000000000000000000000009
:1007F00000000000000000000000000000000000F9
:1008000000000000000000000000000000000000E8
:1008100000000000000000000000000000000000D8
:1008200000000000000000000000000000000000C8
:1008300000000000000000000000000000000000B8
:1008400000000000000000000000000000000000A8
:100850000000000000000000000000000000000098
:100860000000000000000000000000000000000088
:100870000000000000000000000000000000000078
:100880000000000000000000000000000000000068
:100890000000000000000000000000000000000058
:1008A0000000000000000000000000000000000048
:1008B0000000000000000000000000000000000038
:1008C0000000000000000000000000000000000028
:1008D0000000000000000000000000000000000018
:1008E0000000000000000000000000000000000008
:1008F00000000000000000000000000000000000F8
:1009000000000000000000000000000000000000E7
:1009100000000000000000000000000000000000D7
:1009200000000000000000000000000000000000C7
:1009300000000000000000000000000000000000B7
:1009400000000000000000000000000000000000A7
:100950000000000000000000000000000000000097
:100960000000000000000000000000000000000087
:100970000000000000000000000000000000000077
:100980000000000000000000000000000000000067
:100990000000000000000000000000000000000057
:1009A0000000000000000000000000000000000047
:1009B0000000000000000000000000000000000037
:1009C0000000000000000000000000000000000027
:1009D0000000000000000000000000000000000017
:1009E0000000000000000000000000000000000007
:1009F00000000000000000000000000000000000F7
:100A000000000000000000000000000000000000E6
:100A100000000000000000000000000000000000D6
:100A200000000000000000000000000000000000C6
:100A300000000000000000000000000000000000B6
:100A400000000000000000000000000000000000A6
:100A50000000000000000000000000000000000096
:100A60000000000000000000000000000000000086
:100A70000000000000000000000000000000000076
:100A80000000000000000000000000000000000066
:100A90000000000000000000000000000000000056
:100AA0000000000000000000000000000000000046
:100AB0000000000000000000000000000000000036
:100AC0000000000000000000000000000000000026
:100AD0000000000000000000000000000000000016
:100AE0000000000000000000000000000000000006
:100AF00000000000000000000000000000000000F6
:100B000000000000000000000000000000000000E5
:100B100000000000000000000000000000000000D5
:100B200000000000000000000000000000000000C5
:100B300000000000000000000000000000000000B5
:100B400000000000000000000000000000000000A5
:100B50000000000000000000000000000000000095
:100B60000000000000000000000000000000000085
:100B70000000000000000000000000000000000075
:100B80000000000000000000000000000000000065
:100B90000000000000000000000000000000000055
:100BA0000000000000000000000000000000000045
:100BB0000000000000000000000000000000000035
:100BC0000000000000000000000000000000000025
:100BD0000000000000000000000000000000000015
:100BE0000000000000000000000000000000000005
:100BF00000000000000000000000000000000000F5
:100C000000000000000000000000000000000000E4
:100C100000000000000000000000000000000000D4
:100C200000000000000000000000000000000000C4
:100C300000000000000000000000000000000000B4
:100C400000000000000000000000000000000000A4
:100C50000000000000000000000000000000000094
:100C60000000000000000000000000000000000084
:100C70000000000000000000000000000000000074
:100C80000000000000000000000000000000000064
:100C90000000000000000000000000000000000054
:100CA0000000000000000000000000000000000044
:100CB0000000000000000000000000000000000034
:100CC0000000000000000000000000000000000024
:100CD0000000000000000000000000000000000014
:100CE0000000000000000000000000000000000004
:100CF00000000000000000000000000000000000F4
:100D000000000000000000000000000000000000E3
:100D100000000000000000000000000000000000D3
:100D200000000000000000000000000000000000C3
:100D300000000000000000000000000000000000B3
:100D400000000000000000000000000000000000A3
:100D50000000000000000000000000000000000093
:100D60000000000000000000000000000000000083
:100D70000000000000000000000000000000000073
:100D80000000000000000000000000000000000063
:100D90000000000000000000000000000000000053
:100DA0000000000000000000000000000000000043
:100DB0000000000000000000000000000000000033
:100DC0000000000000000000000000000000000023
:100DD0000000000000000000000000000000000013
:100DE0000000000000000000000000000000000003
:100DF00000000000000000000000000000000000F3
:100E000000000000000000000000000000000000E2
:100E100000000000000000000000000000000000D2
:100E200000000000000000000000000000000000C2
:100E300000000000000000000000000000000000B2
:100E400000000000000000000000000000000000A2
:100E50000000000000000000000000000000000092
:100E60000000000000000000000000000000000082
:100E70000000000000000000000000000000000072
:100E80000000000000000000000000000000000062
:100E90000000000000000000000000000000000052
:100EA0000000000000000000000000000000000042
:100EB0000000000000000000000000000000000032
:100EC0000000000000000000000000000000000022
:100ED0000000000000000000000000000000000012
:100EE0000000000000000000000000000000000002
:100EF00000000000000000000000000000000000F2
:100F000000000000000000000000000000000000E1
:100F100000000000000000000000000000000000D1
:100F200000000000000000000000000000000000C1
:100F300000000000000000000000000000000000B1
:100F400000000000000000000000000000000000A1
:100F50000000000000000000000000000000000091
:100F60000000000000000000000000000000000081
:100F70000000000000000000000000000000000071
:100F80000000000000000000000000000000000061
:100F90000000000000000000000000000000000051
:100FA0000000000000000000000000000000000041
:100FB0000000000000000000000000000000000031
:100FC0000000000000000000000000000000000021
:100FD0000000000000000000000000000000000011
:100FE0000000000000000000000000000000000001
:100FF00000000000000000000000000000000000F1
:1010000000000000000000000000000000000000E0
:1010100000000000000000000000000000000000D0
:1010200000000000000000000000000000000000C0
:1010300000000000000000000000000000000000B0
:1010400000000000000000000000000000000000A0
:101050000000000000000000000000000000000090
:101060000000000000000000000000000000000080
:101070000000000000000000000000000000000070
:101080000000000000000000000000000000000060
:101090000000000000000000000000000000000050
:1010A0000000000000000000000000000000000040
:1010B0000000000000000000000000000000000030
:1010C0000000000000000000000000000000000020
:1010D0000000000000000000000000000000000010
:1010E0000000000000000000000000000000000000
:1010F00000000000000000000000000000000000F0
:1011000000000000000000000000000000000000DF
:1011100000000000000000000000000000000000CF
:1011200000000000000000000000000000000000BF
:1011300000000000000000000000000000000000AF
:10114000000000000000000000000000000000009F
:10115000000000000000000000000000000000008F
:10116000000000000000000000000000000000007F
:10117000000000000000000000000000000000006F
:10118000000000000000000000000000000000005F
:10119000000000000000000000000000000000004F
:1011A000000000000000000000000000000000003F
:1011B000000000000000000000000000000000002F
:1011C000000000000000000000000000000000001F
:1011D000000000000000000000000000000000000F
:1011E00000000000000000000000000000000000FF
:1011F00000000000000000000000000000000000EF
:1012000000000000000000000000000000000000DE
:1012100000000000000000000000000000000000CE
:1012200000000000000000000000000000000000BE
:1012300000000000000000000000000000000000AE
:10124000000000000000000000000000000000009E
:10125000000000000000000000000000000000008E
:10126000000000000000000000000000000000007E
:10127000000000000000000000000000000000006E
:10128000000000000000000000000000000000005E
:10129000000000000000000000000000000000004E
:1012A000000000000000000000000000000000003E
:1012B000000000000000000000000000000000002E
:1012C000000000000000000000000000000000001E
:1012D000000000000000000000000000000000000E
:1012E00000000000000000000000000000000000FE
:1012F00000000000000000000000000000000000EE
:1013000000000000000000000000000000000000DD
:1013100000000000000000000000000000000000CD
:1013200000000000000000000000000000000000BD
:1013300000000000000000000000000000000000AD
:10134000000000000000000000000000000000009D
:10135000000000000000000000000000000000008D
:10136000000000000000000000000000000000007D
:10137000000000000000000000000000000000006D
:10138000000000000000000000000000000000005D
:10139000000000000000000000000000000000004D
:1013A000000000000000000000000000000000003D
:1013B000000000000000000000000000000000002D
:1013C000000000000000000000000000000000001D
:1013D000000000000000000000000000000000000D
:1013E00000000000000000000000000000000000FD
:1013F00000000000000000000000000000000000ED
:1014000000000000000000000000000000000000DC
:1014100000000000000000000000000000000000CC
:1014200000000000000000000000000000000000BC
:1014300000000000000000000000000000000000AC
:10144000000000000000000000000000000000009C
:10145000000000000000000000000000000000008C
:10146000000000000000000000000000000000007C
:10147000000000000000000000000000000000006C
:10148000000000000000000000000000000000005C
:10149000000000000000000000000000000000004C
:1014A000000000000000000000000000000000003C
:1014B000000000000000000000000000000000002C
:1014C000000000000000000000000000000000001C
:1014D000000000000000000000000000000000000C
:1014E00000000000000000000000000000000000FC
:1014F00000000000000000000000000000000000EC
:1015000000000000000000000000000000000000DB
:1015100000000000000000000000000000000000CB
:1015200000000000000000000000000000000000BB
:1015300000000000000000000000000000000000AB
:10154000000000000000000000000000000000009B
:10155000000000000000000000000000000000008B
:10156000000000000000000000000000000000007B
:10157000000000000000000000000000000000006B
:10158000000000000000000000000000000000005B
:10159000000000000000000000000000000000004B
:1015A000000000000000000000000000000000003B
:1015B000000000000000000000000000000000002B
:1015C000000000000000000000000000000000001B
:1015D000000000000000000000000000000000000B
:1015E00000000000000000000000000000000000FB
:1015F00000000000000000000000000000000000EB
:1016000000000000000000000000000000000000DA
:1016100000000000000000000000000000000000CA
:1016200000000000000000000000000000000000BA
:1016300000000000000000000000000000000000AA
:10164000000000000000000000000000000000009A
:10165000000000000000000000000000000000008A
:10166000000000000000000000000000000000007A
:10167000000000000000000000000000000000006A
:10168000000000000000000000000000000000005A
:10169000000000000000000000000000000000004A
:1016A000000000000000000000000000000000003A
:1016B000000000000000000000000000000000002A
:1016C000000000000000000000000000000000001A
:1016D000000000000000000000000000000000000A
:1016E00000000000000000000000000000000000FA
:1016F00000000000000000000000000000000000EA
:1017000000000000000000000000000000000000D9
:1017100000000000000000000000000000000000C9
:1017200000000000000000000000000000000000B9
:1017300000000000000000000000000000000000A9
:101740000000000000000000000000000000000099
:101750000000000000000000000000000000000089
:101760000000000000000000000000000000000079
:101770000000000000000000000000000000000069
:101780000000000000000000000000000000000059
:101790000000000000000000000000000000000049
:1017A0000000000000000000000000000000000039
:1017B0000000000000000000000000000000000029
:1017C0000000000000000000000000000000000019
:1017D0000000000000000000000000000000000009
:1017E00000000000000000000000000000000000F9
:1017F00000000000000000000000000000000000E9
:1018000000000000000000000000000000000000D8
:1018100000000000000000000000000000000000C8
:1018200000000000000000000000000000000000B8
:1018300000000000000000000000000000000000A8
:101840000000000000000000000000000000000098
:101850000000000000000000000000000000000088
:101860000000000000000000000000000000000078
:101870000000000000000000000000000000000068
:101880000000000000000000000000000000000058
:101890000000000000000000000000000000000048
:1018A0000000000000000000000000000000000038
:1018B0000000000000000000000000000000000028
:1018C0000000000000000000000000000000000018
:1018D0000000000000000000000000000000000008
:1018E00000000000000000000000000000000000F8
:1018F00000000000000000000000000000000000E8
:1019000000000000000000000000000000000000D7
:1019100000000000000000000000000000000000C7
:1019200000000000000000000000000000000000B7
:1019300000000000000000000000000000000000A7
:101940000000000000000000000000000000000097
:101950000000000000000000000000000000000087
:101960000000000000000000000000000000000077
:101970000000000000000000000000000000000067
:101980000000000000000000000000000000000057
:101990000000000000000000000000000000000047
:1019A0000000000000000000000000000000000037
:1019B0000000000000000000000000000000000027
:1019C0000000000000000000000000000000000017
:1019D0000000000000000000000000000000000007
:1019E00000000000000000000000000000000000F7
:1019F00000000000000000000000000000000000E7
:101A000000000000000000000000000000000000D6
:101A100000000000000000000000000000000000C6
:101A200000000000000000000000000000000000B6
:101A300000000000000000000000000000000000A6
:101A40000000000000000000000000000000000096
:101A50000000000000000000000000000000000086
:101A60000000000000000000000000000000000076
:101A70000000000000000000000000000000000066
:101A80000000000000000000000000000000000056
:101A90000000000000000000000000000000000046
:101AA0000000000000000000000000000000000036
:101AB0000000000000000000000000000000000026
:101AC0000000000000000000000000000000000016
:101AD0000000000000000000000000000000000006
:101AE00000000000000000000000000000000000F6
:101AF00000000000000000000000000000000000E6
:101B000000000000000000000000000000000000D5
:101B100000000000000000000000000000000000C5
:101B200000000000000000000000000000000000B5
:101B300000000000000000000000000000000000A5
:101B40000000000000000000000000000000000095
:101B50000000000000000000000000000000000085
:101B60000000000000000000000000000000000075
:101B70000000000000000000000000000000000065
:101B80000000000000000000000000000000000055
:101B90000000000000000000000000000000000045
:101BA0000000000000000000000000000000000035
:101BB0000000000000000000000000000000000025
:101BC0000000000000000000000000000000000015
:101BD0000000000000000000000000000000000005
:101BE00000000000000000000000000000000000F5
:101BF00000000000000000000000000000000000E5
:101C000000000000000000000000000000000000D4
:101C100000000000000000000000000000000000C4
:101C200000000000000000000000000000000000B4
:101C300000000000000000000000000000000000A4
:101C40000000000000000000000000000000000094
:101C50000000000000000000000000000000000084
:101C60000000000000000000000000000000000074
:101C70000000000000000000000000000000000064
:101C80000000000000000000000000000000000054
:101C90000000000000000000000000000000000044
:101CA0000000000000000000000000000000000034
:101CB0000000000000000000000000000000000024
:101CC0000000000000000000000000000000000014
:101CD0000000000000000000000000000000000004
:101CE00000000000000000000000000000000000F4
:101CF00000000000000000000000000000000000E4
:101D000000000000000000000000000000000000D3
:101D100000000000000000000000000000000000C3
:101D200000000000000000000000000000000000B3
:101D300000000000000000000000000000000000A3
:101D40000000000000000000000000000000000093
:101D50000000000000000000000000000000000083
:101D60000000000000000000000000000000000073
:101D70000000000000000000000000000000000063
:101D80000000000000000000000000000000000053
:101D90000000000000000000000000000000000043
:101DA0000000000000000000000000000000000033
:101DB0000000000000000000000000000000000023
:101DC0000000000000000000000000000000000013
:101DD0000000000000000000000000000000000003
:101DE00000000000000000000000000000000000F3
:101DF00000000000000000000000000000000000E3
:101E000000000000000000000000000000000000D2
:101E100000000000000000000000000000000000C2
:101E200000000000000000000000000000000000B2
:101E300000000000000000000000000000000000A2
:101E40000000000000000000000000000000000092
:101E50000000000000000000000000000000000082
:101E60000000000000000000000000000000000072
:101E70000000000000000000000000000000000062
:101E80000000000000000000000000000000000052
:101E90000000000000000000000000000000000042
:101EA0000000000000000000000000000000000032
:101EB0000000000000000000000000000000000022
:101EC0000000000000000000000000000000000012
:101ED0000000000000000000000000000000000002
:101EE00000000000000000000000000000000000F2
:101EF00000000000000000000000000000000000E2
:101F000000000000000000000000000000000000D1
:101F100000000000000000000000000000000000C1
:101F200000000000000000000000000000000000B1
:101F300000000000000000000000000000000000A1
:101F40000000000000000000000000000000000091
:101F50000000000000000000000000000000000081
:101F60000000000000000000000000000000000071
:101F70000000000000000000000000000000000061
:101F80000000000000000000000000000000000051
:101F90000000000000000000000000000000000041
:101FA0000000000000000000000000000000000031
:101FB0000000000000000000000000000000000021
:101FC0000000000000000000000000000000000011
:101FD0000000000000000000000000000000000001
:101FE00000000000000000000000000000000000F1
:101FF00000000000000000000000000000000000E1
:1020000000000000000000000000000000000000D0
:1020100000000000000000000000000000000000C0
:1020200000000000000000000000000000000000B0
:1020300000000000000000000000000000000000A0
:102040000000000000000000000000000000000090
:102050000000000000000000000000000000000080
:102060000000000000000000000000000000000070
:102070000000000000000000000000000000000060
:102080000000000000000000000000000000000050
:102090000000000000000000000000000000000040
:1020A0000000000000000000000000000000000030
:1020B0000000000000000000000000000000000020
:1020C0000000000000000000000000000000000010
:1020D0000000000000000000000000000000000000
:1020E00000000000000000000000000000000000F0
:1020F00000000000000000000000000000000000E0
:1021000000000000000000000000000000000000CF
:1021100000000000000000000000000000000000BF
:1021200000000000000000000000000000000000AF
:10213000000000000000000000000000000000009F
:10214000000000000000000000000000000000008F
:10215000000000000000000000000000000000007F
:10216000000000000000000000000000000000006F
:10217000000000000000000000000000000000005F
:10218000000000000000000000000000000000004F
:10219000000000000000000000000000000000003F
:1021A000000000000000000000000000000000002F
:1021B000000000000000000000000000000000001F
:1021C000000000000000000000000000000000000F
:1021D00000000000000000000000000000000000FF
:1021E00000000000000000000000000000000000EF
:1021F00000000000000000000000000000000000DF
:1022000000000000000000000000000000000000CE
:1022100000000000000000000000000000000000BE
:1022200000000000000000000000000000000000AE
:10223000000000000000000000000000000000009E
:10224000000000000000000000000000000000008E
:10225000000000000000000000000000000000007E
:10226000000000000000000000000000000000006E
:10227000000000000000000000000000000000005E
:10228000000000000000000000000000000000004E
:10229000000000000000000000000000000000003E
:1022A000000000000000000000000000000000002E
:1022B000000000000000000000000000000000001E
:1022C000000000000000000000000000000000000E
:1022D00000000000000000000000000000000000FE
:1022E00000000000000000000000000000000000EE
:1022F00000000000000000000000000000000000DE
:1023000000000000000000000000000000000000CD
:1023100000000000000000000000000000000000BD
:1023200000000000000000000000000000000000AD
:10233000000000000000000000000000000000009D
:10234000000000000000000000000000000000008D
:10235000000000000000000000000000000000007D
:10236000000000000000000000000000000000006D
:10237000000000000000000000000000000000005D
:10238000000000000000000000000000000000004D
:10239000000000000000000000000000000000003D
:1023A000000000000000000000000000000000002D
:1023B000000000000000000000000000000000001D
:1023C000000000000000000000000000000000000D
:1023D00000000000000000000000000000000000FD
:1023E00000000000000000000000000000000000ED
:1023F00000000000000000000000000000000000DD
:1024000000000000000000000000000000000000CC
:1024100000000000000000000000000000000000BC
:1024200000000000000000000000000000000000AC
:10243000000000000000000000000000000000009C
:10244000000000000000000000000000000000008C
:10245000000000000000000000000000000000007C
:10246000000000000000000000000000000000006C
:10247000000000000000000000000000000000005C
:10248000000000000000000000000000000000004C
:10249000000000000000000000000000000000003C
:1024A000000000000000000000000000000000002C
:1024B000000000000000000000000000000000001C
:1024C000000000000000000000000000000000000C
:1024D00000000000000000000000000000000000FC
:1024E00000000000000000000000000000000000EC
:1024F00000000000000000000000000000000000DC
:1025000000000000000000000000000000000000CB
:1025100000000000000000000000000000000000BB
:1025200000000000000000000000000000000000AB
:10253000000000000000000000000000000000009B
:10254000000000000000000000000000000000008B
:10255000000000000000000000000000000000007B
:10256000000000000000000000000000000000006B
:10257000000000000000000000000000000000005B
:10258000000000000000000000000000000000004B
:10259000000000000000000000000000000000003B
:1025A000000000000000000000000000000000002B
:1025B000000000000000000000000000000000001B
:1025C000000000000000000000000000000000000B
:1025D00000000000000000000000000000000000FB
:1025E00000000000000000000000000000000000EB
:1025F00000000000000000000000000000000000DB
:1026000000000000000000000000000000000000CA
:1026100000000000000000000000000000000000BA
:1026200000000000000000000000000000000000AA
:10263000000000000000000000000000000000009A
:10264000000000000000000000000000000000008A
:10265000000000000000000000000000000000007A
:10266000000000000000000000000000000000006A
:10267000000000000000000000000000000000005A
:10268000000000000000000000000000000000004A
:10269000000000000000000000000000000000003A
:1026A000000000000000000000000000000000002A
:1026B000000000000000000000000000000000001A
:1026C000000000000000000000000000000000000A
:1026D00000000000000000000000000000000000FA
:1026E00000000000000000000000000000000000EA
:1026F00000000000000000000000000000000000DA
:1027000000000000000000000000000000000000C9
:1027100000000000000000000000000000000000B9
:1027200000000000000000000000000000000000A9
:102730000000000000000000000000000000000099
:102740000000000000000000000000000000000089
:102750000000000000000000000000000000000079
:102760000000000000000000000000000000000069
:102770000000000000000000000000000000000059
:102780000000000000000000000000000000000049
:102790000000000000000000000000000000000039
:1027A0000000000000000000000000000000000029
:1027B0000000000000000000000000000000000019
:1027C0000000000000000000000000000000000009
:1027D00000000000000000000000000000000000F9
:1027E00000000000000000000000000000000000E9
:1027F00000000000000000000000000000000000D9
:1028000000000000000000000000000000000000C8
:1028100000000000000000000000000000000000B8
:1028200000000000000000000000000000000000A8
:102830000000000000000000000000000000000098
:102840000000000000000000000000000000000088
:102850000000000000000000000000000000000078
:102860000000000000000000000000000000000068
:102870000000000000000000000000000000000058
:102880000000000000000000000000000000000048
:102890000000000000000000000000000000000038
:1028A0000000000000000000000000000000000028
:1028B0000000000000000000000000000000000018
:1028C0000000000000000000000000000000000008
:1028D00000000000000000000000000000000000F8
:1028E00000000000000000000000000000000000E8
:1028F00000000000000000000000000000000000D8
:1029000000000000000000000000000000000000C7
:1029100000000000000000000000000000000000B7
:1029200000000000000000000000000000000000A7
:102930000000000000000000000000000000000097
:102940000000000000000000000000000000000087
:102950000000000000000000000000000000000077
:102960000000000000000000000000000000000067
:102970000000000000000000000000000000000057
:102980000000000000000000000000000000000047
:102990000000000000000000000000000000000037
:1029A0000000000000000000000000000000000027
:1029B0000000000000000000000000000000000017
:1029C0000000000000000000000000000000000007
:1029D00000000000000000000000000000000000F7
:1029E00000000000000000000000000000000000E7
:1029F00000000000000000000000000000000000D7
:102A000000000000000000000000000000000000C6
:102A100000000000000000000000000000000000B6
:102A200000000000000000000000000000000000A6
:102A30000000000000000000000000000000000096
:102A40000000000000000000000000000000000086
:102A50000000000000000000000000000000000076
:102A60000000000000000000000000000000000066
:102A70000000000000000000000000000000000056
:102A80000000000000000000000000000000000046
:102A90000000000000000000000000000000000036
:102AA0000000000000000000000000000000000026
:102AB0000000000000000000000000000000000016
:102AC0000000000000000000000000000000000006
:102AD00000000000000000000000000000000000F6
:102AE00000000000000000000000000000000000E6
:102AF00000000000000000000000000000000000D6
:102B000000000000000000000000000000000000C5
:102B100000000000000000000000000000000000B5
:102B200000000000000000000000000000000000A5
:102B30000000000000000000000000000000000095
:102B40000000000000000000000000000000000085
:102B50000000000000000000000000000000000075
:102B60000000000000000000000000000000000065
:102B70000000000000000000000000000000000055
:102B80000000000000000000000000000000000045
:102B90000000000000000000000000000000000035
:102BA0000000000000000000000000000000000025
:102BB0000000000000000000000000000000000015
:102BC0000000000000000000000000000000000005
:102BD00000000000000000000000000000000000F5
:102BE00000000000000000000000000000000000E5
:102BF00000000000000000000000000000000000D5
:102C000000000000000000000000000000000000C4
:102C100000000000000000000000000000000000B4
:102C200000000000000000000000000000000000A4
:102C30000000000000000000000000000000000094
:102C40000000000000000000000000000000000084
:102C50000000000000000000000000000000000074
:102C60000000000000000000000000000000000064
:102C70000000000000000000000000000000000054
:102C80000000000000000000000000000000000044
:102C90000000000000000000000000000000000034
:102CA0000000000000000000000000000000000024
:102CB0000000000000000000000000000000000014
:102CC0000000000000000000000000000000000004
:102CD00000000000000000000000000000000000F4
:102CE00000000000000000000000000000000000E4
:102CF00000000000000000000000000000000000D4
:102D000000000000000000000000000000000000C3
:102D100000000000000000000000000000000000B3
:102D200000000000000000000000000000000000A3
:102D30000000000000000000000000000000000093
:102D40000000000000000000000000000000000083
:102D50000000000000000000000000000000000073
:102D60000000000000000000000000000000000063
:102D70000000000000000000000000000000000053
:102D80000000000000000000000000000000000043
:102D90000000000000000000000000000000000033
:102DA0000000000000000000000000000000000023
:102DB0000000000000000000000000000000000013
:102DC0000000000000000000000000000000000003
:102DD00000000000000000000000000000000000F3
:102DE00000000000000000000000000000000000E3
:102DF00000000000000000000000000000000000D3
:102E000000000000000000000000000000000000C2
:102E100000000000000000000000000000000000B2
:102E200000000000000000000000000000000000A2
:102E30000000000000000000000000000000000092
:102E40000000000000000000000000000000000082
:102E50000000000000000000000000000000000072
:102E60000000000000000000000000000000000062
:102E70000000000000000000000000000000000052
:102E80000000000000000000000000000000000042
:102E90000000000000000000000000000000000032
:102EA0000000000000000000000000000000000022
:102EB0000000000000000000000000000000000012
:102EC0000000000000000000000000000000000002
:102ED00000000000000000000000000000000000F2
:102EE00000000000000000000000000000000000E2
:102EF00000000000000000000000000000000000D2
:102F000000000000000000000000000000000000C1
:102F100000000000000000000000000000000000B1
:102F200000000000000000000000000000000000A1
:102F30000000000000000000000000000000000091
:102F40000000000000000000000000000000000081
:102F50000000000000000000000000000000000071
:102F60000000000000000000000000000000000061
:102F70000000000000000000000000000000000051
:102F80000000000000000000000000000000000041
:102F90000000000000000000000000000000000031
:102FA0000000000000000000000000000000000021
:102FB0000000000000000000000000000000000011
:102FC0000000000000000000000000000000000001
:102FD00000000000000000000000000000000000F1
:102FE00000000000000000000000000000000000E1
:102FF00000000000000000000000000000000000D1
:1030000000000000000000000000000000000000C0
:1030100000000000000000000000000000000000B0
:1030200000000000000000000000000000000000A0
:103030000000000000000000000000000000000090
:103040000000000000000000000000000000000080
:103050000000000000000000000000000000000070
:103060000000000000000000000000000000000060
:103070000000000000000000000000000000000050
:103080000000000000000000000000000000000040
:103090000000000000000000000000000000000030
:1030A0000000000000000000000000000000000020
:1030B0000000000000000000000000000000000010
:1030C0000000000000000000000000000000000000
:1030D00000000000000000000000000000000000F0
:1030E00000000000000000000000000000000000E0
:1030F00000000000000000000000000000000000D0
:1031000000000000000000000000000000000000BF
:1031100000000000000000000000000000000000AF
:10312000000000000000000000000000000000009F
:10313000000000000000000000000000000000008F
:10314000000000000000000000000000000000007F
:10315000000000000000000000000000000000006F
:10316000000000000000000000000000000000005F
:10317000000000000000000000000000000000004F
:10318000000000000000000000000000000000003F
:10319000000000000000000000000000000000002F
:1031A000000000000000000000000000000000001F
:1031B000000000000000000000000000000000000F
:1031C00000000000000000000000000000000000FF
:1031D00000000000000000000000000000000000EF
:1031E00000000000000000000000000000000000DF
:1031F00000000000000000000000000000000000CF
:1032000000000000000000000000000000000000BE
:1032100000000000000000000000000000000000AE
:10322000000000000000000000000000000000009E
:10323000000000000000000000000000000000008E
:10324000000000000000000000000000000000007E
:10325000000000000000000000000000000000006E
:10326000000000000000000000000000000000005E
:10327000000000000000000000000000000000004E
:10328000000000000000000000000000000000003E
:10329000000000000000000000000000000000002E
:1032A000000000000000000000000000000000001E
:1032B000000000000000000000000000000000000E
:1032C00000000000000000000000000000000000FE
:1032D00000000000000000000000000000000000EE
:1032E00000000000000000000000000000000000DE
:1032F00000000000000000000000000000000000CE
:1033000000000000000000000000000000000000BD
:1033100000000000000000000000000000000000AD
:10332000000000000000000000000000000000009D
:10333000000000000000000000000000000000008D
:10334000000000000000000000000000000000007D
:10335000000000000000000000000000000000006D
:10336000000000000000000000000000000000005D
:10337000000000000000000000000000000000004D
:10338000000000000000000000000000000000003D
:10339000000000000000000000000000000000002D
:1033A000000000000000000000000000000000001D
:1033B000000000000000000000000000000000000D
:1033C00000000000000000000000000000000000FD
:1033D00000000000000000000000000000000000ED
:1033E00000000000000000000000000000000000DD
:1033F00000000000000000000000000000000000CD
:1034000000000000000000000000000000000000BC
:1034100000000000000000000000000000000000AC
:10342000000000000000000000000000000000009C
:10343000000000000000000000000000000000008C
:10344000000000000000000000000000000000007C
:10345000000000000000000000000000000000006C
:10346000000000000000000000000000000000005C
:10347000000000000000000000000000000000004C
:10348000000000000000000000000000000000003C
:10349000000000000000000000000000000000002C
:1034A000000000000000000000000000000000001C
:1034B000000000000000000000000000000000000C
:1034C00000000000000000000000000000000000FC
:1034D00000000000000000000000000000000000EC
:1034E00000000000000000000000000000000000DC
:1034F00000000000000000000000000000000000CC
:1035000000000000000000000000000000000000BB
:1035100000000000000000000000000000000000AB
:10352000000000000000000000000000000000009B
:10353000000000000000000000000000000000008B
:10354000000000000000000000000000000000007B
:10355000000000000000000000000000000000006B
:10356000000000000000000000000000000000005B
:10357000000000000000000000000000000000004B
:10358000000000000000000000000000000000003B
:10359000000000000000000000000000000000002B
:1035A000000000000000000000000000000000001B
:1035B000000000000000000000000000000000000B
:1035C00000000000000000000000000000000000FB
:1035D00000000000000000000000000000000000EB
:1035E00000000000000000000000000000000000DB
:1035F00000000000000000000000000000000000CB
:1036000000000000000000000000000000000000BA
:1036100000000000000000000000000000000000AA
:10362000000000000000000000000000000000009A
:10363000000000000000000000000000000000008A
:10364000000000000000000000000000000000007A
:10365000000000000000000000000000000000006A
:10366000000000000000000000000000000000005A
:10367000000000000000000000000000000000004A
:10368000000000000000000000000000000000003A
:10369000000000000000000000000000000000002A
:1036A000000000000000000000000000000000001A
:1036B000000000000000000000000000000000000A
:1036C00000000000000000000000000000000000FA
:1036D00000000000000000000000000000000000EA
:1036E00000000000000000000000000000000000DA
:1036F00000000000000000000000000000000000CA
:1037000000000000000000000000000000000000B9
:1037100000000000000000000000000000000000A9
:103720000000000000000000000000000000000099
:103730000000000000000000000000000000000089
:103740000000000000000000000000000000000079
:103750000000000000000000000000000000000069
:103760000000000000000000000000000000000059
:103770000000000000000000000000000000000049
:103780000000000000000000000000000000000039
:103790000000000000000000000000000000000029
:1037A0000000000000000000000000000000000019
:1037B0000000000000000000000000000000000009
:1037C00000000000000000000000000000000000F9
:1037D00000000000000000000000000000000000E9
:1037E00000000000000000000000000000000000D9
:1037F00000000000000000000000000000000000C9
:1038000000000000000000000000000000000000B8
:1038100000000000000000000000000000000000A8
:103820000000000000000000000000000000000098
:103830000000000000000000000000000000000088
:103840000000000000000000000000000000000078
:103850000000000000000000000000000000000068
:103860000000000000000000000000000000000058
:103870000000000000000000000000000000000048
:103880000000000000000000000000000000000038
:103890000000000000000000000000000000000028
:1038A0000000000000000000000000000000000018
:1038B0000000000000000000000000000000000008
:1038C00000000000000000000000000000000000F8
:1038D00000000000000000000000000000000000E8
:1038E00000000000000000000000000000000000D8
:1038F00000000000000000000000000000000000C8
:1039000000000000000000000000000000000000B7
:1039100000000000000000000000000000000000A7
:103920000000000000000000000000000000000097
:103930000000000000000000000000000000000087
:103940000000000000000000000000000000000077
:103950000000000000000000000000000000000067
:103960000000000000000000000000000000000057
:103970000000000000000000000000000000000047
:103980000000000000000000000000000000000037
:103990000000000000000000000000000000000027
:1039A0000000000000000000000000000000000017
:1039B0000000000000000000000000000000000007
:1039C00000000000000000000000000000000000F7
:1039D00000000000000000000000000000000000E7
:1039E00000000000000000000000000000000000D7
:1039F00000000000000000000000000000000000C7
:103A000000000000000000000000000000000000B6
:103A100000000000000000000000000000000000A6
:103A20000000000000000000000000000000000096
:103A30000000000000000000000000000000000086
:103A40000000000000000000000000000000000076
:103A50000000000000000000000000000000000066
:103A60000000000000000000000000000000000056
:103A70000000000000000000000000000000000046
:103A80000000000000000000000000000000000036
:103A90000000000000000000000000000000000026
:103AA0000000000000000000000000000000000016
:103AB0000000000000000000000000000000000006
:103AC00000000000000000000000000000000000F6
:103AD00000000000000000000000000000000000E6
:103AE00000000000000000000000000000000000D6
:103AF00000000000000000000000000000000000C6
:103B000000000000000000000000000000000000B5
:103B100000000000000000000000000000000000A5
:103B20000000000000000000000000000000000095
:103B30000000000000000000000000000000000085
:103B40000000000000000000000000000000000075
:103B50000000000000000000000000000000000065
:103B60000000000000000000000000000000000055
:103B70000000000000000000000000000000000045
:103B80000000000000000000000000000000000035
:103B90000000000000000000000000000000000025
:103BA0000000000000000000000000000000000015
:103BB0000000000000000000000000000000000005
:103BC00000000000000000000000000000000000F5
:103BD00000000000000000000000000000000000E5
:103BE00000000000000000000000000000000000D5
:103BF00000000000000000000000000000000000C5
:103C000000000000000000000000000000000000B4
:103C100000000000000000000000000000000000A4
:103C20000000000000000000000000000000000094
:103C30000000000000000000000000000000000084
:103C40000000000000000000000000000000000074
:103C50000000000000000000000000000000000064
:103C60000000000000000000000000000000000054
:103C70000000000000000000000000000000000044
:103C80000000000000000000000000000000000034
:103C90000000000000000000000000000000000024
:103CA0000000000000000000000000000000000014
:103CB0000000000000000000000000000000000004
:103CC00000000000000000000000000000000000F4
:103CD00000000000000000000000000000000000E4
:103CE00000000000000000000000000000000000D4
:103CF00000000000000000000000000000000000C4
:103D000000000000000000000000000000000000B3
:103D100000000000000000000000000000000000A3
:103D20000000000000000000000000000000000093
:103D30000000000000000000000000000000000083
:103D40000000000000000000000000000000000073
:103D50000000000000000000000000000000000063
:103D60000000000000000000000000000000000053
:103D70000000000000000000000000000000000043
:103D80000000000000000000000000000000000033
:103D90000000000000000000000000000000000023
:103DA0000000000000000000000000000000000013
:103DB0000000000000000000000000000000000003
:103DC00000000000000000000000000000000000F3
:103DD00000000000000000000000000000000000E3
:103DE00000000000000000000000000000000000D3
:103DF00000000000000000000000000000000000C3
:103E000000000000000000000000000000000000B2
:103E100000000000000000000000000000000000A2
:103E20000000000000000000000000000000000092
:103E30000000000000000000000000000000000082
:103E40000000000000000000000000000000000072
:103E50000000000000000000000000000000000062
:103E60000000000000000000000000000000000052
:103E70000000000000000000000000000000000042
:103E80000000000000000000000000000000000032
:103E90000000000000000000000000000000000022
:103EA0000000000000000000000000000000000012
:103EB0000000000000000000000000000000000002
:103EC00000000000000000000000000000000000F2
:103ED00000000000000000000000000000000000E2
:103EE00000000000000000000000000000000000D2
:103EF00000000000000000000000000000000000C2
:103F000000000000000000000000000000000000B1
:103F100000000000000000000000000000000000A1
:103F20000000000000000000000000000000000091
:103F30000000000000000000000000000000000081
:103F40000000000000000000000000000000000071
:103F50000000000000000000000000000000000061
:103F60000000000000000000000000000000000051
:103F70000000000000000000000000000000000041
:103F80000000000000000000000000000000000031
:103F90000000000000000000000000000000000021
:103FA0000000000000000000000000000000000011
:103FB0000000000000000000000000000000000001
:103FC00000000000000000000000000000000000F1
:103FD00000000000000000000000000000000000E1
:103FE00000000000000000000000000000000000D1
:103FF00000000000000000000000000000000000C1
:1040000000000000000000000000000000000000B0
:1040100000000000000000000000000000000000A0
:104020000000000000000000000000000000000090
:104030000000000000000000000000000000000080
:104040000000000000000000000000000000000070
:104050000000000000000000000000000000000060
:104060000000000000000000000000000000000050
:104070000000000000000000000000000000000040
:104080000000000000000000000000000000000030
:104090000000000000000000000000000000000020
:1040A0000000000000000000000000000000000010
:1040B0000000000000000000000000000000000000
:1040C00000000000000000000000000000000000F0
:1040D00000000000000000000000000000000000E0
:1040E00000000000000000000000000000000000D0
:1040F00000000000000000000000000000000000C0
:1041000000000000000000000000000000000000AF
:10411000000000000000000000000000000000009F
:10412000000000000000000000000000000000008F
:10413000000000000000000000000000000000007F
:10414000000000000000000000000000000000006F
:10415000000000000000000000000000000000005F
:10416000000000000000000000000000000000004F
:10417000000000000000000000000000000000003F
:10418000000000000000000000000000000000002F
:10419000000000000000000000000000000000001F
:1041A000000000000000000000000000000000000F
:1041B00000000000000000000000000000000000FF
:1041C00000000000000000000000000000000000EF
:1041D00000000000000000000000000000000000DF
:1041E00000000000000000000000000000000000CF
:1041F00000000000000000000000000000000000BF
:1042000000000000000000000000000000000000AE
:10421000000000000000000000000000000000009E
:10422000000000000000000000000000000000008E
:10423000000000000000000000000000000000007E
:10424000000000000000000000000000000000006E
:10425000000000000000000000000000000000005E
:10426000000000000000000000000000000000004E
:10427000000000000000000000000000000000003E
:10428000000000000000000000000000000000002E
:10429000000000000000000000000000000000001E
:1042A000000000000000000000000000000000000E
:1042B00000000000000000000000000000000000FE
:1042C00000000000000000000000000000000000EE
:1042D00000000000000000000000000000000000DE
:1042E00000000000000000000000000000000000CE
:1042F00000000000000000000000000000000000BE
:1043000000000000000000000000000000000000AD
:10431000000000000000000000000000000000009D
:10432000000000000000000000000000000000008D
:10433000000000000000000000000000000000007D
:10434000000000000000000000000000000000006D
:10435000000000000000000000000000000000005D
:10436000000000000000000000000000000000004D
:10437000000000000000000000000000000000003D
:10438000000000000000000000000000000000002D
:10439000000000000000000000000000000000001D
:1043A000000000000000000000000000000000000D
:1043B00000000000000000000000000000000000FD
:1043C00000000000000000000000000000000000ED
:1043D00000000000000000000000000000000000DD
:1043E00000000000000000000000000000000000CD
:1043F00000000000000000000000000000000000BD
:1044000000000000000000000000000000000000AC
:10441000000000000000000000000000000000009C
:10442000000000000000000000000000000000008C
:10443000000000000000000000000000000000007C
:10444000000000000000000000000000000000006C
:10445000000000000000000000000000000000005C
:10446000000000000000000000000000000000004C
:10447000000000000000000000000000000000003C
:10448000000000000000000000000000000000002C
:10449000000000000000000000000000000000001C
:1044A000000000000000000000000000000000000C
:1044B00000000000000000000000000000000000FC
:1044C00000000000000000000000000000000000EC
:1044D00000000000000000000000000000000000DC
:1044E00000000000000000000000000000000000CC
:1044F00000000000000000000000000000000000BC
:1045000000000000000000000000000000000000AB
:10451000000000000000000000000000000000009B
:10452000000000000000000000000000000000008B
:10453000000000000000000000000000000000007B
:10454000000000000000000000000000000000006B
:10455000000000000000000000000000000000005B
:10456000000000000000000000000000000000004B
:10457000000000000000000000000000000000003B
:10458000000000000000000000000000000000002B
:10459000000000000000000000000000000000001B
:1045A000000000000000000000000000000000000B
:1045B00000000000000000000000000000000000FB
:1045C00000000000000000000000000000000000EB
:1045D00000000000000000000000000000000000DB
:1045E00000000000000000000000000000000000CB
:1045F00000000000000000000000000000000000BB
:1046000000000000000000000000000000000000AA
:10461000000000000000000000000000000000009A
:10462000000000000000000000000000000000008A
:10463000000000000000000000000000000000007A
:10464000000000000000000000000000000000006A
:10465000000000000000000000000000000000005A
:10466000000000000000000000000000000000004A
:10467000000000000000000000000000000000003A
:10468000000000000000000000000000000000002A
:10469000000000000000000000000000000000001A
:1046A000000000000000000000000000000000000A
:1046B00000000000000000000000000000000000FA
:1046C00000000000000000000000000000000000EA
:1046D00000000000000000000000000000000000DA
:1046E00000000000000000000000000000000000CA
:1046F00000000000000000000000000000000000BA
:1047000000000000000000000000000000000000A9
:104710000000000000000000000000000000000099
:104720000000000000000000000000000000000089
:104730000000000000000000000000000000000079
:104740000000000000000000000000000000000069
:104750000000000000000000000000000000000059
:104760000000000000000000000000000000000049
:104770000000000000000000000000000000000039
:104780000000000000000000000000000000000029
:104790000000000000000000000000000000000019
:1047A0000000000000000000000000000000000009
:1047B00000000000000000000000000000000000F9
:1047C00000000000000000000000000000000000E9
:1047D00000000000000000000000000000000000D9
:1047E00000000000000000000000000000000000C9
:1047F00000000000000000000000000000000000B9
:1048000000000000000000000000000000000000A8
:104810000000000000000000000000000000000098
:104820000000000000000000000000000000000088
:104830000000000000000000000000000000000078
:104840000000000000000000000000000000000068
:104850000000000000000000000000000000000058
:104860000000000000000000000000000000000048
:104870000000000000000000000000000000000038
:104880000000000000000000000000000000000028
:104890000000000000000000000000000000000018
:1048A0000000000000000000000000000000000008
:1048B00000000000000000000000000000000000F8
:1048C00000000000000000000000000000000000E8
:1048D00000000000000000000000000000000000D8
:1048E00000000000000000000000000000000000C8
:1048F00000000000000000000000000000000000B8
:1049000000000000000000000000000000000000A7
:104910000000000000000000000000000000000097
:104920000000000000000000000000000000000087
:104930000000000000000000000000000000000077
:104940000000000000000000000000000000000067
:104950000000000000000000000000000000000057
:104960000000000000000000000000000000000047
:104970000000000000000000000000000000000037
:104980000000000000000000000000000000000027
:104990000000000000000000000000000000000017
:1049A0000000000000000000000000000000000007
:1049B00000000000000000000000000000000000F7
:1049C00000000000000000000000000000000000E7
:1049D00000000000000000000000000000000000D7
:1049E00000000000000000000000000000000000C7
:1049F00000000000000000000000000000000000B7
:104A000000000000000000000000000000000000A6
:104A10000000000000000000000000000000000096
:104A20000000000000000000000000000000000086
:104A30000000000000000000000000000000000076
:104A40000000000000000000000000000000000066
:104A50000000000000000000000000000000000056
:104A60000000000000000000000000000000000046
:104A70000000000000000000000000000000000036
:104A80000000000000000000000000000000000026
:104A90000000000000000000000000000000000016
:104AA0000000000000000000000000000000000006
:104AB00000000000000000000000000000000000F6
:104AC00000000000000000000000000000000000E6
:104AD00000000000000000000000000000000000D6
:104AE00000000000000000000000000000000000C6
:104AF00000000000000000000000000000000000B6
:104B000000000000000000000000000000000000A5
:104B10000000000000000000000000000000000095
:104B20000000000000000000000000000000000085
:104B30000000000000000000000000000000000075
:104B40000000000000000000000000000000000065
:104B50000000000000000000000000000000000055
:104B60000000000000000000000000000000000045
:104B70000000000000000000000000000000000035
:104B80000000000000000000000000000000000025
:104B90000000000000000000000000000000000015
:104BA0000000000000000000000000000000000005
:104BB00000000000000000000000000000000000F5
:104BC00000000000000000000000000000000000E5
:104BD00000000000000000000000000000000000D5
:104BE00000000000000000000000000000000000C5
:104BF00000000000000000000000000000000000B5
:104C000000000000000000000000000000000000A4
:104C10000000000000000000000000000000000094
:104C20000000000000000000000000000000000084
:104C30000000000000000000000000000000000074
:104C40000000000000000000000000000000000064
:104C50000000000000000000000000000000000054
:104C60000000000000000000000000000000000044
:104C70000000000000000000000000000000000034
:104C80000000000000000000000000000000000024
:104C90000000000000000000000000000000000014
:104CA0000000000000000000000000000000000004
:104CB00000000000000000000000000000000000F4
:104CC00000000000000000000000000000000000E4
:104CD00000000000000000000000000000000000D4
:104CE00000000000000000000000000000000000C4
:104CF00000000000000000000000000000000000B4
:104D000000000000000000000000000000000000A3
:104D10000000000000000000000000000000000093
:104D20000000000000000000000000000000000083
:104D30000000000000000000000000000000000073
:104D40000000000000000000000000000000000063
:104D50000000000000000000000000000000000053
:104D60000000000000000000000000000000000043
:104D70000000000000000000000000000000000033
:104D80000000000000000000000000000000000023
:104D90000000000000000000000000000000000013
:104DA0000000000000000000000000000000000003
:104DB00000000000000000000000000000000000F3
:104DC00000000000000000000000000000000000E3
:104DD00000000000000000000000000000000000D3
:104DE00000000000000000000000000000000000C3
:104DF00000000000000000000000000000000000B3
:104E000000000000000000000000000000000000A2
:104E10000000000000000000000000000000000092
:104E20000000000000000000000000000000000082
:104E30000000000000000000000000000000000072
:104E40000000000000000000000000000000000062
:104E50000000000000000000000000000000000052
:104E60000000000000000000000000000000000042
:104E70000000000000000000000000000000000032
:104E80000000000000000000000000000000000022
:104E90000000000000000000000000000000000012
:104EA0000000000000000000000000000000000002
:104EB00000000000000000000000000000000000F2
:104EC00000000000000000000000000000000000E2
:104ED00000000000000000000000000000000000D2
:104EE00000000000000000000000000000000000C2
:104EF00000000000000000000000000000000000B2
:104F000000000000000000000000000000000000A1
:104F10000000000000000000000000000000000091
:104F20000000000000000000000000000000000081
:104F30000000000000000000000000000000000071
:104F40000000000000000000000000000000000061
:104F50000000000000000000000000000000000051
:104F60000000000000000000000000000000000041
:104F70000000000000000000000000000000000031
:104F80000000000000000000000000000000000021
:104F90000000000000000000000000000000000011
:104FA0000000000000000000000000000000000001
:104FB00000000000000000000000000000000000F1
:104FC00000000000000000000000000000000000E1
:104FD00000000000000000000000000000000000D1
:104FE00000000000000000000000000000000000C1
:104FF00000000000000000000000000000000000B1
:1050000000000000000000000000000000000000A0
:105010000000000000000000000000000000000090
:105020000000000000000000000000000000000080
:105030000000000000000000000000000000000070
:105040000000000000000000000000000000000060
:105050000000000000000000000000000000000050
:105060000000000000000000000000000000000040
:105070000000000000000000000000000000000030
:105080000000000000000000000000000000000020
:105090000000000000000000000000000000000010
:1050A0000000000000000000000000000000000000
:1050B00000000000000000000000000000000000F0
:1050C00000000000000000000000000000000000E0
:1050D00000000000000000000000000000000000D0
:1050E00000000000000000000000000000000000C0
:1050F00000000000000000000000000000000000B0
:10510000000000000000000000000000000000009F
:10511000000000000000000000000000000000008F
:10512000000000000000000000000000000000007F
:10513000000000000000000000000000000000006F
:10514000000000000000000000000000000000005F
:10515000000000000000000000000000000000004F
:10516000000000000000000000000000000000003F
:10517000000000000000000000000000000000002F
:10518000000000000000000000000000000000001F
:10519000000000000000000000000000000000000F
:1051A00000000000000000000000000000000000FF
:1051B00000000000000000000000000000000000EF
:1051C00000000000000000000000000000000000DF
:1051D00000000000000000000000000000000000CF
:1051E00000000000000000000000000000000000BF
:1051F00000000000000000000000000000000000AF
:10520000000000000000000000000000000000009E
:10521000000000000000000000000000000000008E
:10522000000000000000000000000000000000007E
:10523000000000000000000000000000000000006E
:10524000000000000000000000000000000000005E
:10525000000000000000000000000000000000004E
:10526000000000000000000000000000000000003E
:10527000000000000000000000000000000000002E
:10528000000000000000000000000000000000001E
:10529000000000000000000000000000000000000E
:1052A00000000000000000000000000000000000FE
:1052B00000000000000000000000000000000000EE
:1052C00000000000000000000000000000000000DE
:1052D00000000000000000000000000000000000CE
:1052E00000000000000000000000000000000000BE
:1052F00000000000000000000000000000000000AE
:10530000000000000000000000000000000000009D
:10531000000000000000000000000000000000008D
:10532000000000000000000000000000000000007D
:10533000000000000000000000000000000000006D
:10534000000000000000000000000000000000005D
:10535000000000000000000000000000000000004D
:10536000000000000000000000000000000000003D
:10537000000000000000000000000000000000002D
:10538000000000000000000000000000000000001D
:10539000000000000000000000000000000000000D
:1053A00000000000000000000000000000000000FD
:1053B00000000000000000000000000000000000ED
:1053C00000000000000000000000000000000000DD
:1053D00000000000000000000000000000000000CD
:1053E00000000000000000000000000000000000BD
:1053F00000000000000000000000000000000000AD
:10540000000000000000000000000000000000009C
:10541000000000000000000000000000000000008C
:10542000000000000000000000000000000000007C
:10543000000000000000000000000000000000006C
:10544000000000000000000000000000000000005C
:10545000000000000000000000000000000000004C
:10546000000000000000000000000000000000003C
:10547000000000000000000000000000000000002C
:10548000000000000000000000000000000000001C
:10549000000000000000000000000000000000000C
:1054A00000000000000000000000000000000000FC
:1054B00000000000000000000000000000000000EC
:1054C00000000000000000000000000000000000DC
:1054D00000000000000000000000000000000000CC
:1054E00000000000000000000000000000000000BC
:1054F00000000000000000000000000000000000AC
:10550000000000000000000000000000000000009B
:10551000000000000000000000000000000000008B
:10552000000000000000000000000000000000007B
:10553000000000000000000000000000000000006B
:10554000000000000000000000000000000000005B
:10555000000000000000000000000000000000004B
:10556000000000000000000000000000000000003B
:10557000000000000000000000000000000000002B
:10558000000000000000000000000000000000001B
:10559000000000000000000000000000000000000B
:1055A00000000000000000000000000000000000FB
:1055B00000000000000000000000000000000000EB
:1055C00000000000000000000000000000000000DB
:1055D00000000000000000000000000000000000CB
:1055E00000000000000000000000000000000000BB
:1055F00000000000000000000000000000000000AB
:10560000000000000000000000000000000000009A
:10561000000000000000000000000000000000008A
:10562000000000000000000000000000000000007A
:10563000000000000000000000000000000000006A
:10564000000000000000000000000000000000005A
:10565000000000000000000000000000000000004A
:10566000000000000000000000000000000000003A
:10567000000000000000000000000000000000002A
:10568000000000000000000000000000000000001A
:10569000000000000000000000000000000000000A
:1056A00000000000000000000000000000000000FA
:1056B00000000000000000000000000000000000EA
:1056C00000000000000000000000000000000000DA
:1056D00000000000000000000000000000000000CA
:1056E00000000000000000000000000000000000BA
:1056F00000000000000000000000000000000000AA
:105700000000000000000000000000000000000099
:105710000000000000000000000000000000000089
:105720000000000000000000000000000000000079
:105730000000000000000000000000000000000069
:105740000000000000000000000000000000000059
:105750000000000000000000000000000000000049
:105760000000000000000000000000000000000039
:105770000000000000000000000000000000000029
:105780000000000000000000000000000000000019
:105790000000000000000000000000000000000009
:1057A00000000000000000000000000000000000F9
:1057B00000000000000000000000000000000000E9
:1057C00000000000000000000000000000000000D9
:1057D00000000000000000000000000000000000C9
:1057E00000000000000000000000000000000000B9
:1057F00000000000000000000000000000000000A9
:105800000000000000000000000000000000000098
:105810000000000000000000000000000000000088
:105820000000000000000000000000000000000078
:105830000000000000000000000000000000000068
:105840000000000000000000000000000000000058
:105850000000000000000000000000000000000048
:105860000000000000000000000000000000000038
:105870000000000000000000000000000000000028
:105880000000000000000000000000000000000018
:105890000000000000000000000000000000000008
:1058A00000000000000000000000000000000000F8
:1058B00000000000000000000000000000000000E8
:1058C00000000000000000000000000000000000D8
:1058D00000000000000000000000000000000000C8
:1058E00000000000000000000000000000000000B8
:1058F00000000000000000000000000000000000A8
:105900000000000000000000000000000000000097
:105910000000000000000000000000000000000087
:105920000000000000000000000000000000000077
:105930000000000000000000000000000000000067
:105940000000000000000000000000000000000057
:105950000000000000000000000000000000000047
:105960000000000000000000000000000000000037
:105970000000000000000000000000000000000027
:105980000000000000000000000000000000000017
:105990000000000000000000000000000000000007
:1059A00000000000000000000000000000000000F7
:1059B00000000000000000000000000000000000E7
:1059C00000000000000000000000000000000000D7
:1059D00000000000000000000000000000000000C7
:1059E00000000000000000000000000000000000B7
:1059F00000000000000000000000000000000000A7
:105A00000000000000000000000000000000000096
:105A10000000000000000000000000000000000086
:105A20000000000000000000000000000000000076
:105A30000000000000000000000000000000000066
:105A40000000000000000000000000000000000056
:105A50000000000000000000000000000000000046
:105A60000000000000000000000000000000000036
:105A70000000000000000000000000000000000026
:105A80000000000000000000000000000000000016
:105A90000000000000000000000000000000000006
:105AA00000000000000000000000000000000000F6
:105AB00000000000000000000000000000000000E6
:105AC00000000000000000000000000000000000D6
:105AD00000000000000000000000000000000000C6
:105AE00000000000000000000000000000000000B6
:105AF00000000000000000000000000000000000A6
:105B00000000000000000000000000000000000095
:105B10000000000000000000000000000000000085
:105B20000000000000000000000000000000000075
:105B30000000000000000000000000000000000065
:105B40000000000000000000000000000000000055
:105B50000000000000000000000000000000000045
:105B60000000000000000000000000000000000035
:105B70000000000000000000000000000000000025
:105B80000000000000000000000000000000000015
:105B90000000000000000000000000000000000005
:105BA00000000000000000000000000000000000F5
:105BB00000000000000000000000000000000000E5
:105BC00000000000000000000000000000000000D5
:105BD00000000000000000000000000000000000C5
:105BE00000000000000000000000000000000000B5
:105BF00000000000000000000000000000000000A5
:105C00000000000000000000000000000000000094
:105C10000000000000000000000000000000000084
:105C20000000000000000000000000000000000074
:105C30000000000000000000000000000000000064
:105C40000000000000000000000000000000000054
:105C50000000000000000000000000000000000044
:105C60000000000000000000000000000000000034
:105C70000000000000000000000000000000000024
:105C80000000000000000000000000000000000014
:105C90000000000000000000000000000000000004
:105CA00000000000000000000000000000000000F4
:105CB00000000000000000000000000000000000E4
:105CC00000000000000000000000000000000000D4
:105CD00000000000000000000000000000000000C4
:105CE00000000000000000000000000000000000B4
:105CF00000000000000000000000000000000000A4
:105D00000000000000000000000000000000000093
:105D10000000000000000000000000000000000083
:105D20000000000000000000000000000000000073
:105D30000000000000000000000000000000000063
:105D40000000000000000000000000000000000053
:105D50000000000000000000000000000000000043
:105D60000000000000000000000000000000000033
:105D70000000000000000000000000000000000023
:105D80000000000000000000000000000000000013
:105D90000000000000000000000000000000000003
:105DA00000000000000000000000000000000000F3
:105DB00000000000000000000000000000000000E3
:105DC00000000000000000000000000000000000D3
:105DD00000000000000000000000000000000000C3
:105DE00000000000000000000000000000000000B3
:105DF00000000000000000000000000000000000A3
:105E00000000000000000000000000000000000092
:105E10000000000000000000000000000000000082
:105E20000000000000000000000000000000000072
:105E30000000000000000000000000000000000062
:105E40000000000000000000000000000000000052
:105E50000000000000000000000000000000000042
:105E60000000000000000000000000000000000032
:105E70000000000000000000000000000000000022
:105E80000000000000000000000000000000000012
:105E90000000000000000000000000000000000002
:105EA00000000000000000000000000000000000F2
:105EB00000000000000000000000000000000000E2
:105EC00000000000000000000000000000000000D2
:105ED00000000000000000000000000000000000C2
:105EE00000000000000000000000000000000000B2
:105EF00000000000000000000000000000000000A2
:105F00000000000000000000000000000000000091
:105F10000000000000000000000000000000000081
:105F20000000000000000000000000000000000071
:105F30000000000000000000000000000000000061
:105F40000000000000000000000000000000000051
:105F50000000000000000000000000000000000041
:105F60000000000000000000000000000000000031
:105F70000000000000000000000000000000000021
:105F80000000000000000000000000000000000011
:105F90000000000000000000000000000000000001
:105FA00000000000000000000000000000000000F1
:105FB00000000000000000000000000000000000E1
:105FC00000000000000000000000000000000000D1
:105FD00000000000000000000000000000000000C1
:105FE00000000000000000000000000000000000B1
:105FF00000000000000000000000000000000000A1
:106000000000000000000000000000000000000090
:106010000000000000000000000000000000000080
:106020000000000000000000000000000000000070
:106030000000000000000000000000000000000060
:106040000000000000000000000000000000000050
:106050000000000000000000000000000000000040
:106060000000000000000000000000000000000030
:106070000000000000000000000000000000000020
:106080000000000000000000000000000000000010
:106090000000000000000000000000000000000000
:1060A00000000000000000000000000000000000F0
:1060B00000000000000000000000000000000000E0
:1060C00000000000000000000000000000000000D0
:1060D00000000000000000000000000000000000C0
:1060E00000000000000000000000000000000000B0
:1060F00000000000000000000000000000000000A0
:10610000000000000000000000000000000000008F
:10611000000000000000000000000000000000007F
:10612000000000000000000000000000000000006F
:10613000000000000000000000000000000000005F
:10614000000000000000000000000000000000004F
:10615000000000000000000000000000000000003F
:10616000000000000000000000000000000000002F
:10617000000000000000000000000000000000001F
:10618000000000000000000000000000000000000F
:1061900000000000000000000000000000000000FF
:1061A00000000000000000000000000000000000EF
:1061B00000000000000000000000000000000000DF
:1061C00000000000000000000000000000000000CF
:1061D00000000000000000000000000000000000BF
:1061E00000000000000000000000000000000000AF
:1061F000000000000000000000000000000000009F
:10620000000000000000000000000000000000008E
:10621000000000000000000000000000000000007E
:10622000000000000000000000000000000000006E
:10623000000000000000000000000000000000005E
:10624000000000000000000000000000000000004E
:10625000000000000000000000000000000000003E
:10626000000000000000000000000000000000002E
:10627000000000000000000000000000000000001E
:10628000000000000000000000000000000000000E
:1062900000000000000000000000000000000000FE
:1062A00000000000000000000000000000000000EE
:1062B00000000000000000000000000000000000DE
:1062C00000000000000000000000000000000000CE
:1062D00000000000000000000000000000000000BE
:1062E00000000000000000000000000000000000AE
:1062F000000000000000000000000000000000009E
:10630000000000000000000000000000000000008D
:10631000000000000000000000000000000000007D
:10632000000000000000000000000000000000006D
:10633000000000000000000000000000000000005D
:10634000000000000000000000000000000000004D
:10635000000000000000000000000000000000003D
:10636000000000000000000000000000000000002D
:10637000000000000000000000000000000000001D
:10638000000000000000000000000000000000000D
:1063900000000000000000000000000000000000FD
:1063A00000000000000000000000000000000000ED
:1063B00000000000000000000000000000000000DD
:1063C00000000000000000000000000000000000CD
:1063D00000000000000000000000000000000000BD
:1063E00000000000000000000000000000000000AD
:1063F000000000000000000000000000000000009D
:10640000000000000000000000000000000000008C
:10641000000000000000000000000000000000007C
:10642000000000000000000000000000000000006C
:10643000000000000000000000000000000000005C
:10644000000000000000000000000000000000004C
:10645000000000000000000000000000000000003C
:10646000000000000000000000000000000000002C
:10647000000000000000000000000000000000001C
:10648000000000000000000000000000000000000C
:1064900000000000000000000000000000000000FC
:1064A00000000000000000000000000000000000EC
:1064B00000000000000000000000000000000000DC
:1064C00000000000000000000000000000000000CC
:1064D00000000000000000000000000000000000BC
:1064E00000000000000000000000000000000000AC
:1064F000000000000000000000000000000000009C
:10650000000000000000000000000000000000008B
:10651000000000000000000000000000000000007B
:10652000000000000000000000000000000000006B
:10653000000000000000000000000000000000005B
:10654000000000000000000000000000000000004B
:10655000000000000000000000000000000000003B
:10656000000000000000000000000000000000002B
:10657000000000000000000000000000000000001B
:10658000000000000000000000000000000000000B
:1065900000000000000000000000000000000000FB
:1065A00000000000000000000000000000000000EB
:1065B00000000000000000000000000000000000DB
:1065C00000000000000000000000000000000000CB
:1065D00000000000000000000000000000000000BB
:1065E00000000000000000000000000000000000AB
:1065F000000000000000000000000000000000009B
:10660000000000000000000000000000000000008A
:10661000000000000000000000000000000000007A
:10662000000000000000000000000000000000006A
:10663000000000000000000000000000000000005A
:10664000000000000000000000000000000000004A
:10665000000000000000000000000000000000003A
:10666000000000000000000000000000000000002A
:10667000000000000000000000000000000000001A
:10668000000000000000000000000000000000000A
:1066900000000000000000000000000000000000FA
:1066A00000000000000000000000000000000000EA
:1066B00000000000000000000000000000000000DA
:1066C00000000000000000000000000000000000CA
:1066D00000000000000000000000000000000000BA
:1066E00000000000000000000000000000000000AA
:1066F000000000000000000000000000000000009A
:106700000000000000000000000000000000000089
:106710000000000000000000000000000000000079
:106720000000000000000000000000000000000069
:106730000000000000000000000000000000000059
:106740000000000000000000000000000000000049
:106750000000000000000000000000000000000039
:106760000000000000000000000000000000000029
:106770000000000000000000000000000000000019
:106780000000000000000000000000000000000009
:1067900000000000000000000000000000000000F9
:1067A00000000000000000000000000000000000E9
:1067B00000000000000000000000000000000000D9
:1067C00000000000000000000000000000000000C9
:1067D00000000000000000000000000000000000B9
:1067E00000000000000000000000000000000000A9
:1067F0000000000000000000000000000000000099
:106800000000000000000000000000000000000088
:106810000000000000000000000000000000000078
:106820000000000000000000000000000000000068
:106830000000000000000000000000000000000058
:106840000000000000000000000000000000000048
:106850000000000000000000000000000000000038
:106860000000000000000000000000000000000028
:106870000000000000000000000000000000000018
:106880000000000000000000000000000000000008
:1068900000000000000000000000000000000000F8
:1068A00000000000000000000000000000000000E8
:1068B00000000000000000000000000000000000D8
:1068C00000000000000000000000000000000000C8
:1068D00000000000000000000000000000000000B8
:1068E00000000000000000000000000000000000A8
:1068F0000000000000000000000000000000000098
:106900000000000000000000000000000000000087
:106910000000000000000000000000000000000077
:106920000000000000000000000000000000000067
:106930000000000000000000000000000000000057
:106940000000000000000000000000000000000047
:106950000000000000000000000000000000000037
:106960000000000000000000000000000000000027
:106970000000000000000000000000000000000017
:106980000000000000000000000000000000000007
:1069900000000000000000000000000000000000F7
:1069A00000000000000000000000000000000000E7
:1069B00000000000000000000000000000000000D7
:1069C00000000000000000000000000000000000C7
:1069D00000000000000000000000000000000000B7
:1069E00000000000000000000000000000000000A7
:1069F0000000000000000000000000000000000097
:106A00000000000000000000000000000000000086
:106A10000000000000000000000000000000000076
:106A20000000000000000000000000000000000066
:106A30000000000000000000000000000000000056
:106A40000000000000000000000000000000000046
:106A50000000000000000000000000000000000036
:106A60000000000000000000000000000000000026
:106A70000000000000000000000000000000000016
:106A80000000000000000000000000000000000006
:106A900000000000000000000000000000000000F6
:106AA00000000000000000000000000000000000E6
:106AB00000000000000000000000000000000000D6
:106AC00000000000000000000000000000000000C6
:106AD00000000000000000000000000000000000B6
:106AE00000000000000000000000000000000000A6
:106AF0000000000000000000000000000000000096
:106B00000000000000000000000000000000000085
:106B10000000000000000000000000000000000075
:106B20000000000000000000000000000000000065
:106B30000000000000000000000000000000000055
:106B40000000000000000000000000000000000045
:106B50000000000000000000000000000000000035
:106B60000000000000000000000000000000000025
:106B70000000000000000000000000000000000015
:106B80000000000000000000000000000000000005
:106B900000000000000000000000000000000000F5
:106BA00000000000000000000000000000000000E5
:106BB00000000000000000000000000000000000D5
:106BC00000000000000000000000000000000000C5
:106BD00000000000000000000000000000000000B5
:106BE00000000000000000000000000000000000A5
:106BF0000000000000000000000000000000000095
:106C00000000000000000000000000000000000084
:106C10000000000000000000000000000000000074
:106C20000000000000000000000000000000000064
:106C30000000000000000000000000000000000054
:106C40000000000000000000000000000000000044
:106C50000000000000000000000000000000000034
:106C60000000000000000000000000000000000024
:106C70000000000000000000000000000000000014
:106C80000000000000000000000000000000000004
:106C900000000000000000000000000000000000F4
:106CA00000000000000000000000000000000000E4
:106CB00000000000000000000000000000000000D4
:106CC00000000000000000000000000000000000C4
:106CD00000000000000000000000000000000000B4
:106CE00000000000000000000000000000000000A4
:106CF0000000000000000000000000000000000094
:106D00000000000000000000000000000000000083
:106D10000000000000000000000000000000000073
:106D20000000000000000000000000000000000063
:106D30000000000000000000000000000000000053
:106D40000000000000000000000000000000000043
:106D50000000000000000000000000000000000033
:106D60000000000000000000000000000000000023
:106D70000000000000000000000000000000000013
:106D80000000000000000000000000000000000003
:106D900000000000000000000000000000000000F3
:106DA00000000000000000000000000000000000E3
:106DB00000000000000000000000000000000000D3
:106DC00000000000000000000000000000000000C3
:106DD00000000000000000000000000000000000B3
:106DE00000000000000000000000000000000000A3
:106DF0000000000000000000000000000000000093
:106E00000000000000000000000000000000000082
:106E10000000000000000000000000000000000072
:106E20000000000000000000000000000000000062
:106E30000000000000000000000000000000000052
:106E40000000000000000000000000000000000042
:106E50000000000000000000000000000000000032
:106E60000000000000000000000000000000000022
:106E70000000000000000000000000000000000012
:106E80000000000000000000000000000000000002
:106E900000000000000000000000000000000000F2
:106EA00000000000000000000000000000000000E2
:106EB00000000000000000000000000000000000D2
:106EC00000000000000000000000000000000000C2
:106ED00000000000000000000000000000000000B2
:106EE00000000000000000000000000000000000A2
:106EF0000000000000000000000000000000000092
:106F00000000000000000000000000000000000081
:106F10000000000000000000000000000000000071
:106F20000000000000000000000000000000000061
:106F30000000000000000000000000000000000051
:106F40000000000000000000000000000000000041
:106F50000000000000000000000000000000000031
:106F60000000000000000000000000000000000021
:106F70000000000000000000000000000000000011
:106F80000000000000000000000000000000000001
:106F900000000000000000000000000000000000F1
:106FA00000000000000000000000000000000000E1
:106FB00000000000000000000000000000000000D1
:106FC00000000000000000000000000000000000C1
:106FD00000000000000000000000000000000000B1
:106FE00000000000000000000000000000000000A1
:106FF0000000000000000000000000000000000091
:107000000000000000000000000000000000000080
:107010000000000000000000000000000000000070
:107020000000000000000000000000000000000060
:107030000000000000000000000000000000000050
:107040000000000000000000000000000000000040
:107050000000000000000000000000000000000030
:107060000000000000000000000000000000000020
:107070000000000000000000000000000000000010
:107080000000000000000000000000000000000000
:1070900000000000000000000000000000000000F0
:1070A00000000000000000000000000000000000E0
:1070B00000000000000000000000000000000000D0
:1070C00000000000000000000000000000000000C0
:1070D00000000000000000000000000000000000B0
:1070E00000000000000000000000000000000000A0
:1070F0000000000000000000000000000000000090
:10710000000000000000000000000000000000007F
:10711000000000000000000000000000000000006F
:10712000000000000000000000000000000000005F
:10713000000000000000000000000000000000004F
:10714000000000000000000000000000000000003F
:10715000000000000000000000000000000000002F
:10716000000000000000000000000000000000001F
:10717000000000000000000000000000000000000F
:1071800000000000000000000000000000000000FF
:1071900000000000000000000000000000000000EF
:1071A00000000000000000000000000000000000DF
:1071B00000000000000000000000000000000000CF
:1071C00000000000000000000000000000000000BF
:1071D00000000000000000000000000000000000AF
:1071E000000000000000000000000000000000009F
:1071F000000000000000000000000000000000008F
:10720000000000000000000000000000000000007E
:10721000000000000000000000000000000000006E
:10722000000000000000000000000000000000005E
:10723000000000000000000000000000000000004E
:10724000000000000000000000000000000000003E
:10725000000000000000000000000000000000002E
:10726000000000000000000000000000000000001E
:10727000000000000000000000000000000000000E
:1072800000000000000000000000000000000000FE
:1072900000000000000000000000000000000000EE
:1072A00000000000000000000000000000000000DE
:1072B00000000000000000000000000000000000CE
:1072C00000000000000000000000000000000000BE
:1072D00000000000000000000000000000000000AE
:1072E000000000000000000000000000000000009E
:1072F000000000000000000000000000000000008E
:10730000000000000000000000000000000000007D
:10731000000000000000000000000000000000006D
:10732000000000000000000000000000000000005D
:10733000000000000000000000000000000000004D
:10734000000000000000000000000000000000003D
:10735000000000000000000000000000000000002D
:10736000000000000000000000000000000000001D
:10737000000000000000000000000000000000000D
:1073800000000000000000000000000000000000FD
:1073900000000000000000000000000000000000ED
:1073A00000000000000000000000000000000000DD
:1073B00000000000000000000000000000000000CD
:1073C00000000000000000000000000000000000BD
:1073D00000000000000000000000000000000000AD
:1073E000000000000000000000000000000000009D
:1073F000000000000000000000000000000000008D
:10740000000000000000000000000000000000007C
:10741000000000000000000000000000000000006C
:10742000000000000000000000000000000000005C
:10743000000000000000000000000000000000004C
:10744000000000000000000000000000000000003C
:10745000000000000000000000000000000000002C
:10746000000000000000000000000000000000001C
:10747000000000000000000000000000000000000C
:1074800000000000000000000000000000000000FC
:1074900000000000000000000000000000000000EC
:1074A00000000000000000000000000000000000DC
:1074B00000000000000000000000000000000000CC
:1074C00000000000000000000000000000000000BC
:1074D00000000000000000000000000000000000AC
:1074E000000000000000000000000000000000009C
:1074F000000000000000000000000000000000008C
:10750000000000000000000000000000000000007B
:10751000000000000000000000000000000000006B
:10752000000000000000000000000000000000005B
:10753000000000000000000000000000000000004B
:10754000000000000000000000000000000000003B
:10755000000000000000000000000000000000002B
:10756000000000000000000000000000000000001B
:10757000000000000000000000000000000000000B
:1075800000000000000000000000000000000000FB
:1075900000000000000000000000000000000000EB
:1075A00000000000000000000000000000000000DB
:1075B00000000000000000000000000000000000CB
:1075C00000000000000000000000000000000000BB
:1075D00000000000000000000000000000000000AB
:1075E000000000000000000000000000000000009B
:1075F000000000000000000000000000000000008B
:10760000000000000000000000000000000000007A
:10761000000000000000000000000000000000006A
:10762000000000000000000000000000000000005A
:10763000000000000000000000000000000000004A
:10764000000000000000000000000000000000003A
:10765000000000000000000000000000000000002A
:10766000000000000000000000000000000000001A
:10767000000000000000000000000000000000000A
:1076800000000000000000000000000000000000FA
:1076900000000000000000000000000000000000EA
:1076A00000000000000000000000000000000000DA
:1076B00000000000000000000000000000000000CA
:1076C00000000000000000000000000000000000BA
:1076D00000000000000000000000000000000000AA
:1076E000000000000000000000000000000000009A
:1076F000000000000000000000000000000000008A
:107700000000000000000000000000000000000079
:107710000000000000000000000000000000000069
:107720000000000000000000000000000000000059
:107730000000000000000000000000000000000049
:107740000000000000000000000000000000000039
:107750000000000000000000000000000000000029
:107760000000000000000000000000000000000019
:107770000000000000000000000000000000000009
:1077800000000000000000000000000000000000F9
:1077900000000000000000000000000000000000E9
:1077A00000000000000000000000000000000000D9
:1077B00000000000000000000000000000000000C9
:1077C00000000000000000000000000000000000B9
:1077D00000000000000000000000000000000000A9
:1077E0000000000000000000000000000000000099
:1077F0000000000000000000000000000000000089
:107800000000000000000000000000000000000078
:107810000000000000000000000000000000000068
:107820000000000000000000000000000000000058
:107830000000000000000000000000000000000048
:107840000000000000000000000000000000000038
:107850000000000000000000000000000000000028
:107860000000000000000000000000000000000018
:107870000000000000000000000000000000000008
:1078800000000000000000000000000000000000F8
:1078900000000000000000000000000000000000E8
:1078A00000000000000000000000000000000000D8
:1078B00000000000000000000000000000000000C8
:1078C00000000000000000000000000000000000B8
:1078D00000000000000000000000000000000000A8
:1078E0000000000000000000000000000000000098
:1078F0000000000000000000000000000000000088
:107900000000000000000000000000000000000077
:107910000000000000000000000000000000000067
:107920000000000000000000000000000000000057
:107930000000000000000000000000000000000047
:107940000000000000000000000000000000000037
:107950000000000000000000000000000000000027
:107960000000000000000000000000000000000017
:107970000000000000000000000000000000000007
:1079800000000000000000000000000000000000F7
:1079900000000000000000000000000000000000E7
:1079A00000000000000000000000000000000000D7
:1079B00000000000000000000000000000000000C7
:1079C00000000000000000000000000000000000B7
:1079D00000000000000000000000000000000000A7
:1079E0000000000000000000000000000000000097
:1079F0000000000000000000000000000000000087
:107A00000000000000000000000000000000000076
:107A10000000000000000000000000000000000066
:107A20000000000000000000000000000000000056
:107A30000000000000000000000000000000000046
:107A40000000000000000000000000000000000036
:107A50000000000000000000000000000000000026
:107A60000000000000000000000000000000000016
:107A70000000000000000000000000000000000006
:107A800000000000000000000000000000000000F6
:107A900000000000000000000000000000000000E6
:107AA00000000000000000000000000000000000D6
:107AB00000000000000000000000000000000000C6
:107AC00000000000000000000000000000000000B6
:107AD00000000000000000000000000000000000A6
:107AE0000000000000000000000000000000000096
:107AF0000000000000000000000000000000000086
:107B00000000000000000000000000000000000075
:107B10000000000000000000000000000000000065
:107B20000000000000000000000000000000000055
:107B30000000000000000000000000000000000045
:107B40000000000000000000000000000000000035
:107B50000000000000000000000000000000000025
:107B60000000000000000000000000000000000015
:107B70000000000000000000000000000000000005
:107B800000000000000000000000000000000000F5
:107B900000000000000000000000000000000000E5
:107BA00000000000000000000000000000000000D5
:107BB00000000000000000000000000000000000C5
:107BC00000000000000000000000000000000000B5
:107BD00000000000000000000000000000000000A5
:107BE0000000000000000000000000000000000095
:107BF0000000000000000000000000000000000085
:107C00000000000000000000000000000000000074
:107C10000000000000000000000000000000000064
:107C20000000000000000000000000000000000054
:107C30000000000000000000000000000000000044
:107C40000000000000000000000000000000000034
:107C50000000000000000000000000000000000024
:107C60000000000000000000000000000000000014
:107C70000000000000000000000000000000000004
:107C800000000000000000000000000000000000F4
:107C900000000000000000000000000000000000E4
:107CA00000000000000000000000000000000000D4
:107CB00000000000000000000000000000000000C4
:107CC00000000000000000000000000000000000B4
:107CD00000000000000000000000000000000000A4
:107CE0000000000000000000000000000000000094
:107CF0000000000000000000000000000000000084
:107D00000000000000000000000000000000000073
:107D10000000000000000000000000000000000063
:107D20000000000000000000000000000000000053
:107D30000000000000000000000000000000000043
:107D40000000000000000000000000000000000033
:107D50000000000000000000000000000000000023
:107D60000000000000000000000000000000000013
:107D70000000000000000000000000000000000003
:107D800000000000000000000000000000000000F3
:107D900000000000000000000000000000000000E3
:107DA00000000000000000000000000000000000D3
:107DB00000000000000000000000000000000000C3
:107DC00000000000000000000000000000000000B3
:107DD00000000000000000000000000000000000A3
:107DE0000000000000000000000000000000000093
:107DF0000000000000000000000000000000000083
:107E00000000000000000000000000000000000072
:107E10000000000000000000000000000000000062
:107E20000000000000000000000000000000000052
:107E30000000000000000000000000000000000042
:107E40000000000000000000000000000000000032
:107E50000000000000000000000000000000000022
:107E60000000000000000000000000000000000012
:107E70000000000000000000000000000000000002
:107E800000000000000000000000000000000000F2
:107E900000000000000000000000000000000000E2
:107EA00000000000000000000000000000000000D2
:107EB00000000000000000000000000000000000C2
:107EC00000000000000000000000000000000000B2
:107ED00000000000000000000000000000000000A2
:107EE0000000000000000000000000000000000092
:107EF0000000000000000000000000000000000082
:107F00000000000000000000000000000000000071
:107F10000000000000000000000000000000000061
:107F20000000000000000000000000000000000051
:107F30000000000000000000000000000000000041
:107F40000000000000000000000000000000000031
:107F50000000000000000000000000000000000021
:107F60000000000000000000000000000000000011
:107F70000000000000000000000000000000000001
:107F800000000000000000000000000000000000F1
:107F900000000000000000000000000000000000E1
:107FA00000000000000000000000000000000000D1
:107FB00000000000000000000000000000000000C1
:107FC00000000000000000000000000000000000B1
:107FD00000000000000000000000000000000000A1
:107FE0000000000000000000000000000000000091
:107FF0000000000000000000000000000000000081
:108000000000000000000000000000000000000070
:108010000000000000000000000000000000000060
:108020000000000000000000000000000000000050
:108030000000000000000000000000000000000040
:108040000000000000000000000000000000000030
:108050000000000000000000000000000000000020
:108060000000000000000000000000000000000010
:108070000000000000000000000000000000000000
:1080800000000000000000000000000000000000F0
:1080900000000000000000000000000000000000E0
:1080A00000000000000000000000000000000000D0
:1080B00000000000000000000000000000000000C0
:1080C00000000000000000000000000000000000B0
:1080D00000000000000000000000000000000000A0
:1080E0000000000000000000000000000000000090
:1080F0000000000000000000000000000000000080
:10810000000000000000000000000000000000006F
:10811000000000000000000000000000000000005F
:10812000000000000000000000000000000000004F
:10813000000000000000000000000000000000003F
:10814000000000000000000000000000000000002F
:10815000000000000000000000000000000000001F
:10816000000000000000000000000000000000000F
:1081700000000000000000000000000000000000FF
:1081800000000000000000000000000000000000EF
:1081900000000000000000000000000000000000DF
:1081A00000000000000000000000000000000000CF
:1081B00000000000000000000000000000000000BF
:1081C00000000000000000000000000000000000AF
:1081D000000000000000000000000000000000009F
:1081E000000000000000000000000000000000008F
:1081F000000000000000000000000000000000007F
:10820000000000000000000000000000000000006E
:10821000000000000000000000000000000000005E
:10822000000000000000000000000000000000004E
:10823000000000000000000000000000000000003E
:10824000000000000000000000000000000000002E
:10825000000000000000000000000000000000001E
:10826000000000000000000000000000000000000E
:1082700000000000000000000000000000000000FE
:1082800000000000000000000000000000000000EE
:1082900000000000000000000000000000000000DE
:1082A00000000000000000000000000000000000CE
:1082B00000000000000000000000000000000000BE
:1082C00000000000000000000000000000000000AE
:1082D000000000000000000000000000000000009E
:1082E000000000000000000000000000000000008E
:1082F000000000000000000000000000000000007E
:10830000000000000000000000000000000000006D
:10831000000000000000000000000000000000005D
:10832000000000000000000000000000000000004D
:10833000000000000000000000000000000000003D
:10834000000000000000000000000000000000002D
:10835000000000000000000000000000000000001D
:10836000000000000000000000000000000000000D
:1083700000000000000000000000000000000000FD
:1083800000000000000000000000000000000000ED
:1083900000000000000000000000000000000000DD
:1083A00000000000000000000000000000000000CD
:1083B00000000000000000000000000000000000BD
:1083C00000000000000000000000000000000000AD
:1083D000000000000000000000000000000000009D
:1083E000000000000000000000000000000000008D
:1083F000000000000000000000000000000000007D
:10840000000000000000000000000000000000006C
:10841000000000000000000000000000000000005C
:10842000000000000000000000000000000000004C
:10843000000000000000000000000000000000003C
:10844000000000000000000000000000000000002C
:10845000000000000000000000000000000000001C
:10846000000000000000000000000000000000000C
:1084700000000000000000000000000000000000FC
:1084800000000000000000000000000000000000EC
:1084900000000000000000000000000000000000DC
:1084A00000000000000000000000000000000000CC
:1084B00000000000000000000000000000000000BC
:1084C00000000000000000000000000000000000AC
:1084D000000000000000000000000000000000009C
:1084E000000000000000000000000000000000008C
:1084F000000000000000000000000000000000007C
:10850000000000000000000000000000000000006B
:10851000000000000000000000000000000000005B
:10852000000000000000000000000000000000004B
:10853000000000000000000000000000000000003B
:10854000000000000000000000000000000000002B
:10855000000000000000000000000000000000001B
:10856000000000000000000000000000000000000B
:1085700000000000000000000000000000000000FB
:1085800000000000000000000000000000000000EB
:1085900000000000000000000000000000000000DB
:1085A00000000000000000000000000000000000CB
:1085B00000000000000000000000000000000000BB
:1085C00000000000000000000000000000000000AB
:1085D000000000000000000000000000000000009B
:1085E000000000000000000000000000000000008B
:1085F000000000000000000000000000000000007B
:10860000000000000000000000000000000000006A
:10861000000000000000000000000000000000005A
:10862000000000000000000000000000000000004A
:10863000000000000000000000000000000000003A
:10864000000000000000000000000000000000002A
:10865000000000000000000000000000000000001A
:10866000000000000000000000000000000000000A
:1086700000000000000000000000000000000000FA
:1086800000000000000000000000000000000000EA
:1086900000000000000000000000000000000000DA
:1086A00000000000000000000000000000000000CA
:1086B00000000000000000000000000000000000BA
:1086C00000000000000000000000000000000000AA
:1086D000000000000000000000000000000000009A
:1086E000000000000000000000000000000000008A
:1086F000000000000000000000000000000000007A
:108700000000000000000000000000000000000069
:108710000000000000000000000000000000000059
:108720000000000000000000000000000000000049
:108730000000000000000000000000000000000039
:108740000000000000000000000000000000000029
:108750000000000000000000000000000000000019
:108760000000000000000000000000000000000009
:1087700000000000000000000000000000000000F9
:1087800000000000000000000000000000000000E9
:1087900000000000000000000000000000000000D9
:1087A00000000000000000000000000000000000C9
:1087B00000000000000000000000000000000000B9
:1087C00000000000000000000000000000000000A9
:1087D0000000000000000000000000000000000099
:1087E0000000000000000000000000000000000089
:1087F0000000000000000000000000000000000079
:108800000000000000000000000000000000000068
:108810000000000000000000000000000000000058
:108820000000000000000000000000000000000048
:108830000000000000000000000000000000000038
:108840000000000000000000000000000000000028
:108850000000000000000000000000000000000018
:108860000000000000000000000000000000000008
:1088700000000000000000000000000000000000F8
:1088800000000000000000000000000000000000E8
:1088900000000000000000000000000000000000D8
:1088A00000000000000000000000000000000000C8
:1088B00000000000000000000000000000000000B8
:1088C00000000000000000000000000000000000A8
:1088D0000000000000000000000000000000000098
:1088E0000000000000000000000000000000000088
:1088F0000000000000000000000000000000000078
:108900000000000000000000000000000000000067
:108910000000000000000000000000000000000057
:108920000000000000000000000000000000000047
:108930000000000000000000000000000000000037
:108940000000000000000000000000000000000027
:108950000000000000000000000000000000000017
:108960000000000000000000000000000000000007
:1089700000000000000000000000000000000000F7
:1089800000000000000000000000000000000000E7
:1089900000000000000000000000000000000000D7
:1089A00000000000000000000000000000000000C7
:1089B00000000000000000000000000000000000B7
:1089C00000000000000000000000000000000000A7
:1089D0000000000000000000000000000000000097
:1089E0000000000000000000000000000000000087
:1089F0000000000000000000000000000000000077
:108A00000000000000000000000000000000000066
:108A10000000000000000000000000000000000056
:108A20000000000000000000000000000000000046
:108A30000000000000000000000000000000000036
:108A40000000000000000000000000000000000026
:108A50000000000000000000000000000000000016
:108A60000000000000000000000000000000000006
:108A700000000000000000000000000000000000F6
:108A800000000000000000000000000000000000E6
:108A900000000000000000000000000000000000D6
:108AA00000000000000000000000000000000000C6
:108AB00000000000000000000000000000000000B6
:108AC00000000000000000000000000000000000A6
:108AD0000000000000000000000000000000000096
:108AE0000000000000000000000000000000000086
:108AF0000000000000000000000000000000000076
:108B00000000000000000000000000000000000065
:108B10000000000000000000000000000000000055
:108B20000000000000000000000000000000000045
:108B30000000000000000000000000000000000035
:108B40000000000000000000000000000000000025
:108B50000000000000000000000000000000000015
:108B60000000000000000000000000000000000005
:108B700000000000000000000000000000000000F5
:108B800000000000000000000000000000000000E5
:108B900000000000000000000000000000000000D5
:108BA00000000000000000000000000000000000C5
:108BB00000000000000000000000000000000000B5
:108BC00000000000000000000000000000000000A5
:108BD0000000000000000000000000000000000095
:108BE0000000000000000000000000000000000085
:108BF0000000000000000000000000000000000075
:108C00000000000000000000000000000000000064
:108C10000000000000000000000000000000000054
:108C20000000000000000000000000000000000044
:108C30000000000000000000000000000000000034
:108C40000000000000000000000000000000000024
:108C50000000000000000000000000000000000014
:108C60000000000000000000000000000000000004
:108C700000000000000000000000000000000000F4
:108C800000000000000000000000000000000000E4
:108C900000000000000000000000000000000000D4
:108CA00000000000000000000000000000000000C4
:108CB00000000000000000000000000000000000B4
:108CC00000000000000000000000000000000000A4
:108CD0000000000000000000000000000000000094
:108CE0000000000000000000000000000000000084
:108CF0000000000000000000000000000000000074
:108D00000000000000000000000000000000000063
:108D10000000000000000000000000000000000053
:108D20000000000000000000000000000000000043
:108D30000000000000000000000000000000000033
:108D40000000000000000000000000000000000023
:108D50000000000000000000000000000000000013
:108D60000000000000000000000000000000000003
:108D700000000000000000000000000000000000F3
:108D800000000000000000000000000000000000E3
:108D900000000000000000000000000000000000D3
:108DA00000000000000000000000000000000000C3
:108DB00000000000000000000000000000000000B3
:108DC00000000000000000000000000000000000A3
:108DD0000000000000000000000000000000000093
:108DE0000000000000000000000000000000000083
:108DF0000000000000000000000000000000000073
:108E00000000000000000000000000000000000062
:108E10000000000000000000000000000000000052
:108E20000000000000000000000000000000000042
:108E30000000000000000000000000000000000032
:108E40000000000000000000000000000000000022
:108E50000000000000000000000000000000000012
:108E60000000000000000000000000000000000002
:108E700000000000000000000000000000000000F2
:108E800000000000000000000000000000000000E2
:108E900000000000000000000000000000000000D2
:108EA00000000000000000000000000000000000C2
:108EB00000000000000000000000000000000000B2
:108EC00000000000000000000000000000000000A2
:108ED0000000000000000000000000000000000092
:108EE0000000000000000000000000000000000082
:108EF0000000000000000000000000000000000072
:108F00000000000000000000000000000000000061
:108F10000000000000000000000000000000000051
:108F20000000000000000000000000000000000041
:108F30000000000000000000000000000000000031
:108F40000000000000000000000000000000000021
:108F50000000000000000000000000000000000011
:108F60000000000000000000000000000000000001
:108F700000000000000000000000000000000000F1
:108F800000000000000000000000000000000000E1
:108F900000000000000000000000000000000000D1
:108FA00000000000000000000000000000000000C1
:108FB00000000000000000000000000000000000B1
:108FC00000000000000000000000000000000000A1
:108FD0000000000000000000000000000000000091
:108FE0000000000000000000000000000000000081
:108FF0000000000000000000000000000000000071
:109000000000000000000000000000000000000060
:109010000000000000000000000000000000000050
:109020000000000000000000000000000000000040
:109030000000000000000000000000000000000030
:109040000000000000000000000000000000000020
:109050000000000000000000000000000000000010
:109060000000000000000000000000000000000000
:1090700000000000000000000000000000000000F0
:1090800000000000000000000000000000000000E0
:1090900000000000000000000000000000000000D0
:1090A00000000000000000000000000000000000C0
:1090B00000000000000000000000000000000000B0
:1090C00000000000000000000000000000000000A0
:1090D0000000000000000000000000000000000090
:1090E0000000000000000000000000000000000080
:1090F0000000000000000000000000000000000070
:10910000000000000000000000000000000000005F
:10911000000000000000000000000000000000004F
:10912000000000000000000000000000000000003F
:10913000000000000000000000000000000000002F
:10914000000000000000000000000000000000001F
:10915000000000000000000000000000000000000F
:1091600000000000000000000000000000000000FF
:1091700000000000000000000000000000000000EF
:1091800000000000000000000000000000000000DF
:1091900000000000000000000000000000000000CF
:1091A00000000000000000000000000000000000BF
:1091B00000000000000000000000000000000000AF
:1091C000000000000000000000000000000000009F
:1091D000000000000000000000000000000000008F
:1091E000000000000000000000000000000000007F
:1091F000000000000000000000000000000000006F
:10920000000000000000000000000000000000005E
:10921000000000000000000000000000000000004E
:10922000000000000000000000000000000000003E
:10923000000000000000000000000000000000002E
:10924000000000000000000000000000000000001E
:10925000000000000000000000000000000000000E
:1092600000000000000000000000000000000000FE
:1092700000000000000000000000000000000000EE
:1092800000000000000000000000000000000000DE
:1092900000000000000000000000000000000000CE
:1092A00000000000000000000000000000000000BE
:1092B00000000000000000000000000000000000AE
:1092C000000000000000000000000000000000009E
:1092D000000000000000000000000000000000008E
:1092E000000000000000000000000000000000007E
:1092F000000000000000000000000000000000006E
:10930000000000000000000000000000000000005D
:10931000000000000000000000000000000000004D
:10932000000000000000000000000000000000003D
:10933000000000000000000000000000000000002D
:10934000000000000000000000000000000000001D
:10935000000000000000000000000000000000000D
:1093600000000000000000000000000000000000FD
:1093700000000000000000000000000000000000ED
:1093800000000000000000000000000000000000DD
:1093900000000000000000000000000000000000CD
:1093A00000000000000000000000000000000000BD
:1093B00000000000000000000000000000000000AD
:1093C000000000000000000000000000000000009D
:1093D000000000000000000000000000000000008D
:1093E000000000000000000000000000000000007D
:1093F000000000000000000000000000000000006D
:10940000000000000000000000000000000000005C
:10941000000000000000000000000000000000004C
:10942000000000000000000000000000000000003C
:10943000000000000000000000000000000000002C
:10944000000000000000000000000000000000001C
:10945000000000000000000000000000000000000C
:1094600000000000000000000000000000000000FC
:1094700000000000000000000000000000000000EC
:1094800000000000000000000000000000000000DC
:1094900000000000000000000000000000000000CC
:1094A00000000000000000000000000000000000BC
:1094B00000000000000000000000000000000000AC
:1094C000000000000000000000000000000000009C
:1094D000000000000000000000000000000000008C
:1094E000000000000000000000000000000000007C
:1094F000000000000000000000000000000000006C
:10950000000000000000000000000000000000005B
:10951000000000000000000000000000000000004B
:10952000000000000000000000000000000000003B
:10953000000000000000000000000000000000002B
:10954000000000000000000000000000000000001B
:10955000000000000000000000000000000000000B
:1095600000000000000000000000000000000000FB
:1095700000000000000000000000000000000000EB
:1095800000000000000000000000000000000000DB
:1095900000000000000000000000000000000000CB
:1095A00000000000000000000000000000000000BB
:1095B00000000000000000000000000000000000AB
:1095C000000000000000000000000000000000009B
:1095D000000000000000000000000000000000008B
:1095E000000000000000000000000000000000007B
:1095F000000000000000000000000000000000006B
:10960000000000000000000000000000000000005A
:10961000000000000000000000000000000000004A
:10962000000000000000000000000000000000003A
:10963000000000000000000000000000000000002A
:10964000000000000000000000000000000000001A
:10965000000000000000000000000000000000000A
:1096600000000000000000000000000000000000FA
:1096700000000000000000000000000000000000EA
:1096800000000000000000000000000000000000DA
:1096900000000000000000000000000000000000CA
:1096A00000000000000000000000000000000000BA
:1096B00000000000000000000000000000000000AA
:1096C000000000000000000000000000000000009A
:1096D000000000000000000000000000000000008A
:1096E000000000000000000000000000000000007A
:1096F000000000000000000000000000000000006A
:109700000000000000000000000000000000000059
:109710000000000000000000000000000000000049
:109720000000000000000000000000000000000039
:109730000000000000000000000000000000000029
:109740000000000000000000000000000000000019
:109750000000000000000000000000000000000009
:1097600000000000000000000000000000000000F9
:1097700000000000000000000000000000000000E9
:1097800000000000000000000000000000000000D9
:1097900000000000000000000000000000000000C9
:1097A00000000000000000000000000000000000B9
:1097B00000000000000000000000000000000000A9
:1097C0000000000000000000000000000000000099
:1097D0000000000000000000000000000000000089
:1097E0000000000000000000000000000000000079
:1097F0000000000000000000000000000000000069
:109800000000000000000000000000000000000058
:109810000000000000000000000000000000000048
:109820000000000000000000000000000000000038
:109830000000000000000000000000000000000028
:109840000000000000000000000000000000000018
:109850000000000000000000000000000000000008
:1098600000000000000000000000000000000000F8
:1098700000000000000000000000000000000000E8
:1098800000000000000000000000000000000000D8
:1098900000000000000000000000000000000000C8
:1098A00000000000000000000000000000000000B8
:1098B00000000000000000000000000000000000A8
:1098C0000000000000000000000000000000000098
:1098D0000000000000000000000000000000000088
:1098E0000000000000000000000000000000000078
:1098F0000000000000000000000000000000000068
:109900000000000000000000000000000000000057
:109910000000000000000000000000000000000047
:109920000000000000000000000000000000000037
:109930000000000000000000000000000000000027
:109940000000000000000000000000000000000017
:109950000000000000000000000000000000000007
:1099600000000000000000000000000000000000F7
:1099700000000000000000000000000000000000E7
:1099800000000000000000000000000000000000D7
:1099900000000000000000000000000000000000C7
:1099A00000000000000000000000000000000000B7
:1099B00000000000000000000000000000000000A7
:1099C0000000000000000000000000000000000097
:1099D0000000000000000000000000000000000087
:1099E0000000000000000000000000000000000077
:1099F0000000000000000000000000000000000067
:109A00000000000000000000000000000000000056
:109A10000000000000000000000000000000000046
:109A20000000000000000000000000000000000036
:109A30000000000000000000000000000000000026
:109A40000000000000000000000000000000000016
:109A50000000000000000000000000000000000006
:109A600000000000000000000000000000000000F6
:109A700000000000000000000000000000000000E6
:109A800000000000000000000000000000000000D6
:109A900000000000000000000000000000000000C6
:109AA00000000000000000000000000000000000B6
:109AB00000000000000000000000000000000000A6
:109AC0000000000000000000000000000000000096
:109AD0000000000000000000000000000000000086
:109AE0000000000000000000000000000000000076
:109AF0000000000000000000000000000000000066
:109B00000000000000000000000000000000000055
:109B10000000000000000000000000000000000045
:109B20000000000000000000000000000000000035
:109B30000000000000000000000000000000000025
:109B40000000000000000000000000000000000015
:109B50000000000000000000000000000000000005
:109B600000000000000000000000000000000000F5
:109B700000000000000000000000000000000000E5
:109B800000000000000000000000000000000000D5
:109B900000000000000000000000000000000000C5
:109BA00000000000000000000000000000000000B5
:109BB00000000000000000000000000000000000A5
:109BC0000000000000000000000000000000000095
:109BD0000000000000000000000000000000000085
:109BE0000000000000000000000000000000000075
:109BF0000000000000000000000000000000000065
:109C00000000000000000000000000000000000054
:109C10000000000000000000000000000000000044
:109C20000000000000000000000000000000000034
:109C30000000000000000000000000000000000024
:109C40000000000000000000000000000000000014
:109C50000000000000000000000000000000000004
:109C600000000000000000000000000000000000F4
:109C700000000000000000000000000000000000E4
:109C800000000000000000000000000000000000D4
:109C900000000000000000000000000000000000C4
:109CA00000000000000000000000000000000000B4
:109CB00000000000000000000000000000000000A4
:109CC0000000000000000000000000000000000094
:109CD0000000000000000000000000000000000084
:109CE0000000000000000000000000000000000074
:109CF0000000000000000000000000000000000064
:109D00000000000000000000000000000000000053
:109D10000000000000000000000000000000000043
:109D20000000000000000000000000000000000033
:109D30000000000000000000000000000000000023
:109D40000000000000000000000000000000000013
:109D50000000000000000000000000000000000003
:109D600000000000000000000000000000000000F3
:109D700000000000000000000000000000000000E3
:109D800000000000000000000000000000000000D3
:109D900000000000000000000000000000000000C3
:109DA00000000000000000000000000000000000B3
:109DB00000000000000000000000000000000000A3
:109DC0000000000000000000000000000000000093
:109DD0000000000000000000000000000000000083
:109DE0000000000000000000000000000000000073
:109DF0000000000000000000000000000000000063
:109E00000000000000000000000000000000000052
:109E10000000000000000000000000000000000042
:109E20000000000000000000000000000000000032
:109E30000000000000000000000000000000000022
:109E40000000000000000000000000000000000012
:109E50000000000000000000000000000000000002
:109E600000000000000000000000000000000000F2
:109E700000000000000000000000000000000000E2
:109E800000000000000000000000000000000000D2
:109E900000000000000000000000000000000000C2
:109EA00000000000000000000000000000000000B2
:109EB00000000000000000000000000000000000A2
:109EC0000000000000000000000000000000000092
:109ED0000000000000000000000000000000000082
:109EE0000000000000000000000000000000000072
:109EF0000000000000000000000000000000000062
:109F00000000000000000000000000000000000051
:109F10000000000000000000000000000000000041
:109F20000000000000000000000000000000000031
:109F30000000000000000000000000000000000021
:109F40000000000000000000000000000000000011
:109F50000000000000000000000000000000000001
:109F600000000000000000000000000000000000F1
:109F700000000000000000000000000000000000E1
:109F800000000000000000000000000000000000D1
:109F900000000000000000000000000000000000C1
:109FA00000000000000000000000000000000000B1
:109FB00000000000000000000000000000000000A1
:109FC0000000000000000000000000000000000091
:109FD0000000000000000000000000000000000081
:109FE0000000000000000000000000000000000071
:109FF0000000000000000000000000000000000061
:10A000000000000000000000000000000000000050
:10A010000000000000000000000000000000000040
:10A020000000000000000000000000000000000030
:10A030000000000000000000000000000000000020
:10A040000000000000000000000000000000000010
:10A050000000000000000000000000000000000000
:10A0600000000000000000000000000000000000F0
:10A0700000000000000000000000000000000000E0
:10A0800000000000000000000000000000000000D0
:10A0900000000000000000000000000000000000C0
:10A0A00000000000000000000000000000000000B0
:10A0B00000000000000000000000000000000000A0
:10A0C0000000000000000000000000000000000090
:10A0D0000000000000000000000000000000000080
:10A0E0000000000000000000000000000000000070
:10A0F0000000000000000000000000000000000060
:10A10000000000000000000000000000000000004F
:10A11000000000000000000000000000000000003F
:10A12000000000000000000000000000000000002F
:10A13000000000000000000000000000000000001F
:10A14000000000000000000000000000000000000F
:10A1500000000000000000000000000000000000FF
:10A1600000000000000000000000000000000000EF
:10A1700000000000000000000000000000000000DF
:10A1800000000000000000000000000000000000CF
:10A1900000000000000000000000000000000000BF
:10A1A00000000000000000000000000000000000AF
:10A1B000000000000000000000000000000000009F
:10A1C000000000000000000000000000000000008F
:10A1D000000000000000000000000000000000007F
:10A1E000000000000000000000000000000000006F
:10A1F000000000000000000000000000000000005F
:10A20000000000000000000000000000000000004E
:10A21000000000000000000000000000000000003E
:10A22000000000000000000000000000000000002E
:10A23000000000000000000000000000000000001E
:10A24000000000000000000000000000000000000E
:10A2500000000000000000000000000000000000FE
:10A2600000000000000000000000000000000000EE
:10A2700000000000000000000000000000000000DE
:10A2800000000000000000000000000000000000CE
:10A2900000000000000000000000000000000000BE
:10A2A00000000000000000000000000000000000AE
:10A2B000000000000000000000000000000000009E
:10A2C000000000000000000000000000000000008E
:10A2D000000000000000000000000000000000007E
:10A2E000000000000000000000000000000000006E
:10A2F000000000000000000000000000000000005E
:10A30000000000000000000000000000000000004D
:10A31000000000000000000000000000000000003D
:10A32000000000000000000000000000000000002D
:10A33000000000000000000000000000000000001D
:10A34000000000000000000000000000000000000D
:10A3500000000000000000000000000000000000FD
:10A3600000000000000000000000000000000000ED
:10A3700000000000000000000000000000000000DD
:10A3800000000000000000000000000000000000CD
:10A3900000000000000000000000000000000000BD
:10A3A00000000000000000000000000000000000AD
:10A3B000000000000000000000000000000000009D
:10A3C000000000000000000000000000000000008D
:10A3D000000000000000000000000000000000007D
:10A3E000000000000000000000000000000000006D
:10A3F000000000000000000000000000000000005D
:10A40000000000000000000000000000000000004C
:10A41000000000000000000000000000000000003C
:10A42000000000000000000000000000000000002C
:10A43000000000000000000000000000000000001C
:10A44000000000000000000000000000000000000C
:10A4500000000000000000000000000000000000FC
:10A4600000000000000000000000000000000000EC
:10A4700000000000000000000000000000000000DC
:10A4800000000000000000000000000000000000CC
:10A4900000000000000000000000000000000000BC
:10A4A00000000000000000000000000000000000AC
:10A4B000000000000000000000000000000000009C
:10A4C000000000000000000000000000000000008C
:10A4D000000000000000000000000000000000007C
:10A4E000000000000000000000000000000000006C
:10A4F000000000000000000000000000000000005C
:10A50000000000000000000000000000000000004B
:10A51000000000000000000000000000000000003B
:10A52000000000000000000000000000000000002B
:10A53000000000000000000000000000000000001B
:10A54000000000000000000000000000000000000B
:10A5500000000000000000000000000000000000FB
:10A5600000000000000000000000000000000000EB
:10A5700000000000000000000000000000000000DB
:10A5800000000000000000000000000000000000CB
:10A5900000000000000000000000000000000000BB
:10A5A00000000000000000000000000000000000AB
:10A5B000000000000000000000000000000000009B
:10A5C000000000000000000000000000000000008B
:10A5D000000000000000000000000000000000007B
:10A5E000000000000000000000000000000000006B
:10A5F000000000000000000000000000000000005B
:10A60000000000000000000000000000000000004A
:10A61000000000000000000000000000000000003A
:10A62000000000000000000000000000000000002A
:10A63000000000000000000000000000000000001A
:10A64000000000000000000000000000000000000A
:10A6500000000000000000000000000000000000FA
:10A6600000000000000000000000000000000000EA
:10A6700000000000000000000000000000000000DA
:10A6800000000000000000000000000000000000CA
:10A6900000000000000000000000000000000000BA
:10A6A00000000000000000000000000000000000AA
:10A6B000000000000000000000000000000000009A
:10A6C000000000000000000000000000000000008A
:10A6D000000000000000000000000000000000007A
:10A6E000000000000000000000000000000000006A
:10A6F000000000000000000000000000000000005A
:10A700000000000000000000000000000000000049
:10A710000000000000000000000000000000000039
:10A720000000000000000000000000000000000029
:10A730000000000000000000000000000000000019
:10A740000000000000000000000000000000000009
:10A7500000000000000000000000000000000000F9
:10A7600000000000000000000000000000000000E9
:10A7700000000000000000000000000000000000D9
:10A7800000000000000000000000000000000000C9
:10A7900000000000000000000000000000000000B9
:10A7A00000000000000000000000000000000000A9
:10A7B0000000000000000000000000000000000099
:10A7C0000000000000000000000000000000000089
:10A7D0000000000000000000000000000000000079
:10A7E0000000000000000000000000000000000069
:10A7F0000000000000000000000000000000000059
:10A800000000000000000000000000000000000048
:10A810000000000000000000000000000000000038
:10A820000000000000000000000000000000000028
:10A830000000000000000000000000000000000018
:10A840000000000000000000000000000000000008
:10A8500000000000000000000000000000000000F8
:10A8600000000000000000000000000000000000E8
:10A8700000000000000000000000000000000000D8
:10A8800000000000000000000000000000000000C8
:10A8900000000000000000000000000000000000B8
:10A8A00000000000000000000000000000000000A8
:10A8B0000000000000000000000000000000000098
:10A8C0000000000000000000000000000000000088
:10A8D0000000000000000000000000000000000078
:10A8E0000000000000000000000000000000000068
:10A8F0000000000000000000000000000000000058
:10A900000000000000000000000000000000000047
:10A910000000000000000000000000000000000037
:10A920000000000000000000000000000000000027
:10A930000000000000000000000000000000000017
:10A940000000000000000000000000000000000007
:10A9500000000000000000000000000000000000F7
:10A9600000000000000000000000000000000000E7
:10A9700000000000000000000000000000000000D7
:10A9800000000000000000000000000000000000C7
:10A9900000000000000000000000000000000000B7
:10A9A00000000000000000000000000000000000A7
:10A9B0000000000000000000000000000000000097
:10A9C0000000000000000000000000000000000087
:10A9D0000000000000000000000000000000000077
:10A9E0000000000000000000000000000000000067
:10A9F0000000000000000000000000000000000057
:10AA00000000000000000000000000000000000046
:10AA10000000000000000000000000000000000036
:10AA20000000000000000000000000000000000026
:10AA30000000000000000000000000000000000016
:10AA40000000000000000000000000000000000006
:10AA500000000000000000000000000000000000F6
:10AA600000000000000000000000000000000000E6
:10AA700000000000000000000000000000000000D6
:10AA800000000000000000000000000000000000C6
:10AA900000000000000000000000000000000000B6
:10AAA00000000000000000000000000000000000A6
:10AAB0000000000000000000000000000000000096
:10AAC0000000000000000000000000000000000086
:10AAD0000000000000000000000000000000000076
:10AAE0000000000000000000000000000000000066
:10AAF0000000000000000000000000000000000056
:10AB00000000000000000000000000000000000045
:10AB10000000000000000000000000000000000035
:10AB20000000000000000000000000000000000025
:10AB30000000000000000000000000000000000015
:10AB40000000000000000000000000000000000005
:10AB500000000000000000000000000000000000F5
:10AB600000000000000000000000000000000000E5
:10AB700000000000000000000000000000000000D5
:10AB800000000000000000000000000000000000C5
:10AB900000000000000000000000000000000000B5
:10ABA00000000000000000000000000000000000A5
:10ABB0000000000000000000000000000000000095
:10ABC0000000000000000000000000000000000085
:10ABD0000000000000000000000000000000000075
:10ABE0000000000000000000000000000000000065
:10ABF0000000000000000000000000000000000055
:10AC00000000000000000000000000000000000044
:10AC10000000000000000000000000000000000034
:10AC20000000000000000000000000000000000024
:10AC30000000000000000000000000000000000014
:10AC40000000000000000000000000000000000004
:10AC500000000000000000000000000000000000F4
:10AC600000000000000000000000000000000000E4
:10AC700000000000000000000000000000000000D4
:10AC800000000000000000000000000000000000C4
:10AC900000000000000000000000000000000000B4
:10ACA00000000000000000000000000000000000A4
:10ACB0000000000000000000000000000000000094
:10ACC0000000000000000000000000000000000084
:10ACD0000000000000000000000000000000000074
:10ACE0000000000000000000000000000000000064
:10ACF0000000000000000000000000000000000054
:10AD00000000000000000000000000000000000043
:10AD10000000000000000000000000000000000033
:10AD20000000000000000000000000000000000023
:10AD30000000000000000000000000000000000013
:10AD40000000000000000000000000000000000003
:10AD500000000000000000000000000000000000F3
:10AD600000000000000000000000000000000000E3
:10AD700000000000000000000000000000000000D3
:10AD800000000000000000000000000000000000C3
:10AD900000000000000000000000000000000000B3
:10ADA00000000000000000000000000000000000A3
:10ADB0000000000000000000000000000000000093
:10ADC0000000000000000000000000000000000083
:10ADD0000000000000000000000000000000000073
:10ADE0000000000000000000000000000000000063
:10ADF0000000000000000000000000000000000053
:10AE00000000000000000000000000000000000042
:10AE10000000000000000000000000000000000032
:10AE20000000000000000000000000000000000022
:10AE30000000000000000000000000000000000012
:10AE40000000000000000000000000000000000002
:10AE500000000000000000000000000000000000F2
:10AE600000000000000000000000000000000000E2
:10AE700000000000000000000000000000000000D2
:10AE800000000000000000000000000000000000C2
:10AE900000000000000000000000000000000000B2
:10AEA00000000000000000000000000000000000A2
:10AEB0000000000000000000000000000000000092
:10AEC0000000000000000000000000000000000082
:10AED0000000000000000000000000000000000072
:10AEE0000000000000000000000000000000000062
:10AEF0000000000000000000000000000000000052
:10AF00000000000000000000000000000000000041
:10AF10000000000000000000000000000000000031
:10AF20000000000000000000000000000000000021
:10AF30000000000000000000000000000000000011
:10AF40000000000000000000000000000000000001
:10AF500000000000000000000000000000000000F1
:10AF600000000000000000000000000000000000E1
:10AF700000000000000000000000000000000000D1
:10AF800000000000000000000000000000000000C1
:10AF900000000000000000000000000000000000B1
:10AFA00000000000000000000000000000000000A1
:10AFB0000000000000000000000000000000000091
:10AFC0000000000000000000000000000000000081
:10AFD0000000000000000000000000000000000071
:10AFE0000000000000000000000000000000000061
:10AFF0000000000000000000000000000000000051
:10B000000000000000000000000000000000000040
:10B010000000000000000000000000000000000030
:10B020000000000000000000000000000000000020
:10B030000000000000000000000000000000000010
:10B040000000000000000000000000000000000000
:10B0500000000000000000000000000000000000F0
:10B0600000000000000000000000000000000000E0
:10B0700000000000000000000000000000000000D0
:10B0800000000000000000000000000000000000C0
:10B0900000000000000000000000000000000000B0
:10B0A00000000000000000000000000000000000A0
:10B0B0000000000000000000000000000000000090
:10B0C0000000000000000000000000000000000080
:10B0D0000000000000000000000000000000000070
:10B0E0000000000000000000000000000000000060
:10B0F0000000000000000000000000000000000050
:10B10000000000000000000000000000000000003F
:10B11000000000000000000000000000000000002F
:10B12000000000000000000000000000000000001F
:10B13000000000000000000000000000000000000F
:10B1400000000000000000000000000000000000FF
:10B1500000000000000000000000000000000000EF
:10B1600000000000000000000000000000000000DF
:10B1700000000000000000000000000000000000CF
:10B1800000000000000000000000000000000000BF
:10B1900000000000000000000000000000000000AF
:10B1A000000000000000000000000000000000009F
:10B1B000000000000000000000000000000000008F
:10B1C000000000000000000000000000000000007F
:10B1D000000000000000000000000000000000006F
:10B1E000000000000000000000000000000000005F
:10B1F000000000000000000000000000000000004F
:10B20000000000000000000000000000000000003E
:10B21000000000000000000000000000000000002E
:10B22000000000000000000000000000000000001E
:10B23000000000000000000000000000000000000E
:10B2400000000000000000000000000000000000FE
:10B2500000000000000000000000000000000000EE
:10B2600000000000000000000000000000000000DE
:10B2700000000000000000000000000000000000CE
:10B2800000000000000000000000000000000000BE
:10B2900000000000000000000000000000000000AE
:10B2A000000000000000000000000000000000009E
:10B2B000000000000000000000000000000000008E
:10B2C000000000000000000000000000000000007E
:10B2D000000000000000000000000000000000006E
:10B2E000000000000000000000000000000000005E
:10B2F000000000000000000000000000000000004E
:10B30000000000000000000000000000000000003D
:10B31000000000000000000000000000000000002D
:10B32000000000000000000000000000000000001D
:10B33000000000000000000000000000000000000D
:10B3400000000000000000000000000000000000FD
:10B3500000000000000000000000000000000000ED
:10B3600000000000000000000000000000000000DD
:10B3700000000000000000000000000000000000CD
:10B3800000000000000000000000000000000000BD
:10B3900000000000000000000000000000000000AD
:10B3A000000000000000000000000000000000009D
:10B3B000000000000000000000000000000000008D
:10B3C000000000000000000000000000000000007D
:10B3D000000000000000000000000000000000006D
:10B3E000000000000000000000000000000000005D
:10B3F000000000000000000000000000000000004D
:10B40000000000000000000000000000000000003C
:10B41000000000000000000000000000000000002C
:10B42000000000000000000000000000000000001C
:10B43000000000000000000000000000000000000C
:10B4400000000000000000000000000000000000FC
:10B4500000000000000000000000000000000000EC
:10B4600000000000000000000000000000000000DC
:10B4700000000000000000000000000000000000CC
:10B4800000000000000000000000000000000000BC
:10B4900000000000000000000000000000000000AC
:10B4A000000000000000000000000000000000009C
:10B4B000000000000000000000000000000000008C
:10B4C000000000000000000000000000000000007C
:10B4D000000000000000000000000000000000006C
:10B4E000000000000000000000000000000000005C
:10B4F000000000000000000000000000000000004C
:10B50000000000000000000000000000000000003B
:10B51000000000000000000000000000000000002B
:10B52000000000000000000000000000000000001B
:10B53000000000000000000000000000000000000B
:10B5400000000000000000000000000000000000FB
:10B5500000000000000000000000000000000000EB
:10B5600000000000000000000000000000000000DB
:10B5700000000000000000000000000000000000CB
:10B5800000000000000000000000000000000000BB
:10B5900000000000000000000000000000000000AB
:10B5A000000000000000000000000000000000009B
:10B5B000000000000000000000000000000000008B
:10B5C000000000000000000000000000000000007B
:10B5D000000000000000000000000000000000006B
:10B5E000000000000000000000000000000000005B
:10B5F000000000000000000000000000000000004B
:10B60000000000000000000000000000000000003A
:10B61000000000000000000000000000000000002A
:10B62000000000000000000000000000000000001A
:10B63000000000000000000000000000000000000A
:10B6400000000000000000000000000000000000FA
:10B6500000000000000000000000000000000000EA
:10B6600000000000000000000000000000000000DA
:10B6700000000000000000000000000000000000CA
:10B6800000000000000000000000000000000000BA
:10B6900000000000000000000000000000000000AA
:10B6A000000000000000000000000000000000009A
:10B6B000000000000000000000000000000000008A
:10B6C000000000000000000000000000000000007A
:10B6D000000000000000000000000000000000006A
:10B6E000000000000000000000000000000000005A
:10B6F000000000000000000000000000000000004A
:10B700000000000000000000000000000000000039
:10B710000000000000000000000000000000000029
:10B720000000000000000000000000000000000019
:10B730000000000000000000000000000000000009
:10B7400000000000000000000000000000000000F9
:10B7500000000000000000000000000000000000E9
:10B7600000000000000000000000000000000000D9
:10B7700000000000000000000000000000000000C9
:10B7800000000000000000000000000000000000B9
:10B7900000000000000000000000000000000000A9
:10B7A0000000000000000000000000000000000099
:10B7B0000000000000000000000000000000000089
:10B7C0000000000000000000000000000000000079
:10B7D0000000000000000000000000000000000069
:10B7E0000000000000000000000000000000000059
:10B7F0000000000000000000000000000000000049
:10B800000000000000000000000000000000000038
:10B810000000000000000000000000000000000028
:10B820000000000000000000000000000000000018
:10B830000000000000000000000000000000000008
:10B8400000000000000000000000000000000000F8
:10B8500000000000000000000000000000000000E8
:10B8600000000000000000000000000000000000D8
:10B8700000000000000000000000000000000000C8
:10B8800000000000000000000000000000000000B8
:10B8900000000000000000000000000000000000A8
:10B8A0000000000000000000000000000000000098
:10B8B0000000000000000000000000000000000088
:10B8C0000000000000000000000000000000000078
:10B8D0000000000000000000000000000000000068
:10B8E0000000000000000000000000000000000058
:10B8F0000000000000000000000000000000000048
:10B900000000000000000000000000000000000037
:10B910000000000000000000000000000000000027
:10B920000000000000000000000000000000000017
:10B930000000000000000000000000000000000007
:10B9400000000000000000000000000000000000F7
:10B9500000000000000000000000000000000000E7
:10B9600000000000000000000000000000000000D7
:10B9700000000000000000000000000000000000C7
:10B9800000000000000000000000000000000000B7
:10B9900000000000000000000000000000000000A7
:10B9A0000000000000000000000000000000000097
:10B9B0000000000000000000000000000000000087
:10B9C0000000000000000000000000000000000077
:10B9D0000000000000000000000000000000000067
:10B9E0000000000000000000000000000000000057
:10B9F0000000000000000000000000000000000047
:10BA00000000000000000000000000000000000036
:10BA10000000000000000000000000000000000026
:10BA20000000000000000000000000000000000016
:10BA30000000000000000000000000000000000006
:10BA400000000000000000000000000000000000F6
:10BA500000000000000000000000000000000000E6
:10BA600000000000000000000000000000000000D6
:10BA700000000000000000000000000000000000C6
:10BA800000000000000000000000000000000000B6
:10BA900000000000000000000000000000000000A6
:10BAA0000000000000000000000000000000000096
:10BAB0000000000000000000000000000000000086
:10BAC0000000000000000000000000000000000076
:10BAD0000000000000000000000000000000000066
:10BAE0000000000000000000000000000000000056
:10BAF0000000000000000000000000000000000046
:10BB00000000000000000000000000000000000035
:10BB10000000000000000000000000000000000025
:10BB20000000000000000000000000000000000015
:10BB30000000000000000000000000000000000005
:10BB400000000000000000000000000000000000F5
:10BB500000000000000000000000000000000000E5
:10BB600000000000000000000000000000000000D5
:10BB700000000000000000000000000000000000C5
:10BB800000000000000000000000000000000000B5
:10BB900000000000000000000000000000000000A5
:10BBA0000000000000000000000000000000000095
:10BBB0000000000000000000000000000000000085
:10BBC0000000000000000000000000000000000075
:10BBD0000000000000000000000000000000000065
:10BBE0000000000000000000000000000000000055
:10BBF0000000000000000000000000000000000045
:10BC00000000000000000000000000000000000034
:10BC10000000000000000000000000000000000024
:10BC20000000000000000000000000000000000014
:10BC30000000000000000000000000000000000004
:10BC400000000000000000000000000000000000F4
:10BC500000000000000000000000000000000000E4
:10BC600000000000000000000000000000000000D4
:10BC700000000000000000000000000000000000C4
:10BC800000000000000000000000000000000000B4
:10BC900000000000000000000000000000000000A4
:10BCA0000000000000000000000000000000000094
:10BCB0000000000000000000000000000000000084
:10BCC0000000000000000000000000000000000074
:10BCD0000000000000000000000000000000000064
:10BCE0000000000000000000000000000000000054
:10BCF0000000000000000000000000000000000044
:10BD00000000000000000000000000000000000033
:10BD10000000000000000000000000000000000023
:10BD20000000000000000000000000000000000013
:10BD30000000000000000000000000000000000003
:10BD400000000000000000000000000000000000F3
:10BD500000000000000000000000000000000000E3
:10BD600000000000000000000000000000000000D3
:10BD700000000000000000000000000000000000C3
:10BD800000000000000000000000000000000000B3
:10BD900000000000000000000000000000000000A3
:10BDA0000000000000000000000000000000000093
:10BDB0000000000000000000000000000000000083
:10BDC0000000000000000000000000000000000073
:10BDD0000000000000000000000000000000000063
:10BDE0000000000000000000000000000000000053
:10BDF0000000000000000000000000000000000043
:10BE00000000000000000000000000000000000032
:10BE10000000000000000000000000000000000022
:10BE20000000000000000000000000000000000012
:10BE30000000000000000000000000000000000002
:10BE400000000000000000000000000000000000F2
:10BE500000000000000000000000000000000000E2
:10BE600000000000000000000000000000000000D2
:10BE700000000000000000000000000000000000C2
:10BE800000000000000000000000000000000000B2
:10BE900000000000000000000000000000000000A2
:10BEA0000000000000000000000000000000000092
:10BEB0000000000000000000000000000000000082
:10BEC0000000000000000000000000000000000072
:10BED0000000000000000000000000000000000062
:10BEE0000000000000000000000000000000000052
:10BEF0000000000000000000000000000000000042
:10BF00000000000000000000000000000000000031
:10BF10000000000000000000000000000000000021
:10BF20000000000000000000000000000000000011
:10BF30000000000000000000000000000000000001
:10BF400000000000000000000000000000000000F1
:10BF500000000000000000000000000000000000E1
:10BF600000000000000000000000000000000000D1
:10BF700000000000000000000000000000000000C1
:10BF800000000000000000000000000000000000B1
:10BF900000000000000000000000000000000000A1
:10BFA0000000000000000000000000000000000091
:10BFB0000000000000000000000000000000000081
:10BFC0000000000000000000000000000000000071
:10BFD0000000000000000000000000000000000061
:10BFE0000000000000000000000000000000000051
:10BFF0000000000000000000000000000000000041
:10C000000000000000000000000000000000000030
:10C010000000000000000000000000000000000020
:10C020000000000000000000000000000000000010
:10C030000000000000000000000000000000000000
:10C0400000000000000000000000000000000000F0
:10C0500000000000000000000000000000000000E0
:10C0600000000000000000000000000000000000D0
:10C0700000000000000000000000000000000000C0
:10C0800000000000000000000000000000000000B0
:10C0900000000000000000000000000000000000A0
:10C0A0000000000000000000000000000000000090
:10C0B0000000000000000000000000000000000080
:10C0C0000000000000000000000000000000000070
:10C0D0000000000000000000000000000000000060
:10C0E0000000000000000000000000000000000050
:10C0F0000000000000000000000000000000000040
:10C10000000000000000000000000000000000002F
:10C11000000000000000000000000000000000001F
:10C12000000000000000000000000000000000000F
:10C1300000000000000000000000000000000000FF
:10C1400000000000000000000000000000000000EF
:10C1500000000000000000000000000000000000DF
:10C1600000000000000000000000000000000000CF
:10C1700000000000000000000000000000000000BF
:10C1800000000000000000000000000000000000AF
:10C19000000000000000000000000000000000009F
:10C1A000000000000000000000000000000000008F
:10C1B000000000000000000000000000000000007F
:10C1C000000000000000000000000000000000006F
:10C1D000000000000000000000000000000000005F
:10C1E000000000000000000000000000000000004F
:10C1F000000000000000000000000000000000003F
:10C20000000000000000000000000000000000002E
:10C21000000000000000000000000000000000001E
:10C22000000000000000000000000000000000000E
:10C2300000000000000000000000000000000000FE
:10C2400000000000000000000000000000000000EE
:10C2500000000000000000000000000000000000DE
:10C2600000000000000000000000000000000000CE
:10C2700000000000000000000000000000000000BE
:10C2800000000000000000000000000000000000AE
:10C29000000000000000000000000000000000009E
:10C2A000000000000000000000000000000000008E
:10C2B000000000000000000000000000000000007E
:10C2C000000000000000000000000000000000006E
:10C2D000000000000000000000000000000000005E
:10C2E000000000000000000000000000000000004E
:10C2F000000000000000000000000000000000003E
:10C30000000000000000000000000000000000002D
:10C31000000000000000000000000000000000001D
:10C32000000000000000000000000000000000000D
:10C3300000000000000000000000000000000000FD
:10C3400000000000000000000000000000000000ED
:10C3500000000000000000000000000000000000DD
:10C3600000000000000000000000000000000000CD
:10C3700000000000000000000000000000000000BD
:10C3800000000000000000000000000000000000AD
:10C39000000000000000000000000000000000009D
:10C3A000000000000000000000000000000000008D
:10C3B000000000000000000000000000000000007D
:10C3C000000000000000000000000000000000006D
:10C3D000000000000000000000000000000000005D
:10C3E000000000000000000000000000000000004D
:10C3F000000000000000000000000000000000003D
:10C40000000000000000000000000000000000002C
:10C41000000000000000000000000000000000001C
:10C42000000000000000000000000000000000000C
:10C4300000000000000000000000000000000000FC
:10C4400000000000000000000000000000000000EC
:10C4500000000000000000000000000000000000DC
:10C4600000000000000000000000000000000000CC
:10C4700000000000000000000000000000000000BC
:10C4800000000000000000000000000000000000AC
:10C49000000000000000000000000000000000009C
:10C4A000000000000000000000000000000000008C
:10C4B000000000000000000000000000000000007C
:10C4C000000000000000000000000000000000006C
:10C4D000000000000000000000000000000000005C
:10C4E000000000000000000000000000000000004C
:10C4F000000000000000000000000000000000003C
:10C50000000000000000000000000000000000002B
:10C51000000000000000000000000000000000001B
:10C52000000000000000000000000000000000000B
:10C5300000000000000000000000000000000000FB
:10C5400000000000000000000000000000000000EB
:10C5500000000000000000000000000000000000DB
:10C5600000000000000000000000000000000000CB
:10C5700000000000000000000000000000000000BB
:10C5800000000000000000000000000000000000AB
:10C59000000000000000000000000000000000009B
:10C5A000000000000000000000000000000000008B
:10C5B000000000000000000000000000000000007B
:10C5C000000000000000000000000000000000006B
:10C5D000000000000000000000000000000000005B
:10C5E000000000000000000000000000000000004B
:10C5F000000000000000000000000000000000003B
:10C60000000000000000000000000000000000002A
:10C61000000000000000000000000000000000001A
:10C62000000000000000000000000000000000000A
:10C6300000000000000000000000000000000000FA
:10C6400000000000000000000000000000000000EA
:10C6500000000000000000000000000000000000DA
:10C6600000000000000000000000000000000000CA
:10C6700000000000000000000000000000000000BA
:10C6800000000000000000000000000000000000AA
:10C69000000000000000000000000000000000009A
:10C6A000000000000000000000000000000000008A
:10C6B000000000000000000000000000000000007A
:10C6C000000000000000000000000000000000006A
:10C6D000000000000000000000000000000000005A
:10C6E000000000000000000000000000000000004A
:10C6F000000000000000000000000000000000003A
:10C700000000000000000000000000000000000029
:10C710000000000000000000000000000000000019
:10C720000000000000000000000000000000000009
:10C7300000000000000000000000000000000000F9
:10C7400000000000000000000000000000000000E9
:10C7500000000000000000000000000000000000D9
:10C7600000000000000000000000000000000000C9
:10C7700000000000000000000000000000000000B9
:10C7800000000000000000000000000000000000A9
:10C790000000000000000000000000000000000099
:10C7A0000000000000000000000000000000000089
:10C7B0000000000000000000000000000000000079
:10C7C0000000000000000000000000000000000069
:10C7D0000000000000000000000000000000000059
:10C7E0000000000000000000000000000000000049
:10C7F0000000000000000000000000000000000039
:10C800000000000000000000000000000000000028
:10C810000000000000000000000000000000000018
:10C820000000000000000000000000000000000008
:10C8300000000000000000000000000000000000F8
:10C8400000000000000000000000000000000000E8
:10C8500000000000000000000000000000000000D8
:10C8600000000000000000000000000000000000C8
:10C8700000000000000000000000000000000000B8
:10C8800000000000000000000000000000000000A8
:10C890000000000000000000000000000000000098
:10C8A0000000000000000000000000000000000088
:10C8B0000000000000000000000000000000000078
:10C8C0000000000000000000000000000000000068
:10C8D0000000000000000000000000000000000058
:10C8E0000000000000000000000000000000000048
:10C8F0000000000000000000000000000000000038
:10C900000000000000000000000000000000000027
:10C910000000000000000000000000000000000017
:10C920000000000000000000000000000000000007
:10C9300000000000000000000000000000000000F7
:10C9400000000000000000000000000000000000E7
:10C9500000000000000000000000000000000000D7
:10C9600000000000000000000000000000000000C7
:10C9700000000000000000000000000000000000B7
:10C9800000000000000000000000000000000000A7
:10C990000000000000000000000000000000000097
:10C9A0000000000000000000000000000000000087
:10C9B0000000000000000000000000000000000077
:10C9C0000000000000000000000000000000000067
:10C9D0000000000000000000000000000000000057
:10C9E0000000000000000000000000000000000047
:10C9F0000000000000000000000000000000000037
:10CA00000000000000000000000000000000000026
:10CA10000000000000000000000000000000000016
:10CA20000000000000000000000000000000000006
:10CA300000000000000000000000000000000000F6
:10CA400000000000000000000000000000000000E6
:10CA500000000000000000000000000000000000D6
:10CA600000000000000000000000000000000000C6
:10CA700000000000000000000000000000000000B6
:10CA800000000000000000000000000000000000A6
:10CA90000000000000000000000000000000000096
:10CAA0000000000000000000000000000000000086
:10CAB0000000000000000000000000000000000076
:10CAC0000000000000000000000000000000000066
:10CAD0000000000000000000000000000000000056
:10CAE0000000000000000000000000000000000046
:10CAF0000000000000000000000000000000000036
:10CB00000000000000000000000000000000000025
:10CB10000000000000000000000000000000000015
:10CB20000000000000000000000000000000000005
:10CB300000000000000000000000000000000000F5
:10CB400000000000000000000000000000000000E5
:10CB500000000000000000000000000000000000D5
:10CB600000000000000000000000000000000000C5
:10CB700000000000000000000000000000000000B5
:10CB800000000000000000000000000000000000A5
:10CB90000000000000000000000000000000000095
:10CBA0000000000000000000000000000000000085
:10CBB0000000000000000000000000000000000075
:10CBC0000000000000000000000000000000000065
:10CBD0000000000000000000000000000000000055
:10CBE0000000000000000000000000000000000045
:10CBF0000000000000000000000000000000000035
:10CC00000000000000000000000000000000000024
:10CC10000000000000000000000000000000000014
:10CC20000000000000000000000000000000000004
:10CC300000000000000000000000000000000000F4
:10CC400000000000000000000000000000000000E4
:10CC500000000000000000000000000000000000D4
:10CC600000000000000000000000000000000000C4
:10CC700000000000000000000000000000000000B4
:10CC800000000000000000000000000000000000A4
:10CC90000000000000000000000000000000000094
:10CCA0000000000000000000000000000000000084
:10CCB0000000000000000000000000000000000074
:10CCC0000000000000000000000000000000000064
:10CCD0000000000000000000000000000000000054
:10CCE0000000000000000000000000000000000044
:10CCF0000000000000000000000000000000000034
:10CD00000000000000000000000000000000000023
:10CD10000000000000000000000000000000000013
:10CD20000000000000000000000000000000000003
:10CD300000000000000000000000000000000000F3
:10CD400000000000000000000000000000000000E3
:10CD500000000000000000000000000000000000D3
:10CD600000000000000000000000000000000000C3
:10CD700000000000000000000000000000000000B3
:10CD800000000000000000000000000000000000A3
:10CD90000000000000000000000000000000000093
:10CDA0000000000000000000000000000000000083
:10CDB0000000000000000000000000000000000073
:10CDC0000000000000000000000000000000000063
:10CDD0000000000000000000000000000000000053
:10CDE0000000000000000000000000000000000043
:10CDF0000000000000000000000000000000000033
:10CE00000000000000000000000000000000000022
:10CE10000000000000000000000000000000000012
:10CE20000000000000000000000000000000000002
:10CE300000000000000000000000000000000000F2
:10CE400000000000000000000000000000000000E2
:10CE500000000000000000000000000000000000D2
:10CE600000000000000000000000000000000000C2
:10CE700000000000000000000000000000000000B2
:10CE800000000000000000000000000000000000A2
:10CE90000000000000000000000000000000000092
:10CEA0000000000000000000000000000000000082
:10CEB0000000000000000000000000000000000072
:10CEC0000000000000000000000000000000000062
:10CED0000000000000000000000000000000000052
:10CEE0000000000000000000000000000000000042
:10CEF0000000000000000000000000000000000032
:10CF00000000000000000000000000000000000021
:10CF10000000000000000000000000000000000011
:10CF20000000000000000000000000000000000001
:10CF300000000000000000000000000000000000F1
:10CF400000000000000000000000000000000000E1
:10CF500000000000000000000000000000000000D1
:10CF600000000000000000000000000000000000C1
:10CF700000000000000000000000000000000000B1
:10CF800000000000000000000000000000000000A1
:10CF90000000000000000000000000000000000091
:10CFA0000000000000000000000000000000000081
:10CFB0000000000000000000000000000000000071
:10CFC0000000000000000000000000000000000061
:10CFD0000000000000000000000000000000000051
:10CFE0000000000000000000000000000000000041
:10CFF0000000000000000000000000000000000031
:10D000000000000000000000000000000000000020
:10D010000000000000000000000000000000000010
:10D020000000000000000000000000000000000000
:10D0300000000000000000000000000000000000F0
:10D0400000000000000000000000000000000000E0
:10D0500000000000000000000000000000000000D0
:10D0600000000000000000000000000000000000C0
:10D0700000000000000000000000000000000000B0
:10D0800000000000000000000000000000000000A0
:10D090000000000000000000000000000000000090
:10D0A0000000000000000000000000000000000080
:10D0B0000000000000000000000000000000000070
:10D0C0000000000000000000000000000000000060
:10D0D0000000000000000000000000000000000050
:10D0E0000000000000000000000000000000000040
:10D0F0000000000000000000000000000000000030
:10D10000000000000000000000000000000000001F
:10D11000000000000000000000000000000000000F
:10D1200000000000000000000000000000000000FF
:10D1300000000000000000000000000000000000EF
:10D1400000000000000000000000000000000000DF
:10D1500000000000000000000000000000000000CF
:10D1600000000000000000000000000000000000BF
:10D1700000000000000000000000000000000000AF
:10D18000000000000000000000000000000000009F
:10D19000000000000000000000000000000000008F
:10D1A000000000000000000000000000000000007F
:10D1B000000000000000000000000000000000006F
:10D1C000000000000000000000000000000000005F
:10D1D000000000000000000000000000000000004F
:10D1E000000000000000000000000000000000003F
:10D1F000000000000000000000000000000000002F
:10D20000000000000000000000000000000000001E
:10D21000000000000000000000000000000000000E
:10D2200000000000000000000000000000000000FE
:10D2300000000000000000000000000000000000EE
:10D2400000000000000000000000000000000000DE
:10D2500000000000000000000000000000000000CE
:10D2600000000000000000000000000000000000BE
:10D2700000000000000000000000000000000000AE
:10D28000000000000000000000000000000000009E
:10D29000000000000000000000000000000000008E
:10D2A000000000000000000000000000000000007E
:10D2B000000000000000000000000000000000006E
:10D2C000000000000000000000000000000000005E
:10D2D000000000000000000000000000000000004E
:10D2E000000000000000000000000000000000003E
:10D2F000000000000000000000000000000000002E
:10D30000000000000000000000000000000000001D
:10D31000000000000000000000000000000000000D
:10D3200000000000000000000000000000000000FD
:10D3300000000000000000000000000000000000ED
:10D3400000000000000000000000000000000000DD
:10D3500000000000000000000000000000000000CD
:10D3600000000000000000000000000000000000BD
:10D3700000000000000000000000000000000000AD
:10D38000000000000000000000000000000000009D
:10D39000000000000000000000000000000000008D
:10D3A000000000000000000000000000000000007D
:10D3B000000000000000000000000000000000006D
:10D3C000000000000000000000000000000000005D
:10D3D000000000000000000000000000000000004D
:10D3E000000000000000000000000000000000003D
:10D3F000000000000000000000000000000000002D
:10D40000000000000000000000000000000000001C
:10D41000000000000000000000000000000000000C
:10D4200000000000000000000000000000000000FC
:10D4300000000000000000000000000000000000EC
:10D4400000000000000000000000000000000000DC
:10D4500000000000000000000000000000000000CC
:10D4600000000000000000000000000000000000BC
:10D4700000000000000000000000000000000000AC
:10D48000000000000000000000000000000000009C
:10D49000000000000000000000000000000000008C
:10D4A000000000000000000000000000000000007C
:10D4B000000000000000000000000000000000006C
:10D4C000000000000000000000000000000000005C
:10D4D000000000000000000000000000000000004C
:10D4E000000000000000000000000000000000003C
:10D4F000000000000000000000000000000000002C
:10D50000000000000000000000000000000000001B
:10D51000000000000000000000000000000000000B
:10D5200000000000000000000000000000000000FB
:10D5300000000000000000000000000000000000EB
:10D5400000000000000000000000000000000000DB
:10D5500000000000000000000000000000000000CB
:10D5600000000000000000000000000000000000BB
:10D5700000000000000000000000000000000000AB
:10D58000000000000000000000000000000000009B
:10D59000000000000000000000000000000000008B
:10D5A000000000000000000000000000000000007B
:10D5B000000000000000000000000000000000006B
:10D5C000000000000000000000000000000000005B
:10D5D000000000000000000000000000000000004B
:10D5E000000000000000000000000000000000003B
:10D5F000000000000000000000000000000000002B
:10D60000000000000000000000000000000000001A
:10D61000000000000000000000000000000000000A
:10D6200000000000000000000000000000000000FA
:10D6300000000000000000000000000000000000EA
:10D6400000000000000000000000000000000000DA
:10D6500000000000000000000000000000000000CA
:10D6600000000000000000000000000000000000BA
:10D6700000000000000000000000000000000000AA
:10D68000000000000000000000000000000000009A
:10D69000000000000000000000000000000000008A
:10D6A000000000000000000000000000000000007A
:10D6B000000000000000000000000000000000006A
:10D6C000000000000000000000000000000000005A
:10D6D000000000000000000000000000000000004A
:10D6E000000000000000000000000000000000003A
:10D6F000000000000000000000000000000000002A
:10D700000000000000000000000000000000000019
:10D710000000000000000000000000000000000009
:10D7200000000000000000000000000000000000F9
:10D7300000000000000000000000000000000000E9
:10D7400000000000000000000000000000000000D9
:10D7500000000000000000000000000000000000C9
:10D7600000000000000000000000000000000000B9
:10D7700000000000000000000000000000000000A9
:10D780000000000000000000000000000000000099
:10D790000000000000000000000000000000000089
:10D7A0000000000000000000000000000000000079
:10D7B0000000000000000000000000000000000069
:10D7C0000000000000000000000000000000000059
:10D7D0000000000000000000000000000000000049
:10D7E0000000000000000000000000000000000039
:10D7F0000000000000000000000000000000000029
:10D800000000000000000000000000000000000018
:10D810000000000000000000000000000000000008
:10D8200000000000000000000000000000000000F8
:10D8300000000000000000000000000000000000E8
:10D8400000000000000000000000000000000000D8
:10D8500000000000000000000000000000000000C8
:10D8600000000000000000000000000000000000B8
:10D8700000000000000000000000000000000000A8
:10D880000000000000000000000000000000000098
:10D890000000000000000000000000000000000088
:10D8A0000000000000000000000000000000000078
:10D8B0000000000000000000000000000000000068
:10D8C0000000000000000000000000000000000058
:10D8D0000000000000000000000000000000000048
:10D8E0000000000000000000000000000000000038
:10D8F0000000000000000000000000000000000028
:10D900000000000000000000000000000000000017
:10D910000000000000000000000000000000000007
:10D9200000000000000000000000000000000000F7
:10D9300000000000000000000000000000000000E7
:10D9400000000000000000000000000000000000D7
:10D9500000000000000000000000000000000000C7
:10D9600000000000000000000000000000000000B7
:10D9700000000000000000000000000000000000A7
:10D980000000000000000000000000000000000097
:10D990000000000000000000000000000000000087
:10D9A0000000000000000000000000000000000077
:10D9B0000000000000000000000000000000000067
:10D9C0000000000000000000000000000000000057
:10D9D0000000000000000000000000000000000047
:10D9E0000000000000000000000000000000000037
:10D9F0000000000000000000000000000000000027
:10DA00000000000000000000000000000000000016
:10DA10000000000000000000000000000000000006
:10DA200000000000000000000000000000000000F6
:10DA300000000000000000000000000000000000E6
:10DA400000000000000000000000000000000000D6
:10DA500000000000000000000000000000000000C6
:10DA600000000000000000000000000000000000B6
:10DA700000000000000000000000000000000000A6
:10DA80000000000000000000000000000000000096
:10DA90000000000000000000000000000000000086
:10DAA0000000000000000000000000000000000076
:10DAB0000000000000000000000000000000000066
:10DAC0000000000000000000000000000000000056
:10DAD0000000000000000000000000000000000046
:10DAE0000000000000000000000000000000000036
:10DAF0000000000000000000000000000000000026
:10DB00000000000000000000000000000000000015
:10DB10000000000000000000000000000000000005
:10DB200000000000000000000000000000000000F5
:10DB300000000000000000000000000000000000E5
:10DB400000000000000000000000000000000000D5
:10DB500000000000000000000000000000000000C5
:10DB600000000000000000000000000000000000B5
:10DB700000000000000000000000000000000000A5
:10DB80000000000000000000000000000000000095
:10DB90000000000000000000000000000000000085
:10DBA0000000000000000000000000000000000075
:10DBB0000000000000000000000000000000000065
:10DBC0000000000000000000000000000000000055
:10DBD0000000000000000000000000000000000045
:10DBE0000000000000000000000000000000000035
:10DBF0000000000000000000000000000000000025
:10DC00000000000000000000000000000000000014
:10DC10000000000000000000000000000000000004
:10DC200000000000000000000000000000000000F4
:10DC300000000000000000000000000000000000E4
:10DC400000000000000000000000000000000000D4
:10DC500000000000000000000000000000000000C4
:10DC600000000000000000000000000000000000B4
:10DC700000000000000000000000000000000000A4
:10DC80000000000000000000000000000000000094
:10DC90000000000000000000000000000000000084
:10DCA0000000000000000000000000000000000074
:10DCB0000000000000000000000000000000000064
:10DCC0000000000000000000000000000000000054
:10DCD0000000000000000000000000000000000044
:10DCE0000000000000000000000000000000000034
:10DCF0000000000000000000000000000000000024
:10DD00000000000000000000000000000000000013
:10DD10000000000000000000000000000000000003
:10DD200000000000000000000000000000000000F3
:10DD300000000000000000000000000000000000E3
:10DD400000000000000000000000000000000000D3
:10DD500000000000000000000000000000000000C3
:10DD600000000000000000000000000000000000B3
:10DD700000000000000000000000000000000000A3
:10DD80000000000000000000000000000000000093
:10DD90000000000000000000000000000000000083
:10DDA0000000000000000000000000000000000073
:10DDB0000000000000000000000000000000000063
:10DDC0000000000000000000000000000000000053
:10DDD0000000000000000000000000000000000043
:10DDE0000000000000000000000000000000000033
:10DDF0000000000000000000000000000000000023
:10DE00000000000000000000000000000000000012
:10DE10000000000000000000000000000000000002
:10DE200000000000000000000000000000000000F2
:10DE300000000000000000000000000000000000E2
:10DE400000000000000000000000000000000000D2
:10DE500000000000000000000000000000000000C2
:10DE600000000000000000000000000000000000B2
:10DE700000000000000000000000000000000000A2
:10DE80000000000000000000000000000000000092
:10DE90000000000000000000000000000000000082
:10DEA0000000000000000000000000000000000072
:10DEB0000000000000000000000000000000000062
:10DEC0000000000000000000000000000000000052
:10DED0000000000000000000000000000000000042
:10DEE0000000000000000000000000000000000032
:10DEF0000000000000000000000000000000000022
:10DF00000000000000000000000000000000000011
:10DF10000000000000000000000000000000000001
:10DF200000000000000000000000000000000000F1
:10DF300000000000000000000000000000000000E1
:10DF400000000000000000000000000000000000D1
:10DF500000000000000000000000000000000000C1
:10DF600000000000000000000000000000000000B1
:10DF700000000000000000000000000000000000A1
:10DF80000000000000000000000000000000000091
:10DF90000000000000000000000000000000000081
:10DFA0000000000000000000000000000000000071
:10DFB0000000000000000000000000000000000061
:10DFC0000000000000000000000000000000000051
:10DFD0000000000000000000000000000000000041
:10DFE0000000000000000000000000000000000031
:10DFF0000000000000000000000000000000000021
:10E000000220A2FF9AA90185F7A90085BDA5DA29FA
:10E0100080C980F043A5DA2940C940F03EA5DA293D
:10E0200010C910F03CA5DA2908C908F037A5DA298B
:10E0300004C904F032A5DA2902C902F02DA5DA29B3
:10E0400001C901F028A5DB2980C980F023A5DB29BF
:10E0500040C940F01E4CA7224C79204C1E214C3F59
:10E06000214C56214C65214C74214C84214CB72104
:10E070004CCE214C90224CA722A90185F7A90085FE
:10E08000BDA90085DAA90085DBA90985F7A9018565
:10E09000D7A5FE2930C900F02CA90185F7A9FD8577
:10E0A000BFE6F7A90085BFE6F7A98085BFE6F7A917
:10E0B0009C85BFE6F7A91285BFE6F7A90085BFE6F4
:10E0C000F7A98185BFA90385F7A90385D7A9048589
:10E0D000F7A98085D7A90C85F7A9FF85D7A9018560
:10E0E000F7A90185BDA94185F7A90185CDE6F7A965
:10E0F0000285CDE6F7A90385CDE6F7A90485CDA96C
:10E100000185F7A90085BDA93F85F7A5D729FE851B
:10E11000D7A93F85F7A5D7090185D74CA722A90123
:10E1200085F7A90085BDA9BF85DAA90985F7A902E8
:10E1300085D7A93F85F7A5D729FE85D74CA722A962
:10E140000185F7A90085BDA9DF85DAA90985F7A9A9
:10E150000385D74CA722A9EF85DAA90985F7A90479
:10E1600085D74CA722A9F785DAA90985F7A90585DE
:10E17000D74CA722A9FB85DAA90985F7A90685D777
:10E180004CA72260A9FD85DAA90985F7A90785D7DB
:10E19000A90685F7A9FF85D7A91885F7A90085B134
:10E1A000203E25203325203325203325A91885F747
:10E1B000A98885B14CA722A9FE85DAA90985F7A906
:10E1C0000885D7A90685F7A9FF85D74CA722A901FD
:10E1D00085F7A90085BDA97F85DBA90985F7A90970
:10E1E00085D7203E25203325203325A93B85F7A55B
:10E1F000CFC90DF0034CA7224CFB21203E25203E29
:10E2000025203E25203E25201922207C22A20A8698
:10E21000F785D72044224CF521A90985F7A5BB092C
:10E220000285BB201D25857C20FC24A9C185F7A57E
:10E23000CD29C0C940F021C980F02C200725857A5E
:10E2400020332560857F857B857C201D25A9098558
:10E25000F7A5BB29FD85BB60A90F85F7A5BB0910F4
:10E26000291F85BB4C3B22A90F85F7A5BB09902927
:10E270009F85BB4C3B22A20386F785BB857A203362
:10E28000258570EA8571201D25A573EAEA857B60E6
:10E29000A90185F7A90085BDA9BF85DBA90985F777
:10E2A000A90A85D74CA722A90185F7A90085BDA990
:10E2B0000985F7A90085D785F64C0220A90485F7C2
:10E2C000A5CF091085CFA000BE1027E0FFF026C81B
:10E2D000B9102785F7C8B9102785F1C6F7E6F7C842
:10E2E000B910279500C6F1A5F1C900D0F0C8BE103D
:10E2F00027E0FFD0D3A90485F7A5CF29EF85CFA9C3
:10E300000185F760A90485F7A5CF091085CFA00086
:10E31000BE1028E0FFF026C8B9102885F7C8B9104C
:10E320002885F1C6F7E6F7C8B910289500C6F1A50B
:10E33000F1C900D0F0C8BE1028E0FFD0D3A90485F1
:10E34000F7A5CF29EF85CFA90185F760A90485F747
:10E35000A5CF091085CFA000BE1029E0FFF026C888
:10E36000B9102985F7C8B9102985F1C6F7E6F7C8AD
:10E37000B910299500C6F1A5F1C900D0F0C8BE10AA
:10E3800029E0FFD0D3A90485F7A5CF29EF85CFA930
:10E390000185F760A90485F7A5CF091085CFA000F6
:10E3A000BE102AE0FFF026C8B9102A85F7C8B910B8
:10E3B0002A85F1C6F7E6F7C8B9102A9500C6F1A577
:10E3C000F1C900D0F0C8BE102AE0FFD0D3A904855F
:10E3D000F7A5CF29EF85CFA90185F760A90485F7B7
:10E3E000A5CF091085CFA000BE102BE0FFF026C8F6
:10E3F000B9102B85F7C8B9102B85F1C6F7E6F7C819
:10E40000B9102B9500C6F1A5F1C900D0F0C8BE1017
:10E410002BE0FFD0D3A90485F7A5CF29EF85CFA99D
:10E420000185F760A90485F7A5CF091085CFA00065
:10E43000BE102CE0FFF026C8B9102C85F7C8B91023
:10E440002C85F1C6F7E6F7C8B9102C9500C6F1A5E2
:10E45000F1C900D0F0C8BE102CE0FFD0D3A90485CC
:10E46000F7A5CF29EF85CFA90185F760A90485F726
:10E47000A5CF091085CFA000BE102DE0FFF026C863
:10E48000B9102D85F7C8B9102D85F1C6F7E6F7C884
:10E49000B9102D9500C6F1A5F1C900D0F0C8BE1085
:10E4A0002DE0FFD0D3A90485F7A5CF29EF85CFA90B
:10E4B0000185F760A90485F7A5CF091085CFA000D5
:10E4C000BE102EE0FFF026C8B9102E85F7C8B9108F
:10E4D0002E85F1C6F7E6F7C8B9102E9500C6F1A54E
:10E4E000F1C900D0F0C8BE102EE0FFD0D3A904853A
:10E4F000F7A5CF29EF85CFA90185F760A90485F796
:10E50000A5CF091085CF60A90485F7A5CF29EF8590
:10E51000CF608A48A21EEACAD0FC68AA608A48A2D4
:10E5200004EACAD0FC68AA608A48A20DEACAD0FCF4
:10E5300068AA608A48A21EEACAD0FC68AA608A4813
:10E54000A29DEACAD0FC68AA608A48A2F8EAEACA90
:10E55000D0FB68AA6020492520492520492520496B
:10E5600025204925204925204925204925204925C0
:10E5700020492560FFFFFFFFFFFFFFFFFFFFFFFFB9
:10E58000FFFFFFFFFFFFFFFFFFFFFFFFFFFFFFFF9B
:10E59000FFFFFFFFFFFFFFFFFFFFFFFFFFFFFFFF8B
:10E5A000FFFFFFFFFFFFFFFFFFFFFFFFFFFFFFFF7B
:10E5B000FFFFFFFFFFFFFFFFFFFFFFFFFFFFFFFF6B
:10E5C000FFFFFFFFFFFFFFFFFFFFFFFFFFFFFFFF5B
:10E5D000FFFFFFFFFFFFFFFFFFFFFFFFFFFFFFFF4B
:10E5E000FFFFFFFFFFFFFFFFFFFFFFFFFFFFFFFF3B
:10E5F000FFFFFFFFFFFFFFFFFFFFFFFFFFFFFFFF2B
:10E60000FFFFFFFFFFFFFFFFFFFFFFFFFFFFFFFF1A
:10E61000FFFFFFFFFFFFFFFFFFFFFFFFFFFFFFFF0A
:10E62000FFFFFFFFFFFFFFFFFFFFFFFFFFFFFFFFFA
:10E63000FFFFFFFFFFFFFFFFFFFFFFFFFFFFFFFFEA
:10E64000FFFFFFFFFFFFFFFFFFFFFFFFFFFFFFFFDA
:10E65000FFFFFFFFFFFFFFFFFFFFFFFFFFFFFFFFCA
:10E66000FFFFFFFFFFFFFFFFFFFFFFFFFFFFFFFFBA
:10E67000FFFFFFFFFFFFFFFFFFFFFFFFFFFFFFFFAA
:10E68000FFFFFFFFFFFFFFFFFFFFFFFFFFFFFFFF9A
:10E69000FFFFFFFFFFFFFFFFFFFFFFFFFFFFFFFF8A
:10E6A000FFFFFFFFFFFFFFFFFFFFFFFFFFFFFFFF7A
:10E6B000FFFFFFFFFFFFFFFFFFFFFFFFFFFFFFFF6A
:10E6C000FFFFFFFFFFFFFFFFFFFFFFFFFFFFFFFF5A
:10E6D000FFFFFFFFFFFFFFFFFFFFFFFFFFFFFFFF4A
:10E6E000FFFFFFFFFFFFFFFFFFFFFFFFFFFFFFFF3A
:10E6F000FFFFFFFFFFFFFFFFFFFFFFFFFFFFFFFF2A
:10E70000FFFFFFFFFFFFFFFFFFFFFFFFFFFFFFFF19
:10E71000B9010383192AC30103000000B6010300F5
:10E720000000D701160000000000000000000000FB
:10E730000000000000000000000000B6410100B130
:10E7400001170000000000000000000000000000B1
:10E75000000000000000000000B1410600000000C1
:10E760000000B18103000000B3012200000000009E
:10E770000000000000000000000000000000000099
:10E7800000000000000000000000000000BC0103C9
:10E79000000000D201020000BF01080000000000DC
:10E7A000000000B201220000000000000000000094
:10E7B0000000000000000000000000000000000059
:10E7C0000000000000000000B2410100B281020020
:10E7D00000B2C10F000000000000000000000000B7
:10E7E000000000C0010A000000000000000000005E
:10E7F000C0810700000000000000C6010400000006
:10E8000000C841020000C881020000FFFFFFFFFFB7
:10E81000B4013A0000000000000000000000000009
:10E8200000000000000000000000000000000000E8
:10E8300000000000000000000000000000000000D8
:10E8400000000000000000000000000000B44108CB
:10E850000000000000000000B4810700000000007C
:10E860000000B4C109000000000000000000C70162
:10E870001000000000000000000000000000000088
:10E8800000C9010400000000CC01020000CE010418
:10E8900000000000D181180000000000000000000E
:10E8A000000000000000000000000000000000D494
:10E8B000010400000000D901050000000000DA0199
:10E8C0000C000000000000000000000000DA41031E
:10E8D000000000D30137000000000000000000002D
:10E8E0000000000000000000000000000000000028
:10E8F0000000000000000000000000000000000018
:10E9000000000000000000000000000000FFFFFF0A
:10E91000D3411200000000000000000000000000D1
:10E920000000000000D3810C000000000000000087
:10E9300000000000D3C1160000000000000000002D
:10E9400000000000000000000000000000D5013CB5
:10E9500000000000000000000000000000000000B7
:10E9600000000000000000000000000000000000A7
:10E970000000000000000000000000000000000097
:10E98000000000000000000000000000D54102006F
:10E9900000D5811000000000000000000000000011
:10E9A00000000000D6013C00000000000000000054
:10E9B0000000000000000000000000000000000057
:10E9C0000000000000000000000000000000000047
:10E9D0000000000000000000000000000000000037
:10E9E000000000D641080000000000000000E8011F
:10E9F00009000000000000000000E8410100FFFFE6
:10EA0000FFFFFFFFFFFFFFFFFFFFFFFFFFFFFFFF16
:10EA1000D8012D00000000000000000000000000F0
:10EA200000000000000000000000000000000000E6
:10EA300000000000000000000000000000000000D6
:10EA4000D8412D0000000000000000000000000080
:10EA500000000000000000000000000000000000B6
:10EA600000000000000000000000000000000000A6
:10EA7000D88110000000000000000000000000002D
:10EA8000000000D8C12000000000000000000000CD
:10EA90000000000000000000000000000000000076
:10EAA000000000000000E7012A0000000000000054
:10EAB0000000000000000000000000000000000056
:10EAC0000000000000000000000000000000000046
:10EAD000000000E74109000000000000000000E71E
:10EAE000812600000000000000000000000000007F
:10EAF0000000000000000000000000000000000016
:10EB00000000000000000000B8010100FFFFFFFF4F
:10EB1000B8010100B841050000000000B881030001
:10EB20000000BF81020000B341310000000000007E
:10EB300000000000000000000000000000000000D5
:10EB400000000000000000000000000000000000C5
:10EB50000000000000000000000000B38130000051
:10EB600000000000000000000000000000000000A5
:10EB70000000000000000000000000000000000095
:10EB80000000000000000000000000000000B3C111
:10EB9000050000000000BA0118000000000000009D
:10EBA0000000000000000000000000000000000065
:10EBB00000BA412100000000000000000000000039
:10EBC0000000000000000000000000000000000045
:10EBD0000000000000CA01020000CA411800000045
:10EBE0000000000000000000000000000000000025
:10EBF0000000000000FFFFFFFFFFFFFFFFFFFFFF20
:10EC0000FFFFFFFFFFFFFFFFFFFFFFFFFFFFFFFF14
:10EC1000D4811D0000000000000000000000000082
:10EC200000000000000000000000000000000000E4
:10EC3000D4C11D0000000000000000000000000022
:10EC400000000000000000000000000000000000C4
:10EC5000C101020000C141260000000000000000C8
:10EC600000000000000000000000000000000000A4
:10EC70000000000000000000000000000000C18152
:10EC8000260000000000000000000000000000005E
:10EC90000000000000000000000000000000000074
:10ECA00000000000000000C1C126000000000000BC
:10ECB0000000000000000000000000000000000054
:10ECC0000000000000000000000000000000000044
:10ECD000CB010700000000000000CB41060000004F
:10ECE000000000D4410400000000E5010100E541FE
:10ECF0000400000000E581020000FFFFFFFFFFFFAE
:10ED0000FFFFFFFFFFFFFFFFFFFFFFFFFFFFFFFF13
:10ED1000E0013F00000000000000000000000000D3
:10ED200000000000000000000000000000000000E3
:10ED300000000000000000000000000000000000D3
:10ED400000000000000000000000000000000000C3
:10ED50000000E0413B000000000000000000000057
:10ED600000000000000000000000000000000000A3
:10ED70000000000000000000000000000000000093
:10ED80000000000000000000000000000000000083
:10ED9000E0813300000000000000000000000000DF
:10EDA0000000000000000000000000000000000063
:10EDB0000000000000000000000000000000000053
:10EDC000000000000000E0C1090000000000000099
:10EDD0000000B1C13200000000000000000000008F
:10EDE0000000000000000000000000000000000023
:10EDF0000000000000000000000000000000000013
:10EE000000000000000000FFFFFFFFFFFFFFFFFF0B
:10EE1000E4011F00000000000000000000000000EE
:10EE200000000000000000000000000000000000E2
:10EE30000000E44129000000000000000000000084
:10EE400000000000000000000000000000000000C2
:10EE50000000000000000000000000000000E4814D
:10EE6000280000000000000000000000000000007A
:10EE70000000000000000000000000000000000092
:10EE8000000000000000000000E4C11100000000CC
:10EE900000000000000000000000000000C141264A
:10EEA0000000000000000000000000000000000062
:10EEB0000000000000000000000000000000000052
:10EEC000000000000000C1812600000000000000DA
:10EED0000000000000000000000000000000000032
:10EEE000000000000000000000000000000000C161
:10EEF000C11700000000000000000000000000003A
:10EF0000000000000000000000B7010101FFFFFF4A
:10EF1000FFFFFFFFFFFFFFFFFFFFFFFFFFFFFFFF01
:10EF2000FFFFFFFFFFFFFFFFFFFFFFFFFFFFFFFFF1
:10EF3000FFFFFFFFFFFFFFFFFFFFFFFFFFFFFFFFE1
:10EF4000FFFFFFFFFFFFFFFFFFFFFFFFFFFFFFFFD1
:10EF5000FFFFFFFFFFFFFFFFFFFFFFFFFFFFFFFFC1
:10EF6000FFFFFFFFFFFFFFFFFFFFFFFFFFFFFFFFB1
:10EF7000FFFFFFFFFFFFFFFFFFFFFFFFFFFFFFFFA1
:10EF8000FFFFFFFFFFFFFFFFFFFFFFFFFFFFFFFF91
:10EF9000FFFFFFFFFFFFFFFFFFFFFFFFFFFFFFFF81
:10EFA000FFFFFFFFFFFFFFFFFFFFFFFFFFFFFFFF71
:10EFB000FFFFFFFFFFFFFFFFFFFFFFFFFFFFFFFF61
:10EFC000FFFFFFFFFFFFFFFFFFFFFFFFFFFFFFFF51
:10EFD000FFFFFFFFFFFFFFFFFFFFFFFFFFFFFFFF41
:10EFE000FFFFFFFFFFFFFFFFFFFFFFFFFFFFFFFF31
:10EFF000FFFF020101145493022103194BFA2E2042
:10F000000A0000000800078000000F1A0600000038
:10F010000C00078000000F009000000064000780D3
:10F0200000000F1955000000180000C000000F1765
:10F03000010000004000008000000F0300040000F9
:10F04000000000200008C31700000000000000209E
:10F050000000E706000000000000000000000000C3
:10F0600000000000000000000000000000000000A0
:10F070000000000000000000000000000000000090
:10F080000000000000000000000000000000000080
:10F090000000000000000000000000000000000070
:10F0A0000000000000000000000000000000000060
:10F0B0000000000000000000000000000000000050
:10F0C0000000000000000000000000000000000040
:10F0D0000000000000000000000000000000000030
:10F0E0000000000000000000000000000000000020
:10F0F0000000000000000000000000000000000010
:10F1000000000000000000000000000000000000FF
:10F1100000000000000000000000000000000000EF
:10F1200000000000000000000000000000000000DF
:10F1300000000000000000000000000000000000CF
:10F1400000000000000000000000000000000000BF
:10F1500000000000000000000000000000000000AF
:10F16000000000000000000000000000000000009F
:10F17000000000000000000000000000000000008F
:10F18000000000000000000000000000000000007F
:10F19000000000000000000000000000000000006F
:10F1A000000000000000000000000000000000005F
:10F1B000000000000000000000000000000000004F
:10F1C000000000000000000000000000000000003F
:10F1D000000000000000000000000000000000002F
:10F1E000000000000000000000000000000000001F
:10F1F000000000000000000000000000000000000F
:10F2000000000000000000000000000000000000FE
:10F2100000000000000000000000000000000000EE
:10F2200000000000000000000000000000000000DE
:10F2300000000000000000000000000000000000CE
:10F2400000000000000000000000000000000000BE
:10F2500000000000000000000000000000000000AE
:10F26000000000000000000000000000000000009E
:10F27000000000000000000000000000000000008E
:10F28000000000000000000000000000000000007E
:10F29000000000000000000000000000000000006E
:10F2A000000000000000000000000000000000005E
:10F2B000000000000000000000000000000000004E
:10F2C000000000000000000000000000000000003E
:10F2D000000000000000000000000000000000002E
:10F2E000000000000000000000000000000000001E
:10F2F000000000000000000000000000000000000E
:10F3000000000000000000000000000000000000FD
:10F3100000000000000000000000000000000000ED
:10F3200000000000000000000000000000000000DD
:10F3300000000000000000000000000000000000CD
:10F3400000000000000000000000000000000000BD
:10F3500000000000000000000000000000000000AD
:10F36000000000000000000000000000000000009D
:10F37000000000000000000000000000000000008D
:10F38000000000000000000000000000000000007D
:10F39000000000000000000000000000000000006D
:10F3A000000000000000000000000000000000005D
:10F3B000000000000000000000000000000000004D
:10F3C000000000000000000000000000000000003D
:10F3D000000000000000000000000000000000002D
:10F3E000000000000000000000000000000000001D
:10F3F000000000000000000000000000000000000D
:10F4000000000000000000000000000000000000FC
:10F4100000000000000000000000000000000000EC
:10F4200000000000000000000000000000000000DC
:10F4300000000000000000000000000000000000CC
:10F4400000000000000000000000000000000000BC
:10F4500000000000000000000000000000000000AC
:10F46000000000000000000000000000000000009C
:10F47000000000000000000000000000000000008C
:10F48000000000000000000000000000000000007C
:10F49000000000000000000000000000000000006C
:10F4A000000000000000000000000000000000005C
:10F4B000000000000000000000000000000000004C
:10F4C000000000000000000000000000000000003C
:10F4D000000000000000000000000000000000002C
:10F4E000000000000000000000000000000000001C
:10F4F000000000000000000000000000000000000C
:10F5000000000000000000000000000000000000FB
:10F5100000000000000000000000000000000000EB
:10F5200000000000000000000000000000000000DB
:10F5300000000000000000000000000000000000CB
:10F5400000000000000000000000000000000000BB
:10F5500000000000000000000000000000000000AB
:10F56000000000000000000000000000000000009B
:10F57000000000000000000000000000000000008B
:10F58000000000000000000000000000000000007B
:10F59000000000000000000000000000000000006B
:10F5A000000000000000000000000000000000005B
:10F5B000000000000000000000000000000000004B
:10F5C000000000000000000000000000000000003B
:10F5D000000000000000000000000000000000002B
:10F5E000000000000000000000000000000000001B
:10F5F000000000000000000000000000000000000B
:10F6000000000000000000000000000000000000FA
:10F6100000000000000000000000000000000000EA
:10F6200000000000000000000000000000000000DA
:10F6300000000000000000000000000000000000CA
:10F6400000000000000000000000000000000000BA
:10F6500000000000000000000000000000000000AA
:10F66000000000000000000000000000000000009A
:10F67000000000000000000000000000000000008A
:10F68000000000000000000000000000000000007A
:10F69000000000000000000000000000000000006A
:10F6A000000000000000000000000000000000005A
:10F6B000000000000000000000000000000000004A
:10F6C000000000000000000000000000000000003A
:10F6D000000000000000000000000000000000002A
:10F6E000000000000000000000000000000000001A
:10F6F000000000000000000000000000000000000A
:10F7000000000000000000000000000000000000F9
:10F7100000000000000000000000000000000000E9
:10F7200000000000000000000000000000000000D9
:10F7300000000000000000000000000000000000C9
:10F7400000000000000000000000000000000000B9
:10F7500000000000000000000000000000000000A9
:10F760000000000000000000000000000000000099
:10F770000000000000000000000000000000000089
:10F780000000000000000000000000000000000079
:10F790000000000000000000000000000000000069
:10F7A0000000000000000000000000000000000059
:10F7B0000000000000000000000000000000000049
:10F7C0000000000000000000000000000000000039
:10F7D0000000000000000000000000000000000029
:10F7E0000000000000000000000000000000000019
:10F7F0000000000000000000000000000000000009
:10F8000000000000000000000000000000000000F8
:10F8100000000000000000000000000000000000E8
:10F8200000000000000000000000000000000000D8
:10F8300000000000000000000000000000000000C8
:10F8400000000000000000000000000000000000B8
:10F8500000000000000000000000000000000000A8
:10F860000000000000000000000000000000000098
:10F870000000000000000000000000000000000088
:10F880000000000000000000000000000000000078
:10F890000000000000000000000000000000000068
:10F8A0000000000000000000000000000000000058
:10F8B0000000000000000000000000000000000048
:10F8C0000000000000000000000000000000000038
:10F8D0000000000000000000000000000000000028
:10F8E0000000000000000000000000000000000018
:10F8F0000000000000000000000000000000000008
:10F9000000000000000000000000000000000000F7
:10F9100000000000000000000000000000000000E7
:10F9200000000000000000000000000000000000D7
:10F9300000000000000000000000000000000000C7
:10F9400000000000000000000000000000000000B7
:10F9500000000000000000000000000000000000A7
:10F960000000000000000000000000000000000097
:10F970000000000000000000000000000000000087
:10F980000000000000000000000000000000000077
:10F990000000000000000000000000000000000067
:10F9A0000000000000000000000000000000000057
:10F9B0000000000000000000000000000000000047
:10F9C0000000000000000000000000000000000037
:10F9D0000000000000000000000000000000000027
:10F9E0000000000000000000000000000000000017
:10F9F0000000000000000000000000000000000007
:10FA000000000000000000000000000000000000F6
:10FA100000000000000000000000000000000000E6
:10FA200000000000000000000000000000000000D6
:10FA300000000000000000000000000000000000C6
:10FA400000000000000000000000000000000000B6
:10FA500000000000000000000000000000000000A6
:10FA60000000000000000000000000000000000096
:10FA70000000000000000000000000000000000086
:10FA80000000000000000000000000000000000076
:10FA90000000000000000000000000000000000066
:10FAA0000000000000000000000000000000000056
:10FAB0000000000000000000000000000000000046
:10FAC0000000000000000000000000000000000036
:10FAD0000000000000000000000000000000000026
:10FAE0000000000000000000000000000000000016
:10FAF0000000000000000000000000000000000006
:10FB000000000000000000000000000000000000F5
:10FB100000000000000000000000000000000000E5
:10FB200000000000000000000000000000000000D5
:10FB300000000000000000000000000000000000C5
:10FB400000000000000000000000000000000000B5
:10FB500000000000000000000000000000000000A5
:10FB60000000000000000000000000000000000095
:10FB70000000000000000000000000000000000085
:10FB80000000000000000000000000000000000075
:10FB90000000000000000000000000000000000065
:10FBA0000000000000000000000000000000000055
:10FBB0000000000000000000000000000000000045
:10FBC0000000000000000000000000000000000035
:10FBD0000000000000000000000000000000000025
:10FBE0000000000000000000000000000000000015
:10FBF000000000000F000000530000002DF16B76A4
:00000001FF
